OrderID,ProductID,UnitPrice,Quantity
10277,28,36.4,20
10277,62,39.4,12
10298,2,15.2,40
10298,36,15.2,40
10298,59,44.0,30
10298,62,39.4,15
10386,24,3.6,15
10386,34,11.2,10
10455,39,14.4,20
10455,53,26.2,50
10455,61,22.8,25
10455,71,17.2,30
10458,26,24.9,30
10458,28,36.4,30
10458,43,36.8,20
10458,56,30.4,15
10458,71,17.2,50
10460,68,10.0,21
10460,75,6.2,4
10478,10,24.8,20
10510,29,123.79,36
10510,75,7.75,36
10525,36,19.0,30
10525,40,18.4,15
10569,31,12.5,35
10569,76,18.0,30
10571,14,23.25,11
10571,42,14.0,28
10590,1,18.0,20
10590,77,13.0,60
10625,14,23.25,3
10625,42,14.0,5
10625,60,34.0,10
10650,30,25.89,30
10650,53,32.8,25
10650,54,7.45,30
10655,41,9.65,20
10679,59,55.0,12
10680,16,17.45,50
10680,31,12.5,20
10680,42,14.0,40
10681,19,9.2,30
10681,21,10.0,12
10681,64,33.25,28
10723,26,31.23,15
10740,28,45.6,5
10740,35,18.0,35
10740,45,9.5,40
10740,56,38.0,14
10785,10,31.0,10
10785,75,7.75,10
10816,38,263.5,30
10816,62,49.3,20
10908,7,30.0,20
10908,52,7.0,14
11007,8,40.0,30
11007,29,123.79,10
11007,42,14.0,14
11010,7,30.0,20
11010,24,4.5,10
11015,30,25.89,15
11015,77,13.0,18
11019,46,12.0,3
11019,49,20.0,2
11141,4,22.0,24
11141,7,30.0,10
11141,13,6.0,46
11141,14,23.25,10
11141,17,39.0,26
11141,19,9.2,10
11141,20,81.0,36
11141,21,10.0,31
11141,24,4.5,38
11141,30,25.89,21
11141,45,9.5,10
11141,48,12.75,50
11141,49,20.0,26
11141,51,53.0,13
11141,52,7.0,13
11141,54,7.45,42
11141,56,38.0,47
11141,60,34.0,6
11141,74,10.0,37
11141,76,18.0,49
11159,1,18.0,36
11159,2,19.0,23
11159,4,22.0,50
11159,6,25.0,3
11159,9,97.0,2
11159,10,31.0,16
11159,11,21.0,7
11159,13,6.0,12
11159,14,23.25,18
11159,15,15.5,35
11159,19,9.2,30
11159,20,81.0,9
11159,30,25.89,12
11159,31,12.5,28
11159,33,2.5,4
11159,35,18.0,45
11159,36,19.0,16
11159,37,26.0,34
11159,40,18.4,23
11159,43,46.0,9
11159,44,19.45,43
11159,45,9.5,1
11159,46,12.0,16
11159,48,12.75,39
11159,50,16.25,24
11159,53,32.8,5
11159,55,24.0,22
11159,57,19.5,20
11159,58,13.25,12
11159,59,55.0,45
11159,60,34.0,15
11159,61,28.5,3
11159,65,21.05,4
11159,66,17.0,44
11159,67,14.0,47
11159,68,12.5,20
11159,70,15.0,10
11159,71,21.5,16
11159,73,15.0,21
11159,75,7.75,8
11159,77,13.0,50
11164,1,18.0,39
11164,4,22.0,7
11164,5,21.35,26
11164,6,25.0,5
11164,7,30.0,14
11164,8,40.0,31
11164,10,31.0,12
11164,12,38.0,9
11164,18,62.5,27
11164,20,81.0,29
11164,24,4.5,47
11164,25,14.0,10
11164,27,43.9,49
11164,28,45.6,10
11164,30,25.89,2
11164,34,14.0,28
11164,35,18.0,40
11164,36,19.0,43
11164,37,26.0,16
11164,39,18.0,13
11164,40,18.4,9
11164,42,14.0,18
11164,47,9.5,34
11164,49,20.0,47
11164,50,16.25,21
11164,51,53.0,9
11164,57,19.5,45
11164,58,13.25,31
11164,61,28.5,47
11164,62,49.3,15
11164,63,43.9,2
11164,65,21.05,8
11164,66,17.0,25
11164,67,14.0,3
11164,68,12.5,38
11164,70,15.0,29
11164,71,21.5,27
11164,72,34.8,21
11168,1,18.0,17
11168,2,19.0,24
11168,3,10.0,16
11168,4,22.0,3
11168,5,21.35,3
11168,6,25.0,4
11168,7,30.0,41
11168,9,97.0,44
11168,10,31.0,34
11168,11,21.0,32
11168,12,38.0,7
11168,13,6.0,20
11168,14,23.25,24
11168,15,15.5,38
11168,16,17.45,44
11168,17,39.0,33
11168,18,62.5,40
11168,19,9.2,4
11168,20,81.0,32
11168,22,21.0,46
11168,23,9.0,29
11168,26,31.23,6
11168,27,43.9,22
11168,28,45.6,25
11168,29,123.79,47
11168,30,25.89,16
11168,31,12.5,21
11168,32,32.0,39
11168,33,2.5,28
11168,34,14.0,7
11168,36,19.0,3
11168,37,26.0,34
11168,38,263.5,3
11168,39,18.0,18
11168,40,18.4,38
11168,42,14.0,3
11168,43,46.0,44
11168,44,19.45,1
11168,45,9.5,12
11168,46,12.0,18
11168,47,9.5,35
11168,48,12.75,33
11168,49,20.0,42
11168,50,16.25,41
11168,51,53.0,32
11168,52,7.0,31
11168,53,32.8,48
11168,54,7.45,45
11168,55,24.0,32
11168,56,38.0,48
11168,57,19.5,45
11168,58,13.25,25
11168,59,55.0,31
11168,60,34.0,12
11168,61,28.5,29
11168,62,49.3,43
11168,63,43.9,47
11168,64,33.25,10
11168,65,21.05,8
11168,66,17.0,8
11168,67,14.0,36
11168,68,12.5,41
11168,69,36.0,43
11168,70,15.0,46
11168,72,34.8,24
11168,73,15.0,32
11168,74,10.0,21
11168,75,7.75,43
11168,76,18.0,28
11168,77,13.0,3
11284,1,18.0,29
11284,3,10.0,33
11284,7,30.0,9
11284,8,40.0,10
11284,10,31.0,34
11284,11,21.0,48
11284,13,6.0,6
11284,14,23.25,37
11284,15,15.5,10
11284,17,39.0,30
11284,19,9.2,13
11284,20,81.0,42
11284,21,10.0,18
11284,22,21.0,34
11284,23,9.0,37
11284,24,4.5,13
11284,25,14.0,40
11284,28,45.6,9
11284,29,123.79,31
11284,30,25.89,32
11284,32,32.0,17
11284,33,2.5,15
11284,35,18.0,8
11284,36,19.0,12
11284,37,26.0,15
11284,39,18.0,32
11284,40,18.4,29
11284,41,9.65,49
11284,45,9.5,38
11284,47,9.5,1
11284,48,12.75,35
11284,49,20.0,3
11284,50,16.25,4
11284,51,53.0,14
11284,52,7.0,41
11284,53,32.8,44
11284,54,7.45,11
11284,55,24.0,2
11284,56,38.0,28
11284,57,19.5,16
11284,58,13.25,14
11284,59,55.0,35
11284,60,34.0,7
11284,61,28.5,27
11284,62,49.3,45
11284,63,43.9,17
11284,64,33.25,41
11284,65,21.05,29
11284,66,17.0,4
11284,67,14.0,33
11284,68,12.5,41
11284,70,15.0,46
11284,72,34.8,29
11284,77,13.0,6
11314,6,25.0,46
11314,7,30.0,22
11314,8,40.0,15
11314,10,31.0,9
11314,12,38.0,10
11314,20,81.0,40
11314,27,43.9,31
11314,32,32.0,23
11314,34,14.0,14
11314,40,18.4,31
11314,48,12.75,28
11314,52,7.0,31
11314,58,13.25,1
11314,62,49.3,47
11314,68,12.5,22
11314,70,15.0,39
11314,73,15.0,50
11314,77,13.0,31
11428,1,18.0,24
11428,2,19.0,21
11428,3,10.0,20
11428,6,25.0,13
11428,8,40.0,43
11428,9,97.0,49
11428,11,21.0,18
11428,12,38.0,29
11428,13,6.0,30
11428,14,23.25,35
11428,15,15.5,3
11428,16,17.45,3
11428,17,39.0,11
11428,18,62.5,33
11428,20,81.0,20
11428,21,10.0,36
11428,22,21.0,38
11428,23,9.0,6
11428,25,14.0,29
11428,26,31.23,10
11428,28,45.6,22
11428,29,123.79,38
11428,30,25.89,31
11428,32,32.0,22
11428,33,2.5,19
11428,34,14.0,22
11428,37,26.0,29
11428,38,263.5,2
11428,40,18.4,22
11428,41,9.65,49
11428,42,14.0,44
11428,43,46.0,35
11428,44,19.45,41
11428,45,9.5,34
11428,46,12.0,9
11428,47,9.5,22
11428,49,20.0,29
11428,52,7.0,24
11428,54,7.45,47
11428,55,24.0,31
11428,56,38.0,10
11428,57,19.5,11
11428,58,13.25,15
11428,59,55.0,33
11428,60,34.0,43
11428,61,28.5,34
11428,63,43.9,21
11428,64,33.25,8
11428,65,21.05,24
11428,67,14.0,28
11428,68,12.5,9
11428,69,36.0,25
11428,70,15.0,13
11428,71,21.5,24
11428,72,34.8,30
11428,73,15.0,15
11428,74,10.0,21
11428,76,18.0,31
11428,77,13.0,27
11474,1,18.0,15
11474,2,19.0,36
11474,3,10.0,23
11474,5,21.35,24
11474,6,25.0,50
11474,7,30.0,2
11474,8,40.0,42
11474,9,97.0,50
11474,10,31.0,33
11474,12,38.0,9
11474,14,23.25,25
11474,15,15.5,2
11474,17,39.0,39
11474,18,62.5,31
11474,19,9.2,8
11474,21,10.0,41
11474,23,9.0,40
11474,24,4.5,44
11474,27,43.9,18
11474,30,25.89,21
11474,31,12.5,37
11474,32,32.0,9
11474,33,2.5,30
11474,34,14.0,45
11474,35,18.0,5
11474,37,26.0,42
11474,40,18.4,16
11474,42,14.0,24
11474,43,46.0,44
11474,44,19.45,18
11474,45,9.5,2
11474,46,12.0,33
11474,47,9.5,19
11474,49,20.0,10
11474,50,16.25,38
11474,51,53.0,9
11474,52,7.0,41
11474,54,7.45,27
11474,55,24.0,6
11474,58,13.25,39
11474,60,34.0,22
11474,61,28.5,36
11474,63,43.9,26
11474,64,33.25,4
11474,66,17.0,36
11474,67,14.0,48
11474,68,12.5,19
11474,69,36.0,38
11474,70,15.0,9
11474,71,21.5,18
11474,72,34.8,6
11474,73,15.0,39
11474,75,7.75,40
11474,76,18.0,9
11474,77,13.0,35
11499,5,21.35,16
11499,10,31.0,42
11499,16,17.45,8
11499,17,39.0,21
11499,19,9.2,16
11499,20,81.0,50
11499,27,43.9,50
11499,30,25.89,34
11499,45,9.5,1
11499,48,12.75,18
11499,50,16.25,46
11499,53,32.8,6
11499,58,13.25,36
11499,59,55.0,26
11499,73,15.0,26
11513,1,18.0,23
11513,2,19.0,32
11513,3,10.0,23
11513,4,22.0,16
11513,5,21.35,32
11513,6,25.0,37
11513,7,30.0,47
11513,8,40.0,31
11513,9,97.0,4
11513,10,31.0,4
11513,11,21.0,14
11513,12,38.0,11
11513,13,6.0,47
11513,14,23.25,39
11513,15,15.5,6
11513,16,17.45,44
11513,17,39.0,13
11513,18,62.5,15
11513,19,9.2,48
11513,20,81.0,6
11513,21,10.0,16
11513,22,21.0,13
11513,23,9.0,8
11513,24,4.5,30
11513,25,14.0,27
11513,27,43.9,43
11513,28,45.6,47
11513,29,123.79,30
11513,30,25.89,39
11513,31,12.5,25
11513,32,32.0,7
11513,33,2.5,38
11513,34,14.0,10
11513,36,19.0,13
11513,37,26.0,20
11513,38,263.5,7
11513,39,18.0,10
11513,40,18.4,2
11513,41,9.65,27
11513,42,14.0,41
11513,43,46.0,17
11513,44,19.45,48
11513,45,9.5,28
11513,46,12.0,37
11513,47,9.5,17
11513,49,20.0,2
11513,50,16.25,35
11513,51,53.0,26
11513,52,7.0,23
11513,54,7.45,10
11513,55,24.0,21
11513,56,38.0,18
11513,57,19.5,43
11513,58,13.25,22
11513,59,55.0,37
11513,60,34.0,50
11513,61,28.5,41
11513,62,49.3,18
11513,64,33.25,22
11513,65,21.05,36
11513,66,17.0,47
11513,68,12.5,5
11513,69,36.0,16
11513,70,15.0,17
11513,71,21.5,43
11513,72,34.8,45
11513,74,10.0,40
11513,75,7.75,16
11513,76,18.0,22
11513,77,13.0,13
11516,1,18.0,12
11516,3,10.0,40
11516,5,21.35,10
11516,8,40.0,30
11516,10,31.0,23
11516,12,38.0,3
11516,13,6.0,25
11516,25,14.0,24
11516,26,31.23,31
11516,29,123.79,32
11516,30,25.89,50
11516,33,2.5,25
11516,34,14.0,42
11516,35,18.0,1
11516,40,18.4,19
11516,42,14.0,40
11516,44,19.45,15
11516,46,12.0,3
11516,47,9.5,14
11516,49,20.0,39
11516,51,53.0,27
11516,57,19.5,17
11516,62,49.3,20
11516,68,12.5,10
11516,72,34.8,45
11551,1,18.0,1
11551,2,19.0,20
11551,3,10.0,24
11551,4,22.0,35
11551,5,21.35,3
11551,9,97.0,32
11551,13,6.0,6
11551,14,23.25,21
11551,17,39.0,34
11551,20,81.0,17
11551,23,9.0,32
11551,25,14.0,35
11551,26,31.23,42
11551,27,43.9,41
11551,28,45.6,7
11551,30,25.89,9
11551,32,32.0,23
11551,33,2.5,8
11551,36,19.0,32
11551,37,26.0,43
11551,39,18.0,27
11551,40,18.4,29
11551,41,9.65,3
11551,42,14.0,34
11551,43,46.0,29
11551,44,19.45,18
11551,50,16.25,49
11551,51,53.0,42
11551,52,7.0,44
11551,54,7.45,33
11551,55,24.0,4
11551,56,38.0,4
11551,57,19.5,43
11551,58,13.25,33
11551,61,28.5,17
11551,63,43.9,4
11551,66,17.0,41
11551,69,36.0,43
11551,70,15.0,39
11551,71,21.5,9
11551,73,15.0,2
11551,74,10.0,8
11551,75,7.75,48
11551,76,18.0,4
11551,77,13.0,24
11560,1,18.0,49
11560,2,19.0,12
11560,3,10.0,24
11560,4,22.0,43
11560,5,21.35,35
11560,6,25.0,3
11560,8,40.0,36
11560,9,97.0,5
11560,10,31.0,27
11560,11,21.0,47
11560,14,23.25,28
11560,15,15.5,18
11560,17,39.0,28
11560,18,62.5,39
11560,19,9.2,42
11560,20,81.0,33
11560,21,10.0,46
11560,22,21.0,39
11560,23,9.0,22
11560,25,14.0,37
11560,26,31.23,32
11560,27,43.9,1
11560,28,45.6,38
11560,29,123.79,9
11560,30,25.89,4
11560,31,12.5,1
11560,32,32.0,38
11560,33,2.5,9
11560,35,18.0,49
11560,36,19.0,50
11560,37,26.0,42
11560,38,263.5,28
11560,39,18.0,47
11560,43,46.0,30
11560,44,19.45,6
11560,45,9.5,36
11560,46,12.0,25
11560,47,9.5,47
11560,48,12.75,1
11560,49,20.0,11
11560,50,16.25,7
11560,51,53.0,11
11560,53,32.8,20
11560,55,24.0,13
11560,56,38.0,12
11560,57,19.5,25
11560,60,34.0,27
11560,61,28.5,50
11560,62,49.3,47
11560,63,43.9,21
11560,64,33.25,15
11560,65,21.05,12
11560,68,12.5,11
11560,69,36.0,3
11560,71,21.5,13
11560,72,34.8,43
11560,73,15.0,44
11560,74,10.0,4
11596,7,30.0,1
11596,8,40.0,21
11596,10,31.0,17
11596,13,6.0,6
11596,15,15.5,13
11596,16,17.45,23
11596,17,39.0,39
11596,19,9.2,19
11596,20,81.0,7
11596,21,10.0,50
11596,23,9.0,23
11596,25,14.0,14
11596,26,31.23,24
11596,28,45.6,11
11596,29,123.79,16
11596,30,25.89,21
11596,33,2.5,35
11596,34,14.0,38
11596,35,18.0,42
11596,36,19.0,40
11596,38,263.5,1
11596,40,18.4,13
11596,41,9.65,3
11596,43,46.0,16
11596,44,19.45,16
11596,47,9.5,3
11596,48,12.75,41
11596,49,20.0,37
11596,51,53.0,12
11596,54,7.45,26
11596,57,19.5,4
11596,58,13.25,13
11596,63,43.9,35
11596,67,14.0,4
11596,68,12.5,10
11596,69,36.0,34
11596,70,15.0,44
11596,74,10.0,34
11596,76,18.0,4
11596,77,13.0,16
11609,3,10.0,42
11609,6,25.0,4
11609,7,30.0,24
11609,8,40.0,7
11609,12,38.0,37
11609,13,6.0,13
11609,14,23.25,50
11609,15,15.5,46
11609,16,17.45,6
11609,21,10.0,41
11609,25,14.0,35
11609,26,31.23,24
11609,27,43.9,47
11609,28,45.6,34
11609,29,123.79,39
11609,32,32.0,26
11609,33,2.5,31
11609,35,18.0,6
11609,37,26.0,20
11609,39,18.0,27
11609,40,18.4,28
11609,41,9.65,19
11609,45,9.5,42
11609,47,9.5,6
11609,48,12.75,35
11609,52,7.0,25
11609,55,24.0,13
11609,56,38.0,16
11609,59,55.0,39
11609,62,49.3,16
11609,63,43.9,45
11609,65,21.05,35
11609,68,12.5,12
11609,69,36.0,21
11609,70,15.0,20
11609,71,21.5,18
11624,1,18.0,6
11624,3,10.0,26
11624,7,30.0,6
11624,10,31.0,16
11624,12,38.0,42
11624,17,39.0,26
11624,19,9.2,17
11624,20,81.0,37
11624,24,4.5,29
11624,26,31.23,47
11624,28,45.6,36
11624,30,25.89,47
11624,31,12.5,9
11624,34,14.0,29
11624,49,20.0,18
11624,51,53.0,8
11624,54,7.45,21
11624,56,38.0,26
11624,57,19.5,10
11624,61,28.5,29
11624,63,43.9,47
11624,64,33.25,14
11624,73,15.0,27
11624,74,10.0,26
11624,75,7.75,45
11624,77,13.0,5
11684,2,19.0,17
11684,3,10.0,30
11684,5,21.35,16
11684,7,30.0,42
11684,9,97.0,7
11684,10,31.0,36
11684,11,21.0,14
11684,16,17.45,5
11684,19,9.2,39
11684,21,10.0,3
11684,22,21.0,36
11684,23,9.0,41
11684,26,31.23,38
11684,29,123.79,19
11684,32,32.0,24
11684,33,2.5,18
11684,35,18.0,11
11684,38,263.5,9
11684,41,9.65,5
11684,42,14.0,2
11684,45,9.5,23
11684,46,12.0,43
11684,47,9.5,38
11684,49,20.0,35
11684,51,53.0,48
11684,52,7.0,14
11684,53,32.8,23
11684,54,7.45,40
11684,56,38.0,32
11684,57,19.5,12
11684,59,55.0,49
11684,60,34.0,46
11684,61,28.5,19
11684,63,43.9,23
11684,64,33.25,19
11684,67,14.0,19
11684,72,34.8,47
11684,75,7.75,33
11684,76,18.0,15
11751,1,18.0,8
11751,4,22.0,29
11751,6,25.0,3
11751,8,40.0,8
11751,9,97.0,5
11751,11,21.0,44
11751,12,38.0,41
11751,14,23.25,38
11751,15,15.5,30
11751,18,62.5,33
11751,22,21.0,14
11751,23,9.0,34
11751,27,43.9,25
11751,28,45.6,22
11751,29,123.79,32
11751,31,12.5,38
11751,32,32.0,42
11751,33,2.5,23
11751,35,18.0,50
11751,37,26.0,38
11751,38,263.5,16
11751,40,18.4,8
11751,43,46.0,37
11751,44,19.45,49
11751,45,9.5,34
11751,46,12.0,23
11751,49,20.0,46
11751,50,16.25,47
11751,54,7.45,25
11751,56,38.0,16
11751,58,13.25,23
11751,60,34.0,36
11751,61,28.5,6
11751,62,49.3,24
11751,63,43.9,7
11751,64,33.25,8
11751,66,17.0,22
11751,67,14.0,47
11751,69,36.0,19
11751,70,15.0,21
11751,71,21.5,26
11751,72,34.8,45
11751,73,15.0,20
11751,75,7.75,35
11751,77,13.0,14
11761,1,18.0,30
11761,2,19.0,2
11761,3,10.0,9
11761,4,22.0,40
11761,5,21.35,1
11761,6,25.0,18
11761,7,30.0,24
11761,8,40.0,15
11761,9,97.0,10
11761,10,31.0,39
11761,11,21.0,26
11761,12,38.0,11
11761,13,6.0,44
11761,14,23.25,13
11761,15,15.5,26
11761,16,17.45,38
11761,17,39.0,32
11761,18,62.5,18
11761,19,9.2,32
11761,20,81.0,44
11761,22,21.0,19
11761,23,9.0,35
11761,24,4.5,44
11761,25,14.0,24
11761,26,31.23,43
11761,27,43.9,6
11761,28,45.6,50
11761,29,123.79,32
11761,30,25.89,10
11761,31,12.5,7
11761,32,32.0,24
11761,33,2.5,25
11761,34,14.0,46
11761,35,18.0,8
11761,37,26.0,10
11761,38,263.5,46
11761,39,18.0,26
11761,40,18.4,48
11761,41,9.65,19
11761,42,14.0,20
11761,43,46.0,25
11761,44,19.45,27
11761,45,9.5,45
11761,46,12.0,40
11761,47,9.5,45
11761,48,12.75,30
11761,49,20.0,39
11761,50,16.25,29
11761,51,53.0,20
11761,52,7.0,6
11761,53,32.8,19
11761,54,7.45,8
11761,55,24.0,17
11761,57,19.5,21
11761,58,13.25,30
11761,59,55.0,21
11761,60,34.0,18
11761,61,28.5,3
11761,62,49.3,14
11761,63,43.9,26
11761,64,33.25,25
11761,65,21.05,29
11761,66,17.0,45
11761,67,14.0,49
11761,68,12.5,44
11761,69,36.0,18
11761,70,15.0,46
11761,71,21.5,33
11761,72,34.8,37
11761,73,15.0,34
11761,74,10.0,28
11761,75,7.75,17
11761,76,18.0,6
11761,77,13.0,12
11770,1,18.0,20
11770,3,10.0,47
11770,4,22.0,38
11770,5,21.35,15
11770,6,25.0,50
11770,7,30.0,20
11770,8,40.0,40
11770,9,97.0,28
11770,11,21.0,35
11770,12,38.0,37
11770,14,23.25,26
11770,15,15.5,36
11770,16,17.45,48
11770,18,62.5,10
11770,19,9.2,48
11770,20,81.0,48
11770,21,10.0,18
11770,22,21.0,46
11770,23,9.0,26
11770,24,4.5,47
11770,25,14.0,32
11770,26,31.23,6
11770,27,43.9,25
11770,28,45.6,31
11770,29,123.79,35
11770,30,25.89,22
11770,31,12.5,11
11770,32,32.0,39
11770,33,2.5,17
11770,34,14.0,18
11770,35,18.0,13
11770,36,19.0,26
11770,37,26.0,28
11770,38,263.5,37
11770,39,18.0,6
11770,40,18.4,5
11770,41,9.65,4
11770,42,14.0,19
11770,44,19.45,7
11770,46,12.0,33
11770,47,9.5,4
11770,48,12.75,3
11770,49,20.0,7
11770,50,16.25,11
11770,51,53.0,9
11770,52,7.0,17
11770,53,32.8,8
11770,54,7.45,17
11770,56,38.0,13
11770,57,19.5,31
11770,58,13.25,37
11770,59,55.0,5
11770,60,34.0,4
11770,61,28.5,4
11770,62,49.3,45
11770,63,43.9,36
11770,64,33.25,45
11770,65,21.05,13
11770,66,17.0,15
11770,67,14.0,35
11770,68,12.5,19
11770,69,36.0,35
11770,70,15.0,45
11770,71,21.5,10
11770,72,34.8,33
11770,73,15.0,8
11770,74,10.0,13
11770,76,18.0,3
11770,77,13.0,29
11787,1,18.0,9
11787,2,19.0,8
11787,3,10.0,50
11787,4,22.0,50
11787,5,21.35,17
11787,6,25.0,5
11787,9,97.0,27
11787,10,31.0,45
11787,11,21.0,13
11787,12,38.0,16
11787,15,15.5,47
11787,16,17.45,33
11787,18,62.5,11
11787,21,10.0,5
11787,22,21.0,3
11787,23,9.0,2
11787,24,4.5,14
11787,25,14.0,3
11787,26,31.23,19
11787,33,2.5,2
11787,34,14.0,4
11787,38,263.5,43
11787,40,18.4,15
11787,42,14.0,23
11787,44,19.45,40
11787,45,9.5,19
11787,47,9.5,6
11787,48,12.75,29
11787,49,20.0,30
11787,50,16.25,12
11787,51,53.0,11
11787,52,7.0,30
11787,54,7.45,28
11787,55,24.0,18
11787,56,38.0,15
11787,57,19.5,29
11787,59,55.0,23
11787,60,34.0,38
11787,61,28.5,7
11787,62,49.3,2
11787,64,33.25,16
11787,65,21.05,6
11787,66,17.0,19
11787,67,14.0,17
11787,68,12.5,41
11787,69,36.0,4
11787,70,15.0,48
11787,71,21.5,16
11787,72,34.8,45
11787,73,15.0,24
11787,74,10.0,35
11787,75,7.75,34
11787,76,18.0,24
11787,77,13.0,49
11790,1,18.0,15
11790,2,19.0,48
11790,3,10.0,3
11790,6,25.0,12
11790,7,30.0,22
11790,8,40.0,24
11790,9,97.0,2
11790,11,21.0,8
11790,12,38.0,16
11790,13,6.0,50
11790,14,23.25,28
11790,15,15.5,37
11790,16,17.45,9
11790,17,39.0,5
11790,18,62.5,3
11790,19,9.2,28
11790,20,81.0,44
11790,21,10.0,23
11790,22,21.0,12
11790,23,9.0,12
11790,24,4.5,46
11790,25,14.0,38
11790,26,31.23,34
11790,27,43.9,4
11790,28,45.6,12
11790,29,123.79,32
11790,30,25.89,47
11790,31,12.5,31
11790,32,32.0,22
11790,33,2.5,23
11790,34,14.0,20
11790,36,19.0,18
11790,37,26.0,41
11790,38,263.5,44
11790,39,18.0,49
11790,40,18.4,13
11790,41,9.65,37
11790,43,46.0,35
11790,44,19.45,18
11790,45,9.5,40
11790,46,12.0,12
11790,47,9.5,23
11790,49,20.0,17
11790,50,16.25,50
11790,52,7.0,33
11790,53,32.8,28
11790,54,7.45,22
11790,56,38.0,36
11790,57,19.5,47
11790,58,13.25,1
11790,59,55.0,9
11790,60,34.0,43
11790,61,28.5,45
11790,62,49.3,45
11790,63,43.9,22
11790,64,33.25,46
11790,65,21.05,23
11790,66,17.0,38
11790,67,14.0,45
11790,68,12.5,4
11790,69,36.0,20
11790,70,15.0,25
11790,71,21.5,29
11790,72,34.8,34
11790,73,15.0,44
11790,74,10.0,44
11790,75,7.75,35
11790,76,18.0,31
11790,77,13.0,42
11808,1,18.0,7
11808,2,19.0,45
11808,15,15.5,18
11808,16,17.45,32
11808,21,10.0,28
11808,22,21.0,28
11808,25,14.0,17
11808,27,43.9,36
11808,30,25.89,49
11808,35,18.0,17
11808,40,18.4,32
11808,43,46.0,2
11808,44,19.45,14
11808,47,9.5,45
11808,48,12.75,11
11808,49,20.0,21
11808,55,24.0,35
11808,56,38.0,30
11808,57,19.5,13
11808,58,13.25,23
11808,64,33.25,40
11808,69,36.0,36
11808,71,21.5,23
11808,72,34.8,2
11808,73,15.0,44
11808,77,13.0,50
11824,1,18.0,9
11824,2,19.0,37
11824,3,10.0,22
11824,4,22.0,15
11824,5,21.35,36
11824,6,25.0,22
11824,7,30.0,20
11824,8,40.0,6
11824,9,97.0,4
11824,10,31.0,25
11824,11,21.0,36
11824,12,38.0,19
11824,13,6.0,19
11824,14,23.25,28
11824,15,15.5,3
11824,16,17.45,7
11824,17,39.0,49
11824,19,9.2,10
11824,20,81.0,26
11824,21,10.0,2
11824,22,21.0,47
11824,23,9.0,42
11824,24,4.5,14
11824,25,14.0,10
11824,26,31.23,49
11824,28,45.6,9
11824,29,123.79,47
11824,30,25.89,35
11824,31,12.5,26
11824,32,32.0,11
11824,33,2.5,13
11824,34,14.0,25
11824,35,18.0,34
11824,36,19.0,29
11824,37,26.0,38
11824,38,263.5,41
11824,39,18.0,26
11824,40,18.4,10
11824,41,9.65,32
11824,42,14.0,10
11824,43,46.0,29
11824,44,19.45,42
11824,45,9.5,1
11824,46,12.0,49
11824,47,9.5,26
11824,48,12.75,8
11824,49,20.0,14
11824,50,16.25,38
11824,51,53.0,49
11824,52,7.0,47
11824,53,32.8,32
11824,54,7.45,39
11824,55,24.0,6
11824,56,38.0,7
11824,57,19.5,8
11824,58,13.25,2
11824,59,55.0,9
11824,60,34.0,16
11824,61,28.5,2
11824,62,49.3,33
11824,63,43.9,41
11824,64,33.25,19
11824,65,21.05,22
11824,66,17.0,25
11824,67,14.0,13
11824,68,12.5,8
11824,69,36.0,15
11824,70,15.0,28
11824,71,21.5,39
11824,72,34.8,6
11824,73,15.0,23
11824,74,10.0,49
11824,75,7.75,44
11824,76,18.0,34
11824,77,13.0,13
11859,1,18.0,27
11859,9,97.0,38
11859,10,31.0,37
11859,11,21.0,45
11859,12,38.0,47
11859,13,6.0,27
11859,15,15.5,15
11859,16,17.45,47
11859,17,39.0,8
11859,18,62.5,40
11859,19,9.2,39
11859,20,81.0,8
11859,25,14.0,1
11859,26,31.23,28
11859,27,43.9,44
11859,28,45.6,29
11859,33,2.5,13
11859,34,14.0,44
11859,36,19.0,42
11859,38,263.5,29
11859,41,9.65,32
11859,44,19.45,45
11859,46,12.0,44
11859,48,12.75,17
11859,50,16.25,46
11859,51,53.0,5
11859,53,32.8,46
11859,57,19.5,44
11859,59,55.0,34
11859,60,34.0,10
11859,61,28.5,41
11859,66,17.0,32
11859,67,14.0,1
11859,68,12.5,50
11859,71,21.5,7
11859,74,10.0,24
11859,75,7.75,1
11890,1,18.0,23
11890,2,19.0,19
11890,4,22.0,33
11890,5,21.35,48
11890,6,25.0,13
11890,7,30.0,21
11890,8,40.0,17
11890,9,97.0,24
11890,10,31.0,45
11890,11,21.0,8
11890,12,38.0,27
11890,13,6.0,32
11890,14,23.25,38
11890,15,15.5,4
11890,16,17.45,36
11890,17,39.0,42
11890,18,62.5,43
11890,19,9.2,31
11890,20,81.0,43
11890,21,10.0,50
11890,22,21.0,28
11890,23,9.0,29
11890,24,4.5,2
11890,25,14.0,3
11890,26,31.23,6
11890,27,43.9,6
11890,28,45.6,38
11890,29,123.79,10
11890,30,25.89,42
11890,31,12.5,26
11890,32,32.0,8
11890,33,2.5,41
11890,34,14.0,41
11890,35,18.0,40
11890,36,19.0,49
11890,37,26.0,39
11890,38,263.5,35
11890,39,18.0,29
11890,40,18.4,9
11890,41,9.65,42
11890,42,14.0,22
11890,43,46.0,33
11890,44,19.45,25
11890,45,9.5,29
11890,46,12.0,18
11890,47,9.5,47
11890,48,12.75,7
11890,49,20.0,32
11890,50,16.25,45
11890,51,53.0,46
11890,52,7.0,32
11890,54,7.45,19
11890,55,24.0,42
11890,56,38.0,13
11890,57,19.5,50
11890,58,13.25,6
11890,59,55.0,30
11890,60,34.0,13
11890,61,28.5,48
11890,62,49.3,39
11890,63,43.9,4
11890,65,21.05,34
11890,66,17.0,36
11890,67,14.0,41
11890,68,12.5,33
11890,69,36.0,44
11890,70,15.0,39
11890,71,21.5,16
11890,72,34.8,38
11890,73,15.0,45
11890,74,10.0,26
11890,75,7.75,44
11890,76,18.0,43
11890,77,13.0,9
11911,26,31.23,17
11911,31,12.5,41
11911,33,2.5,1
11911,42,14.0,48
11911,46,12.0,45
11911,47,9.5,11
11911,61,28.5,31
11911,70,15.0,47
11969,1,18.0,33
11969,5,21.35,32
11969,7,30.0,47
11969,8,40.0,37
11969,9,97.0,27
11969,10,31.0,33
11969,13,6.0,8
11969,14,23.25,43
11969,15,15.5,41
11969,17,39.0,40
11969,18,62.5,26
11969,21,10.0,10
11969,23,9.0,8
11969,25,14.0,45
11969,26,31.23,29
11969,27,43.9,17
11969,28,45.6,34
11969,31,12.5,28
11969,33,2.5,6
11969,36,19.0,38
11969,37,26.0,17
11969,38,263.5,24
11969,42,14.0,16
11969,45,9.5,4
11969,49,20.0,17
11969,51,53.0,17
11969,52,7.0,13
11969,55,24.0,41
11969,59,55.0,14
11969,63,43.9,14
11969,64,33.25,40
11969,65,21.05,30
11969,66,17.0,14
11969,67,14.0,39
11969,69,36.0,37
11969,70,15.0,48
11969,71,21.5,34
11969,72,34.8,18
11969,73,15.0,44
11969,75,7.75,24
11979,3,10.0,9
11979,6,25.0,2
11979,9,97.0,4
11979,10,31.0,41
11979,13,6.0,25
11979,14,23.25,46
11979,21,10.0,5
11979,22,21.0,9
11979,23,9.0,34
11979,24,4.5,35
11979,26,31.23,16
11979,27,43.9,9
11979,29,123.79,46
11979,31,12.5,31
11979,35,18.0,44
11979,40,18.4,18
11979,42,14.0,49
11979,44,19.45,32
11979,45,9.5,47
11979,48,12.75,12
11979,51,53.0,17
11979,52,7.0,2
11979,63,43.9,40
11979,72,34.8,24
11979,73,15.0,16
12047,1,18.0,11
12047,3,10.0,28
12047,5,21.35,23
12047,14,23.25,50
12047,17,39.0,49
12047,18,62.5,16
12047,21,10.0,17
12047,23,9.0,19
12047,25,14.0,28
12047,29,123.79,28
12047,31,12.5,39
12047,32,32.0,6
12047,36,19.0,23
12047,41,9.65,5
12047,44,19.45,24
12047,45,9.5,22
12047,46,12.0,1
12047,47,9.5,3
12047,48,12.75,5
12047,49,20.0,3
12047,50,16.25,21
12047,51,53.0,32
12047,55,24.0,35
12047,59,55.0,25
12047,60,34.0,27
12047,61,28.5,50
12047,63,43.9,47
12047,67,14.0,43
12047,74,10.0,45
12047,76,18.0,46
12106,1,18.0,8
12106,2,19.0,43
12106,5,21.35,50
12106,6,25.0,15
12106,8,40.0,50
12106,9,97.0,45
12106,11,21.0,28
12106,12,38.0,10
12106,17,39.0,40
12106,21,10.0,10
12106,22,21.0,38
12106,24,4.5,19
12106,25,14.0,41
12106,31,12.5,32
12106,33,2.5,46
12106,35,18.0,29
12106,36,19.0,40
12106,37,26.0,16
12106,38,263.5,41
12106,42,14.0,19
12106,44,19.45,5
12106,45,9.5,28
12106,48,12.75,26
12106,49,20.0,23
12106,52,7.0,44
12106,55,24.0,37
12106,61,28.5,9
12106,63,43.9,6
12106,66,17.0,41
12106,67,14.0,45
12106,69,36.0,36
12106,72,34.8,19
12106,74,10.0,9
12146,1,18.0,9
12146,2,19.0,16
12146,3,10.0,35
12146,4,22.0,14
12146,5,21.35,26
12146,6,25.0,11
12146,7,30.0,6
12146,8,40.0,13
12146,9,97.0,18
12146,11,21.0,22
12146,12,38.0,14
12146,13,6.0,4
12146,14,23.25,40
12146,15,15.5,35
12146,16,17.45,11
12146,17,39.0,24
12146,18,62.5,36
12146,19,9.2,35
12146,20,81.0,29
12146,21,10.0,50
12146,22,21.0,36
12146,23,9.0,35
12146,24,4.5,32
12146,25,14.0,31
12146,26,31.23,38
12146,27,43.9,36
12146,28,45.6,46
12146,29,123.79,5
12146,30,25.89,27
12146,31,12.5,28
12146,32,32.0,18
12146,33,2.5,44
12146,34,14.0,39
12146,35,18.0,32
12146,36,19.0,34
12146,37,26.0,44
12146,38,263.5,29
12146,39,18.0,24
12146,40,18.4,18
12146,41,9.65,4
12146,42,14.0,25
12146,43,46.0,4
12146,44,19.45,22
12146,45,9.5,19
12146,46,12.0,30
12146,47,9.5,38
12146,48,12.75,33
12146,50,16.25,13
12146,51,53.0,45
12146,52,7.0,2
12146,53,32.8,22
12146,54,7.45,44
12146,55,24.0,36
12146,56,38.0,45
12146,57,19.5,45
12146,58,13.25,22
12146,59,55.0,32
12146,60,34.0,6
12146,61,28.5,41
12146,62,49.3,6
12146,63,43.9,20
12146,64,33.25,15
12146,65,21.05,23
12146,66,17.0,26
12146,67,14.0,1
12146,68,12.5,4
12146,69,36.0,36
12146,70,15.0,12
12146,72,34.8,20
12146,73,15.0,6
12146,74,10.0,44
12146,75,7.75,10
12146,76,18.0,41
12146,77,13.0,35
12222,1,18.0,24
12222,2,19.0,28
12222,3,10.0,6
12222,4,22.0,24
12222,5,21.35,35
12222,6,25.0,49
12222,7,30.0,49
12222,8,40.0,28
12222,9,97.0,3
12222,10,31.0,20
12222,11,21.0,40
12222,12,38.0,49
12222,13,6.0,38
12222,15,15.5,41
12222,17,39.0,26
12222,18,62.5,21
12222,19,9.2,4
12222,20,81.0,9
12222,21,10.0,26
12222,22,21.0,41
12222,23,9.0,41
12222,24,4.5,7
12222,25,14.0,3
12222,26,31.23,10
12222,28,45.6,4
12222,29,123.79,2
12222,30,25.89,2
12222,31,12.5,48
12222,32,32.0,33
12222,33,2.5,12
12222,34,14.0,48
12222,35,18.0,40
12222,36,19.0,11
12222,37,26.0,5
12222,38,263.5,24
12222,39,18.0,30
12222,40,18.4,41
12222,41,9.65,26
12222,42,14.0,20
12222,43,46.0,22
12222,44,19.45,49
12222,45,9.5,25
12222,46,12.0,50
12222,47,9.5,29
12222,48,12.75,13
12222,49,20.0,2
12222,51,53.0,44
12222,52,7.0,16
12222,53,32.8,27
12222,54,7.45,39
12222,55,24.0,42
12222,56,38.0,8
12222,57,19.5,15
12222,58,13.25,4
12222,60,34.0,23
12222,61,28.5,16
12222,62,49.3,17
12222,63,43.9,27
12222,64,33.25,9
12222,65,21.05,38
12222,66,17.0,3
12222,67,14.0,7
12222,68,12.5,14
12222,71,21.5,41
12222,72,34.8,9
12222,73,15.0,3
12222,74,10.0,50
12222,75,7.75,6
12222,76,18.0,16
12243,6,25.0,40
12243,10,31.0,3
12243,17,39.0,36
12243,42,14.0,4
12243,47,9.5,48
12243,59,55.0,44
12243,70,15.0,49
12375,13,6.0,49
12375,18,62.5,1
12375,25,14.0,46
12375,27,43.9,40
12375,29,123.79,39
12375,33,2.5,39
12375,38,263.5,26
12375,55,24.0,32
12375,56,38.0,25
12375,57,19.5,1
12375,70,15.0,2
12377,1,18.0,40
12377,11,21.0,17
12377,12,38.0,20
12377,15,15.5,5
12377,16,17.45,42
12377,17,39.0,1
12377,20,81.0,40
12377,22,21.0,17
12377,23,9.0,18
12377,24,4.5,48
12377,25,14.0,13
12377,26,31.23,39
12377,29,123.79,27
12377,31,12.5,5
12377,32,32.0,5
12377,33,2.5,40
12377,35,18.0,38
12377,37,26.0,28
12377,38,263.5,3
12377,39,18.0,37
12377,40,18.4,30
12377,41,9.65,39
12377,42,14.0,8
12377,43,46.0,3
12377,44,19.45,15
12377,47,9.5,26
12377,49,20.0,15
12377,50,16.25,47
12377,51,53.0,31
12377,52,7.0,30
12377,53,32.8,3
12377,54,7.45,9
12377,55,24.0,34
12377,56,38.0,35
12377,57,19.5,13
12377,58,13.25,10
12377,59,55.0,43
12377,60,34.0,3
12377,61,28.5,39
12377,62,49.3,15
12377,63,43.9,2
12377,64,33.25,38
12377,65,21.05,1
12377,66,17.0,49
12377,67,14.0,8
12377,69,36.0,31
12377,75,7.75,6
12377,76,18.0,25
12400,3,10.0,40
12400,7,30.0,12
12400,29,123.79,25
12400,37,26.0,12
12400,45,9.5,39
12400,46,12.0,43
12400,47,9.5,12
12400,51,53.0,40
12400,52,7.0,38
12400,56,38.0,28
12400,63,43.9,11
12400,64,33.25,37
12400,71,21.5,31
12400,74,10.0,25
12424,1,18.0,15
12424,3,10.0,4
12424,4,22.0,43
12424,5,21.35,28
12424,7,30.0,7
12424,13,6.0,41
12424,14,23.25,10
12424,22,21.0,23
12424,25,14.0,43
12424,27,43.9,45
12424,28,45.6,50
12424,29,123.79,29
12424,30,25.89,17
12424,31,12.5,22
12424,37,26.0,46
12424,38,263.5,23
12424,40,18.4,10
12424,41,9.65,13
12424,45,9.5,46
12424,47,9.5,10
12424,48,12.75,29
12424,49,20.0,36
12424,50,16.25,27
12424,51,53.0,48
12424,57,19.5,43
12424,58,13.25,5
12424,61,28.5,41
12424,65,21.05,13
12424,68,12.5,35
12424,69,36.0,11
12424,72,34.8,29
12424,75,7.75,25
12424,77,13.0,27
12469,6,25.0,2
12469,7,30.0,38
12469,21,10.0,47
12469,24,4.5,4
12469,25,14.0,17
12469,46,12.0,29
12469,50,16.25,44
12469,51,53.0,23
12477,1,18.0,45
12477,2,19.0,13
12477,3,10.0,1
12477,4,22.0,37
12477,5,21.35,42
12477,6,25.0,4
12477,7,30.0,32
12477,8,40.0,42
12477,9,97.0,16
12477,10,31.0,40
12477,11,21.0,18
12477,12,38.0,7
12477,14,23.25,38
12477,15,15.5,39
12477,16,17.45,1
12477,17,39.0,27
12477,18,62.5,50
12477,19,9.2,30
12477,20,81.0,6
12477,21,10.0,32
12477,22,21.0,23
12477,24,4.5,37
12477,28,45.6,6
12477,29,123.79,24
12477,31,12.5,1
12477,32,32.0,42
12477,33,2.5,25
12477,34,14.0,32
12477,36,19.0,21
12477,37,26.0,45
12477,38,263.5,12
12477,39,18.0,27
12477,40,18.4,9
12477,41,9.65,17
12477,42,14.0,41
12477,43,46.0,7
12477,44,19.45,43
12477,45,9.5,37
12477,46,12.0,7
12477,47,9.5,42
12477,48,12.75,15
12477,50,16.25,8
12477,51,53.0,30
12477,52,7.0,32
12477,54,7.45,39
12477,56,38.0,20
12477,57,19.5,23
12477,58,13.25,21
12477,59,55.0,29
12477,60,34.0,47
12477,61,28.5,44
12477,62,49.3,24
12477,63,43.9,28
12477,65,21.05,42
12477,66,17.0,33
12477,67,14.0,1
12477,68,12.5,42
12477,69,36.0,18
12477,70,15.0,35
12477,71,21.5,42
12477,72,34.8,39
12477,73,15.0,19
12477,74,10.0,20
12477,75,7.75,42
12477,76,18.0,46
12477,77,13.0,19
12510,2,19.0,35
12510,3,10.0,19
12510,4,22.0,35
12510,5,21.35,15
12510,7,30.0,3
12510,8,40.0,49
12510,9,97.0,35
12510,10,31.0,28
12510,11,21.0,42
12510,12,38.0,12
12510,13,6.0,3
12510,14,23.25,28
12510,15,15.5,13
12510,16,17.45,44
12510,17,39.0,43
12510,18,62.5,37
12510,19,9.2,31
12510,21,10.0,9
12510,22,21.0,1
12510,23,9.0,4
12510,24,4.5,17
12510,25,14.0,20
12510,27,43.9,34
12510,28,45.6,28
12510,29,123.79,41
12510,30,25.89,27
12510,31,12.5,31
12510,32,32.0,16
12510,33,2.5,46
12510,34,14.0,38
12510,35,18.0,45
12510,38,263.5,44
12510,40,18.4,40
12510,41,9.65,37
12510,42,14.0,6
12510,43,46.0,38
12510,44,19.45,2
12510,45,9.5,49
12510,46,12.0,27
12510,47,9.5,41
12510,48,12.75,34
12510,49,20.0,25
12510,50,16.25,12
12510,54,7.45,24
12510,56,38.0,9
12510,57,19.5,44
12510,58,13.25,17
12510,59,55.0,43
12510,60,34.0,6
12510,61,28.5,40
12510,62,49.3,22
12510,63,43.9,41
12510,64,33.25,12
12510,65,21.05,23
12510,66,17.0,27
12510,67,14.0,28
12510,69,36.0,17
12510,71,21.5,11
12510,72,34.8,48
12510,73,15.0,23
12510,74,10.0,47
12510,75,7.75,40
12510,76,18.0,41
12510,77,13.0,35
12536,5,21.35,25
12536,8,40.0,40
12536,12,38.0,43
12536,13,6.0,20
12536,15,15.5,49
12536,16,17.45,27
12536,18,62.5,44
12536,19,9.2,16
12536,22,21.0,17
12536,23,9.0,36
12536,26,31.23,48
12536,30,25.89,31
12536,32,32.0,28
12536,34,14.0,37
12536,37,26.0,4
12536,40,18.4,3
12536,43,46.0,13
12536,45,9.5,10
12536,54,7.45,15
12536,55,24.0,15
12536,65,21.05,42
12536,72,34.8,32
12593,1,18.0,8
12593,2,19.0,17
12593,4,22.0,43
12593,5,21.35,4
12593,6,25.0,10
12593,7,30.0,32
12593,8,40.0,34
12593,9,97.0,26
12593,13,6.0,19
12593,14,23.25,21
12593,16,17.45,26
12593,17,39.0,24
12593,18,62.5,15
12593,19,9.2,40
12593,20,81.0,19
12593,21,10.0,46
12593,23,9.0,26
12593,24,4.5,32
12593,26,31.23,5
12593,27,43.9,40
12593,29,123.79,38
12593,31,12.5,20
12593,32,32.0,45
12593,33,2.5,27
12593,35,18.0,37
12593,36,19.0,24
12593,41,9.65,49
12593,42,14.0,7
12593,43,46.0,26
12593,44,19.45,2
12593,46,12.0,24
12593,47,9.5,19
12593,48,12.75,18
12593,49,20.0,20
12593,50,16.25,40
12593,51,53.0,32
12593,53,32.8,38
12593,54,7.45,15
12593,55,24.0,42
12593,56,38.0,2
12593,58,13.25,16
12593,59,55.0,42
12593,60,34.0,46
12593,62,49.3,27
12593,63,43.9,17
12593,64,33.25,50
12593,65,21.05,13
12593,68,12.5,49
12593,69,36.0,47
12593,70,15.0,17
12593,71,21.5,6
12593,72,34.8,11
12593,75,7.75,37
12593,76,18.0,13
12593,77,13.0,22
12607,1,18.0,4
12607,2,19.0,24
12607,4,22.0,14
12607,6,25.0,17
12607,7,30.0,50
12607,10,31.0,15
12607,11,21.0,6
12607,13,6.0,27
12607,14,23.25,27
12607,15,15.5,42
12607,16,17.45,45
12607,17,39.0,43
12607,18,62.5,34
12607,20,81.0,38
12607,21,10.0,32
12607,23,9.0,47
12607,26,31.23,20
12607,28,45.6,31
12607,29,123.79,49
12607,32,32.0,38
12607,34,14.0,13
12607,35,18.0,18
12607,36,19.0,44
12607,38,263.5,31
12607,40,18.4,37
12607,41,9.65,47
12607,42,14.0,3
12607,43,46.0,13
12607,44,19.45,39
12607,45,9.5,14
12607,46,12.0,40
12607,47,9.5,18
12607,48,12.75,49
12607,49,20.0,47
12607,50,16.25,28
12607,53,32.8,32
12607,55,24.0,31
12607,57,19.5,40
12607,58,13.25,47
12607,62,49.3,31
12607,66,17.0,26
12607,67,14.0,19
12607,68,12.5,3
12607,69,36.0,4
12607,71,21.5,21
12607,74,10.0,1
12607,75,7.75,24
12640,1,18.0,29
12640,2,19.0,28
12640,5,21.35,6
12640,8,40.0,14
12640,13,6.0,50
12640,17,39.0,46
12640,21,10.0,9
12640,22,21.0,44
12640,28,45.6,50
12640,29,123.79,37
12640,35,18.0,2
12640,39,18.0,27
12640,48,12.75,34
12640,52,7.0,4
12640,53,32.8,23
12640,54,7.45,30
12640,56,38.0,3
12640,68,12.5,39
12640,76,18.0,41
12658,2,19.0,19
12658,3,10.0,15
12658,4,22.0,6
12658,5,21.35,49
12658,6,25.0,19
12658,7,30.0,5
12658,11,21.0,49
12658,12,38.0,14
12658,14,23.25,4
12658,16,17.45,35
12658,17,39.0,45
12658,18,62.5,19
12658,25,14.0,41
12658,28,45.6,32
12658,32,32.0,45
12658,35,18.0,14
12658,36,19.0,18
12658,39,18.0,21
12658,42,14.0,48
12658,43,46.0,44
12658,53,32.8,11
12658,54,7.45,23
12658,56,38.0,43
12658,57,19.5,45
12658,58,13.25,16
12658,60,34.0,42
12658,61,28.5,17
12658,64,33.25,10
12658,67,14.0,9
12658,68,12.5,24
12658,73,15.0,3
12658,75,7.75,13
12688,1,18.0,15
12688,3,10.0,38
12688,4,22.0,35
12688,6,25.0,6
12688,7,30.0,38
12688,8,40.0,37
12688,10,31.0,39
12688,12,38.0,4
12688,13,6.0,13
12688,15,15.5,15
12688,16,17.45,48
12688,18,62.5,48
12688,19,9.2,48
12688,20,81.0,46
12688,21,10.0,15
12688,22,21.0,2
12688,25,14.0,12
12688,27,43.9,26
12688,29,123.79,17
12688,31,12.5,11
12688,32,32.0,35
12688,33,2.5,14
12688,35,18.0,34
12688,36,19.0,23
12688,37,26.0,17
12688,40,18.4,49
12688,42,14.0,45
12688,44,19.45,7
12688,45,9.5,17
12688,46,12.0,14
12688,49,20.0,27
12688,51,53.0,11
12688,52,7.0,25
12688,54,7.45,18
12688,55,24.0,13
12688,56,38.0,1
12688,58,13.25,14
12688,59,55.0,40
12688,60,34.0,49
12688,61,28.5,21
12688,62,49.3,47
12688,63,43.9,2
12688,66,17.0,15
12688,67,14.0,6
12688,68,12.5,45
12688,69,36.0,6
12688,73,15.0,21
12688,74,10.0,4
12688,75,7.75,13
12688,76,18.0,47
12688,77,13.0,13
12746,1,18.0,15
12746,3,10.0,39
12746,4,22.0,39
12746,6,25.0,1
12746,8,40.0,6
12746,9,97.0,36
12746,10,31.0,11
12746,11,21.0,46
12746,12,38.0,21
12746,13,6.0,14
12746,14,23.25,12
12746,15,15.5,30
12746,16,17.45,6
12746,17,39.0,23
12746,18,62.5,43
12746,20,81.0,19
12746,21,10.0,18
12746,22,21.0,46
12746,23,9.0,1
12746,24,4.5,16
12746,25,14.0,1
12746,26,31.23,36
12746,28,45.6,22
12746,29,123.79,15
12746,30,25.89,11
12746,31,12.5,36
12746,32,32.0,42
12746,34,14.0,8
12746,35,18.0,49
12746,36,19.0,50
12746,37,26.0,27
12746,38,263.5,32
12746,39,18.0,14
12746,40,18.4,26
12746,42,14.0,46
12746,43,46.0,29
12746,44,19.45,28
12746,46,12.0,7
12746,47,9.5,2
12746,48,12.75,41
12746,50,16.25,6
12746,51,53.0,2
12746,52,7.0,40
12746,53,32.8,29
12746,55,24.0,10
12746,56,38.0,21
12746,57,19.5,47
12746,58,13.25,5
12746,59,55.0,14
12746,60,34.0,24
12746,61,28.5,29
12746,63,43.9,43
12746,64,33.25,38
12746,65,21.05,34
12746,66,17.0,50
12746,67,14.0,21
12746,68,12.5,44
12746,69,36.0,4
12746,70,15.0,48
12746,72,34.8,20
12746,73,15.0,24
12746,74,10.0,48
12746,75,7.75,19
12746,76,18.0,37
12746,77,13.0,20
12757,5,21.35,20
12757,9,97.0,34
12757,18,62.5,21
12757,20,81.0,28
12757,22,21.0,29
12757,24,4.5,8
12757,27,43.9,48
12757,28,45.6,44
12757,31,12.5,10
12757,42,14.0,37
12757,43,46.0,19
12757,47,9.5,26
12757,48,12.75,29
12757,52,7.0,47
12757,54,7.45,7
12757,60,34.0,21
12757,62,49.3,42
12757,64,33.25,41
12757,66,17.0,43
12757,70,15.0,32
12757,72,34.8,41
12757,75,7.75,23
12758,2,19.0,18
12758,3,10.0,3
12758,16,17.45,17
12758,27,43.9,40
12758,32,32.0,6
12758,33,2.5,26
12758,35,18.0,8
12758,36,19.0,17
12758,46,12.0,31
12758,53,32.8,17
12758,69,36.0,30
12758,70,15.0,22
12758,71,21.5,17
12759,5,21.35,38
12759,20,81.0,26
12759,31,12.5,46
12759,32,32.0,42
12759,34,14.0,45
12759,45,9.5,8
12759,46,12.0,21
12759,51,53.0,17
12759,54,7.45,50
12759,63,43.9,41
12759,66,17.0,14
12759,69,36.0,28
12759,72,34.8,29
12804,1,18.0,4
12804,2,19.0,15
12804,3,10.0,47
12804,4,22.0,13
12804,5,21.35,12
12804,6,25.0,12
12804,7,30.0,21
12804,8,40.0,6
12804,9,97.0,9
12804,10,31.0,4
12804,11,21.0,35
12804,12,38.0,46
12804,13,6.0,1
12804,14,23.25,9
12804,15,15.5,31
12804,16,17.45,34
12804,17,39.0,3
12804,18,62.5,5
12804,19,9.2,43
12804,20,81.0,40
12804,21,10.0,36
12804,22,21.0,41
12804,23,9.0,10
12804,24,4.5,31
12804,25,14.0,40
12804,26,31.23,24
12804,27,43.9,3
12804,28,45.6,20
12804,29,123.79,28
12804,30,25.89,8
12804,31,12.5,27
12804,32,32.0,16
12804,33,2.5,42
12804,34,14.0,5
12804,35,18.0,13
12804,36,19.0,8
12804,37,26.0,6
12804,38,263.5,35
12804,39,18.0,49
12804,40,18.4,5
12804,41,9.65,24
12804,43,46.0,34
12804,44,19.45,49
12804,45,9.5,21
12804,46,12.0,11
12804,47,9.5,48
12804,48,12.75,34
12804,49,20.0,37
12804,50,16.25,6
12804,51,53.0,8
12804,52,7.0,44
12804,53,32.8,49
12804,54,7.45,13
12804,55,24.0,17
12804,56,38.0,47
12804,57,19.5,6
12804,58,13.25,23
12804,59,55.0,4
12804,60,34.0,21
12804,61,28.5,34
12804,62,49.3,18
12804,63,43.9,5
12804,64,33.25,4
12804,65,21.05,9
12804,66,17.0,10
12804,67,14.0,28
12804,69,36.0,33
12804,70,15.0,9
12804,71,21.5,16
12804,72,34.8,4
12804,73,15.0,5
12804,74,10.0,40
12804,75,7.75,48
12804,76,18.0,36
12804,77,13.0,28
12837,3,10.0,21
12837,9,97.0,2
12837,13,6.0,20
12837,15,15.5,34
12837,27,43.9,50
12837,33,2.5,17
12837,36,19.0,49
12837,40,18.4,38
12837,47,9.5,22
12837,57,19.5,6
12837,64,33.25,19
12837,65,21.05,31
12837,66,17.0,6
12837,67,14.0,8
12837,71,21.5,4
12867,3,10.0,18
12867,4,22.0,23
12867,6,25.0,27
12867,7,30.0,36
12867,9,97.0,36
12867,13,6.0,34
12867,15,15.5,14
12867,17,39.0,43
12867,20,81.0,40
12867,22,21.0,30
12867,27,43.9,49
12867,30,25.89,25
12867,34,14.0,27
12867,35,18.0,22
12867,38,263.5,29
12867,39,18.0,47
12867,40,18.4,25
12867,41,9.65,39
12867,43,46.0,26
12867,46,12.0,48
12867,48,12.75,36
12867,51,53.0,47
12867,54,7.45,34
12867,57,19.5,43
12867,59,55.0,38
12867,60,34.0,40
12867,61,28.5,48
12867,62,49.3,46
12867,64,33.25,41
12867,66,17.0,1
12867,67,14.0,2
12867,69,36.0,10
12867,72,34.8,36
12867,73,15.0,38
12867,74,10.0,39
12867,75,7.75,28
12867,77,13.0,11
12880,1,18.0,22
12880,4,22.0,43
12880,5,21.35,48
12880,6,25.0,48
12880,7,30.0,7
12880,8,40.0,20
12880,9,97.0,36
12880,10,31.0,22
12880,11,21.0,14
12880,12,38.0,49
12880,16,17.45,25
12880,17,39.0,50
12880,18,62.5,23
12880,19,9.2,44
12880,20,81.0,45
12880,21,10.0,34
12880,22,21.0,44
12880,23,9.0,47
12880,24,4.5,43
12880,25,14.0,38
12880,26,31.23,33
12880,27,43.9,2
12880,29,123.79,42
12880,30,25.89,7
12880,31,12.5,35
12880,32,32.0,19
12880,33,2.5,24
12880,34,14.0,6
12880,35,18.0,31
12880,36,19.0,26
12880,37,26.0,35
12880,38,263.5,14
12880,40,18.4,25
12880,41,9.65,11
12880,42,14.0,47
12880,43,46.0,13
12880,44,19.45,48
12880,45,9.5,23
12880,46,12.0,5
12880,47,9.5,17
12880,51,53.0,32
12880,52,7.0,43
12880,53,32.8,46
12880,54,7.45,16
12880,55,24.0,8
12880,56,38.0,42
12880,57,19.5,47
12880,58,13.25,41
12880,59,55.0,43
12880,60,34.0,50
12880,61,28.5,48
12880,62,49.3,9
12880,63,43.9,49
12880,64,33.25,49
12880,65,21.05,42
12880,66,17.0,29
12880,67,14.0,12
12880,68,12.5,10
12880,69,36.0,40
12880,70,15.0,34
12880,71,21.5,36
12880,72,34.8,28
12880,73,15.0,22
12880,76,18.0,11
12880,77,13.0,18
12886,1,18.0,37
12886,3,10.0,45
12886,5,21.35,42
12886,7,30.0,41
12886,8,40.0,32
12886,9,97.0,7
12886,12,38.0,26
12886,13,6.0,47
12886,15,15.5,32
12886,17,39.0,17
12886,18,62.5,23
12886,19,9.2,26
12886,21,10.0,9
12886,25,14.0,3
12886,26,31.23,9
12886,28,45.6,23
12886,30,25.89,27
12886,31,12.5,3
12886,32,32.0,36
12886,33,2.5,33
12886,36,19.0,7
12886,41,9.65,4
12886,42,14.0,43
12886,43,46.0,19
12886,44,19.45,12
12886,50,16.25,29
12886,51,53.0,35
12886,53,32.8,16
12886,54,7.45,12
12886,56,38.0,32
12886,60,34.0,13
12886,65,21.05,4
12886,68,12.5,29
12886,70,15.0,23
12886,71,21.5,20
12886,72,34.8,8
12886,74,10.0,20
12886,76,18.0,1
12886,77,13.0,39
12941,2,19.0,1
12941,5,21.35,17
12941,6,25.0,39
12941,8,40.0,27
12941,9,97.0,33
12941,10,31.0,13
12941,11,21.0,7
12941,12,38.0,12
12941,13,6.0,39
12941,15,15.5,35
12941,16,17.45,50
12941,18,62.5,41
12941,19,9.2,22
12941,20,81.0,46
12941,22,21.0,4
12941,25,14.0,15
12941,26,31.23,25
12941,34,14.0,37
12941,35,18.0,17
12941,36,19.0,44
12941,39,18.0,49
12941,41,9.65,49
12941,42,14.0,37
12941,45,9.5,49
12941,46,12.0,39
12941,50,16.25,37
12941,51,53.0,44
12941,53,32.8,15
12941,56,38.0,49
12941,57,19.5,38
12941,61,28.5,33
12941,62,49.3,11
12941,63,43.9,39
12941,64,33.25,18
12941,65,21.05,3
12941,68,12.5,44
12941,69,36.0,49
12941,70,15.0,2
12941,71,21.5,19
12941,73,15.0,45
12941,74,10.0,49
12941,75,7.75,32
12941,76,18.0,40
12956,3,10.0,20
12956,4,22.0,36
12956,12,38.0,37
12956,15,15.5,28
12956,25,14.0,30
12956,37,26.0,44
12956,48,12.75,40
12956,49,20.0,25
12956,53,32.8,34
12956,54,7.45,41
12956,57,19.5,47
12956,64,33.25,29
12956,68,12.5,25
12956,73,15.0,41
12986,26,31.23,30
12986,55,24.0,9
13017,1,18.0,22
13017,3,10.0,42
13017,7,30.0,3
13017,14,23.25,30
13017,15,15.5,36
13017,16,17.45,34
13017,17,39.0,34
13017,19,9.2,26
13017,20,81.0,8
13017,24,4.5,22
13017,26,31.23,50
13017,27,43.9,4
13017,29,123.79,15
13017,31,12.5,49
13017,34,14.0,22
13017,35,18.0,19
13017,36,19.0,23
13017,37,26.0,34
13017,38,263.5,8
13017,40,18.4,48
13017,42,14.0,44
13017,43,46.0,9
13017,44,19.45,31
13017,45,9.5,27
13017,46,12.0,12
13017,47,9.5,8
13017,48,12.75,21
13017,49,20.0,43
13017,50,16.25,17
13017,51,53.0,37
13017,52,7.0,50
13017,57,19.5,37
13017,58,13.25,9
13017,59,55.0,38
13017,60,34.0,32
13017,64,33.25,29
13017,66,17.0,32
13017,67,14.0,2
13017,68,12.5,27
13017,72,34.8,41
13017,74,10.0,26
13017,76,18.0,11
13017,77,13.0,33
13062,1,18.0,22
13062,3,10.0,50
13062,5,21.35,42
13062,14,23.25,25
13062,17,39.0,50
13062,18,62.5,15
13062,19,9.2,14
13062,20,81.0,38
13062,21,10.0,11
13062,22,21.0,47
13062,24,4.5,15
13062,25,14.0,37
13062,28,45.6,2
13062,37,26.0,5
13062,38,263.5,20
13062,39,18.0,12
13062,40,18.4,13
13062,41,9.65,22
13062,44,19.45,25
13062,45,9.5,36
13062,47,9.5,7
13062,49,20.0,28
13062,51,53.0,18
13062,52,7.0,34
13062,53,32.8,2
13062,54,7.45,45
13062,57,19.5,36
13062,59,55.0,15
13062,60,34.0,9
13062,61,28.5,32
13062,62,49.3,22
13062,75,7.75,22
13062,76,18.0,4
13074,7,30.0,25
13074,9,97.0,19
13074,10,31.0,26
13074,16,17.45,29
13074,20,81.0,47
13074,21,10.0,1
13074,32,32.0,13
13074,50,16.25,13
13074,51,53.0,16
13074,72,34.8,36
13074,73,15.0,12
13185,1,18.0,39
13185,2,19.0,33
13185,3,10.0,27
13185,4,22.0,22
13185,5,21.35,11
13185,6,25.0,16
13185,7,30.0,35
13185,8,40.0,22
13185,9,97.0,27
13185,10,31.0,47
13185,11,21.0,22
13185,12,38.0,19
13185,13,6.0,44
13185,14,23.25,15
13185,15,15.5,18
13185,16,17.45,1
13185,17,39.0,2
13185,18,62.5,49
13185,19,9.2,45
13185,20,81.0,22
13185,21,10.0,18
13185,22,21.0,4
13185,23,9.0,18
13185,24,4.5,42
13185,25,14.0,10
13185,26,31.23,2
13185,27,43.9,33
13185,28,45.6,20
13185,29,123.79,7
13185,30,25.89,18
13185,31,12.5,24
13185,32,32.0,5
13185,33,2.5,50
13185,34,14.0,43
13185,35,18.0,33
13185,36,19.0,37
13185,37,26.0,35
13185,38,263.5,43
13185,39,18.0,12
13185,40,18.4,34
13185,41,9.65,26
13185,42,14.0,43
13185,43,46.0,41
13185,44,19.45,20
13185,45,9.5,37
13185,46,12.0,50
13185,47,9.5,27
13185,48,12.75,3
13185,49,20.0,25
13185,50,16.25,30
13185,51,53.0,19
13185,52,7.0,29
13185,53,32.8,29
13185,54,7.45,4
13185,55,24.0,24
13185,56,38.0,2
13185,57,19.5,13
13185,58,13.25,36
13185,59,55.0,15
13185,60,34.0,4
13185,61,28.5,36
13185,62,49.3,14
13185,64,33.25,29
13185,65,21.05,35
13185,66,17.0,43
13185,67,14.0,40
13185,68,12.5,16
13185,69,36.0,40
13185,70,15.0,43
13185,71,21.5,6
13185,72,34.8,3
13185,73,15.0,9
13185,74,10.0,47
13185,75,7.75,17
13185,76,18.0,45
13185,77,13.0,21
13188,2,19.0,11
13188,4,22.0,12
13188,7,30.0,15
13188,9,97.0,7
13188,14,23.25,10
13188,17,39.0,32
13188,20,81.0,16
13188,34,14.0,42
13188,37,26.0,27
13188,41,9.65,8
13188,47,9.5,7
13188,51,53.0,42
13188,52,7.0,19
13188,62,49.3,25
13188,68,12.5,27
13188,69,36.0,6
13188,71,21.5,36
13188,76,18.0,47
13203,22,21.0,14
13203,32,32.0,20
13203,46,12.0,9
13203,73,15.0,48
13210,1,18.0,27
13210,2,19.0,20
13210,3,10.0,19
13210,4,22.0,17
13210,5,21.35,6
13210,6,25.0,34
13210,7,30.0,28
13210,8,40.0,33
13210,9,97.0,21
13210,10,31.0,22
13210,11,21.0,13
13210,12,38.0,41
13210,13,6.0,19
13210,14,23.25,39
13210,15,15.5,24
13210,16,17.45,27
13210,17,39.0,37
13210,18,62.5,18
13210,20,81.0,11
13210,21,10.0,33
13210,22,21.0,22
13210,23,9.0,15
13210,24,4.5,37
13210,26,31.23,28
13210,28,45.6,48
13210,29,123.79,14
13210,30,25.89,23
13210,31,12.5,30
13210,34,14.0,42
13210,35,18.0,41
13210,36,19.0,5
13210,37,26.0,20
13210,38,263.5,50
13210,39,18.0,44
13210,40,18.4,35
13210,41,9.65,41
13210,44,19.45,31
13210,45,9.5,46
13210,47,9.5,16
13210,48,12.75,23
13210,49,20.0,4
13210,50,16.25,21
13210,52,7.0,10
13210,53,32.8,19
13210,54,7.45,40
13210,55,24.0,1
13210,57,19.5,25
13210,58,13.25,42
13210,59,55.0,19
13210,60,34.0,17
13210,61,28.5,3
13210,62,49.3,2
13210,63,43.9,24
13210,65,21.05,44
13210,66,17.0,22
13210,68,12.5,14
13210,70,15.0,5
13210,72,34.8,14
13210,73,15.0,28
13210,74,10.0,41
13210,75,7.75,28
13210,77,13.0,30
13220,17,39.0,35
13220,46,12.0,5
13220,70,15.0,17
13224,1,18.0,16
13224,2,19.0,49
13224,4,22.0,12
13224,5,21.35,24
13224,6,25.0,42
13224,7,30.0,10
13224,8,40.0,36
13224,9,97.0,11
13224,10,31.0,27
13224,11,21.0,16
13224,12,38.0,25
13224,13,6.0,8
13224,14,23.25,22
13224,15,15.5,19
13224,16,17.45,13
13224,17,39.0,9
13224,18,62.5,38
13224,20,81.0,4
13224,21,10.0,2
13224,22,21.0,15
13224,23,9.0,11
13224,24,4.5,44
13224,26,31.23,31
13224,27,43.9,16
13224,28,45.6,37
13224,31,12.5,17
13224,32,32.0,37
13224,33,2.5,44
13224,34,14.0,22
13224,35,18.0,26
13224,36,19.0,27
13224,37,26.0,5
13224,38,263.5,40
13224,39,18.0,7
13224,40,18.4,47
13224,41,9.65,2
13224,42,14.0,3
13224,43,46.0,17
13224,44,19.45,49
13224,45,9.5,42
13224,46,12.0,37
13224,47,9.5,49
13224,48,12.75,49
13224,49,20.0,30
13224,50,16.25,21
13224,53,32.8,35
13224,54,7.45,45
13224,55,24.0,27
13224,56,38.0,17
13224,57,19.5,39
13224,58,13.25,50
13224,60,34.0,15
13224,61,28.5,28
13224,62,49.3,35
13224,64,33.25,7
13224,65,21.05,29
13224,66,17.0,38
13224,67,14.0,37
13224,68,12.5,49
13224,69,36.0,31
13224,70,15.0,29
13224,72,34.8,4
13224,73,15.0,24
13224,74,10.0,49
13224,75,7.75,19
13224,76,18.0,24
13224,77,13.0,35
13267,1,18.0,3
13267,2,19.0,41
13267,3,10.0,36
13267,4,22.0,14
13267,5,21.35,25
13267,8,40.0,6
13267,9,97.0,14
13267,10,31.0,49
13267,12,38.0,30
13267,14,23.25,15
13267,15,15.5,22
13267,16,17.45,33
13267,17,39.0,50
13267,18,62.5,18
13267,23,9.0,7
13267,24,4.5,22
13267,26,31.23,41
13267,30,25.89,2
13267,32,32.0,13
13267,33,2.5,5
13267,34,14.0,8
13267,36,19.0,4
13267,37,26.0,39
13267,41,9.65,14
13267,42,14.0,13
13267,45,9.5,25
13267,46,12.0,34
13267,47,9.5,13
13267,50,16.25,34
13267,52,7.0,33
13267,53,32.8,19
13267,54,7.45,23
13267,55,24.0,48
13267,56,38.0,23
13267,59,55.0,46
13267,60,34.0,17
13267,61,28.5,35
13267,62,49.3,34
13267,63,43.9,4
13267,67,14.0,17
13267,70,15.0,2
13267,74,10.0,29
13267,75,7.75,21
13267,76,18.0,10
13267,77,13.0,47
13291,1,18.0,35
13291,6,25.0,19
13291,7,30.0,16
13291,10,31.0,6
13291,11,21.0,9
13291,12,38.0,26
13291,13,6.0,9
13291,15,15.5,2
13291,16,17.45,49
13291,18,62.5,10
13291,19,9.2,33
13291,21,10.0,34
13291,23,9.0,28
13291,27,43.9,16
13291,28,45.6,22
13291,29,123.79,8
13291,30,25.89,8
13291,34,14.0,24
13291,35,18.0,27
13291,36,19.0,37
13291,38,263.5,8
13291,40,18.4,17
13291,44,19.45,31
13291,46,12.0,35
13291,47,9.5,32
13291,48,12.75,14
13291,49,20.0,5
13291,53,32.8,41
13291,54,7.45,23
13291,55,24.0,45
13291,57,19.5,4
13291,59,55.0,1
13291,62,49.3,26
13291,63,43.9,43
13291,65,21.05,9
13291,66,17.0,34
13291,68,12.5,44
13291,69,36.0,45
13291,70,15.0,37
13291,71,21.5,34
13291,73,15.0,34
13291,75,7.75,25
13291,76,18.0,10
13296,1,18.0,49
13296,2,19.0,19
13296,3,10.0,17
13296,4,22.0,22
13296,6,25.0,41
13296,7,30.0,47
13296,8,40.0,8
13296,10,31.0,22
13296,11,21.0,33
13296,12,38.0,6
13296,13,6.0,15
13296,14,23.25,3
13296,15,15.5,40
13296,16,17.45,15
13296,17,39.0,28
13296,18,62.5,25
13296,19,9.2,29
13296,20,81.0,36
13296,21,10.0,6
13296,22,21.0,27
13296,23,9.0,30
13296,24,4.5,41
13296,25,14.0,24
13296,26,31.23,18
13296,27,43.9,23
13296,28,45.6,36
13296,29,123.79,48
13296,30,25.89,28
13296,31,12.5,12
13296,32,32.0,4
13296,33,2.5,7
13296,34,14.0,16
13296,35,18.0,47
13296,36,19.0,47
13296,37,26.0,39
13296,38,263.5,44
13296,39,18.0,42
13296,40,18.4,11
13296,41,9.65,18
13296,43,46.0,37
13296,44,19.45,36
13296,46,12.0,35
13296,47,9.5,19
13296,49,20.0,2
13296,50,16.25,22
13296,51,53.0,43
13296,52,7.0,3
13296,53,32.8,11
13296,54,7.45,15
13296,55,24.0,28
13296,58,13.25,13
13296,59,55.0,15
13296,60,34.0,33
13296,61,28.5,39
13296,62,49.3,13
13296,63,43.9,12
13296,64,33.25,8
13296,65,21.05,27
13296,66,17.0,2
13296,67,14.0,12
13296,68,12.5,4
13296,69,36.0,11
13296,70,15.0,47
13296,71,21.5,32
13296,72,34.8,6
13296,73,15.0,7
13296,74,10.0,6
13296,75,7.75,37
13296,76,18.0,17
13296,77,13.0,43
13306,33,2.5,10
13306,57,19.5,19
13323,1,18.0,26
13323,2,19.0,12
13323,3,10.0,37
13323,4,22.0,40
13323,5,21.35,15
13323,7,30.0,50
13323,8,40.0,38
13323,10,31.0,44
13323,11,21.0,20
13323,12,38.0,17
13323,13,6.0,49
13323,14,23.25,43
13323,15,15.5,34
13323,16,17.45,18
13323,17,39.0,34
13323,18,62.5,19
13323,19,9.2,21
13323,20,81.0,13
13323,21,10.0,20
13323,22,21.0,6
13323,23,9.0,23
13323,24,4.5,47
13323,25,14.0,23
13323,26,31.23,17
13323,29,123.79,40
13323,30,25.89,24
13323,31,12.5,7
13323,32,32.0,42
13323,33,2.5,2
13323,35,18.0,6
13323,36,19.0,8
13323,37,26.0,49
13323,39,18.0,40
13323,40,18.4,39
13323,41,9.65,28
13323,42,14.0,8
13323,43,46.0,35
13323,46,12.0,44
13323,47,9.5,27
13323,49,20.0,5
13323,50,16.25,41
13323,51,53.0,30
13323,52,7.0,19
13323,53,32.8,30
13323,54,7.45,1
13323,55,24.0,7
13323,56,38.0,37
13323,57,19.5,24
13323,59,55.0,24
13323,60,34.0,15
13323,61,28.5,11
13323,62,49.3,39
13323,63,43.9,43
13323,64,33.25,4
13323,65,21.05,24
13323,66,17.0,38
13323,67,14.0,27
13323,69,36.0,18
13323,70,15.0,46
13323,71,21.5,34
13323,72,34.8,13
13323,73,15.0,48
13323,74,10.0,22
13323,75,7.75,15
13323,76,18.0,49
13323,77,13.0,43
13519,1,18.0,9
13519,2,19.0,3
13519,3,10.0,24
13519,4,22.0,19
13519,5,21.35,21
13519,6,25.0,1
13519,7,30.0,9
13519,8,40.0,49
13519,9,97.0,48
13519,10,31.0,40
13519,11,21.0,38
13519,12,38.0,5
13519,13,6.0,45
13519,14,23.25,14
13519,15,15.5,50
13519,16,17.45,7
13519,17,39.0,28
13519,18,62.5,9
13519,19,9.2,35
13519,20,81.0,47
13519,21,10.0,11
13519,22,21.0,50
13519,23,9.0,29
13519,24,4.5,8
13519,25,14.0,23
13519,26,31.23,16
13519,27,43.9,18
13519,28,45.6,27
13519,29,123.79,16
13519,30,25.89,42
13519,31,12.5,49
13519,32,32.0,41
13519,33,2.5,24
13519,34,14.0,25
13519,35,18.0,13
13519,36,19.0,4
13519,37,26.0,32
13519,38,263.5,31
13519,39,18.0,8
13519,40,18.4,1
13519,41,9.65,14
13519,42,14.0,1
13519,43,46.0,48
13519,44,19.45,46
13519,45,9.5,37
13519,46,12.0,15
13519,47,9.5,42
13519,48,12.75,6
13519,49,20.0,20
13519,50,16.25,40
13519,51,53.0,32
13519,52,7.0,20
13519,53,32.8,26
13519,54,7.45,21
13519,55,24.0,41
13519,56,38.0,36
13519,57,19.5,23
13519,58,13.25,39
13519,59,55.0,35
13519,60,34.0,38
13519,61,28.5,35
13519,62,49.3,36
13519,63,43.9,9
13519,64,33.25,45
13519,65,21.05,28
13519,66,17.0,20
13519,67,14.0,34
13519,68,12.5,2
13519,69,36.0,41
13519,70,15.0,47
13519,71,21.5,2
13519,72,34.8,15
13519,73,15.0,9
13519,74,10.0,29
13519,75,7.75,34
13519,76,18.0,6
13519,77,13.0,24
13521,1,18.0,9
13521,2,19.0,4
13521,5,21.35,14
13521,8,40.0,1
13521,11,21.0,26
13521,13,6.0,46
13521,17,39.0,47
13521,18,62.5,20
13521,20,81.0,42
13521,23,9.0,48
13521,26,31.23,38
13521,28,45.6,35
13521,30,25.89,43
13521,33,2.5,5
13521,37,26.0,22
13521,39,18.0,10
13521,40,18.4,31
13521,42,14.0,49
13521,45,9.5,21
13521,47,9.5,27
13521,48,12.75,24
13521,49,20.0,19
13521,52,7.0,31
13521,57,19.5,20
13521,58,13.25,45
13521,62,49.3,18
13521,63,43.9,33
13521,64,33.25,10
13521,67,14.0,47
13521,70,15.0,29
13521,77,13.0,37
13553,1,18.0,28
13553,5,21.35,9
13553,6,25.0,18
13553,8,40.0,43
13553,9,97.0,32
13553,10,31.0,8
13553,15,15.5,26
13553,17,39.0,15
13553,18,62.5,19
13553,21,10.0,26
13553,22,21.0,50
13553,25,14.0,39
13553,28,45.6,40
13553,30,25.89,23
13553,31,12.5,13
13553,32,32.0,7
13553,35,18.0,45
13553,38,263.5,47
13553,39,18.0,38
13553,40,18.4,32
13553,42,14.0,45
13553,43,46.0,38
13553,45,9.5,47
13553,46,12.0,41
13553,47,9.5,45
13553,48,12.75,34
13553,49,20.0,26
13553,50,16.25,47
13553,52,7.0,42
13553,53,32.8,4
13553,60,34.0,22
13553,61,28.5,13
13553,63,43.9,45
13553,65,21.05,35
13553,67,14.0,35
13553,69,36.0,18
13553,71,21.5,41
13553,74,10.0,43
13590,4,22.0,48
13590,7,30.0,41
13590,8,40.0,17
13590,12,38.0,14
13590,13,6.0,49
13590,15,15.5,36
13590,16,17.45,26
13590,21,10.0,1
13590,23,9.0,44
13590,35,18.0,41
13590,38,263.5,26
13590,41,9.65,41
13590,42,14.0,6
13590,44,19.45,45
13590,45,9.5,33
13590,50,16.25,27
13590,52,7.0,32
13590,61,28.5,30
13590,63,43.9,9
13590,69,36.0,48
13590,74,10.0,50
13590,75,7.75,3
13602,2,19.0,37
13602,3,10.0,38
13602,4,22.0,40
13602,6,25.0,35
13602,7,30.0,48
13602,8,40.0,2
13602,9,97.0,40
13602,13,6.0,11
13602,15,15.5,2
13602,16,17.45,42
13602,21,10.0,47
13602,22,21.0,21
13602,23,9.0,29
13602,32,32.0,37
13602,35,18.0,34
13602,38,263.5,5
13602,43,46.0,1
13602,44,19.45,38
13602,45,9.5,17
13602,47,9.5,32
13602,51,53.0,41
13602,52,7.0,43
13602,53,32.8,12
13602,54,7.45,24
13602,55,24.0,48
13602,56,38.0,6
13602,59,55.0,24
13602,60,34.0,31
13602,62,49.3,32
13602,64,33.25,25
13602,66,17.0,15
13602,67,14.0,3
13602,68,12.5,11
13602,70,15.0,37
13602,72,34.8,7
13602,75,7.75,10
13602,76,18.0,36
13602,77,13.0,47
13616,2,19.0,19
13616,3,10.0,17
13616,4,22.0,1
13616,5,21.35,8
13616,6,25.0,45
13616,8,40.0,46
13616,14,23.25,28
13616,15,15.5,41
13616,17,39.0,28
13616,18,62.5,25
13616,19,9.2,14
13616,20,81.0,34
13616,22,21.0,4
13616,23,9.0,7
13616,24,4.5,6
13616,25,14.0,22
13616,27,43.9,47
13616,29,123.79,32
13616,33,2.5,15
13616,36,19.0,43
13616,37,26.0,41
13616,39,18.0,13
13616,43,46.0,25
13616,54,7.45,50
13616,55,24.0,1
13616,64,33.25,28
13616,65,21.05,46
13616,67,14.0,50
13616,69,36.0,42
13616,70,15.0,10
13616,71,21.5,44
13616,72,34.8,28
13616,74,10.0,11
13616,75,7.75,40
13616,77,13.0,2
13621,1,18.0,15
13621,2,19.0,41
13621,3,10.0,13
13621,4,22.0,4
13621,5,21.35,15
13621,6,25.0,31
13621,7,30.0,37
13621,9,97.0,22
13621,10,31.0,20
13621,11,21.0,34
13621,12,38.0,10
13621,14,23.25,1
13621,15,15.5,8
13621,16,17.45,46
13621,17,39.0,3
13621,18,62.5,21
13621,20,81.0,12
13621,21,10.0,26
13621,22,21.0,44
13621,23,9.0,11
13621,24,4.5,17
13621,25,14.0,50
13621,26,31.23,4
13621,27,43.9,45
13621,28,45.6,28
13621,29,123.79,23
13621,30,25.89,13
13621,31,12.5,39
13621,32,32.0,42
13621,34,14.0,21
13621,35,18.0,29
13621,38,263.5,11
13621,41,9.65,27
13621,43,46.0,47
13621,44,19.45,8
13621,45,9.5,48
13621,46,12.0,10
13621,47,9.5,48
13621,48,12.75,48
13621,49,20.0,38
13621,50,16.25,11
13621,52,7.0,42
13621,53,32.8,38
13621,54,7.45,31
13621,55,24.0,44
13621,56,38.0,14
13621,57,19.5,36
13621,58,13.25,21
13621,59,55.0,1
13621,60,34.0,24
13621,62,49.3,13
13621,63,43.9,18
13621,64,33.25,30
13621,65,21.05,38
13621,66,17.0,42
13621,67,14.0,14
13621,68,12.5,49
13621,69,36.0,3
13621,70,15.0,47
13621,71,21.5,8
13621,72,34.8,12
13621,75,7.75,12
13621,76,18.0,49
13621,77,13.0,22
13635,2,19.0,10
13635,3,10.0,5
13635,4,22.0,42
13635,5,21.35,14
13635,6,25.0,27
13635,7,30.0,25
13635,8,40.0,26
13635,9,97.0,34
13635,10,31.0,40
13635,11,21.0,22
13635,12,38.0,8
13635,13,6.0,2
13635,14,23.25,3
13635,16,17.45,24
13635,17,39.0,50
13635,18,62.5,15
13635,19,9.2,33
13635,20,81.0,41
13635,21,10.0,30
13635,22,21.0,27
13635,23,9.0,11
13635,24,4.5,36
13635,25,14.0,4
13635,26,31.23,28
13635,27,43.9,24
13635,28,45.6,12
13635,29,123.79,15
13635,30,25.89,50
13635,31,12.5,18
13635,32,32.0,40
13635,33,2.5,9
13635,34,14.0,44
13635,36,19.0,40
13635,37,26.0,11
13635,38,263.5,50
13635,39,18.0,20
13635,40,18.4,24
13635,41,9.65,4
13635,42,14.0,41
13635,43,46.0,34
13635,44,19.45,34
13635,45,9.5,8
13635,46,12.0,1
13635,47,9.5,16
13635,48,12.75,44
13635,49,20.0,37
13635,50,16.25,5
13635,51,53.0,50
13635,52,7.0,13
13635,53,32.8,27
13635,54,7.45,16
13635,55,24.0,9
13635,56,38.0,18
13635,57,19.5,25
13635,58,13.25,35
13635,59,55.0,11
13635,60,34.0,26
13635,61,28.5,33
13635,62,49.3,31
13635,63,43.9,30
13635,64,33.25,16
13635,65,21.05,25
13635,66,17.0,41
13635,67,14.0,11
13635,68,12.5,32
13635,70,15.0,7
13635,71,21.5,8
13635,72,34.8,42
13635,73,15.0,5
13635,74,10.0,24
13635,75,7.75,37
13635,76,18.0,39
13635,77,13.0,1
13759,1,18.0,7
13759,3,10.0,46
13759,4,22.0,45
13759,5,21.35,18
13759,6,25.0,16
13759,8,40.0,20
13759,14,23.25,40
13759,15,15.5,34
13759,16,17.45,23
13759,18,62.5,39
13759,19,9.2,32
13759,20,81.0,42
13759,24,4.5,45
13759,25,14.0,43
13759,27,43.9,7
13759,28,45.6,23
13759,29,123.79,47
13759,33,2.5,46
13759,34,14.0,31
13759,36,19.0,23
13759,39,18.0,28
13759,40,18.4,10
13759,41,9.65,29
13759,44,19.45,27
13759,47,9.5,41
13759,48,12.75,23
13759,49,20.0,49
13759,50,16.25,4
13759,51,53.0,31
13759,52,7.0,39
13759,54,7.45,27
13759,55,24.0,42
13759,57,19.5,38
13759,58,13.25,31
13759,60,34.0,3
13759,63,43.9,8
13759,67,14.0,9
13759,72,34.8,46
13759,73,15.0,44
13759,74,10.0,11
13759,75,7.75,44
13814,12,38.0,23
13814,33,2.5,16
13814,34,14.0,10
13814,44,19.45,39
13814,76,18.0,45
13836,1,18.0,23
13836,3,10.0,39
13836,4,22.0,29
13836,5,21.35,20
13836,6,25.0,16
13836,8,40.0,43
13836,10,31.0,34
13836,12,38.0,17
13836,13,6.0,23
13836,14,23.25,41
13836,15,15.5,30
13836,16,17.45,18
13836,18,62.5,25
13836,19,9.2,21
13836,22,21.0,4
13836,23,9.0,50
13836,24,4.5,15
13836,25,14.0,15
13836,27,43.9,3
13836,28,45.6,2
13836,29,123.79,25
13836,31,12.5,40
13836,32,32.0,39
13836,34,14.0,43
13836,35,18.0,19
13836,36,19.0,14
13836,37,26.0,4
13836,38,263.5,29
13836,39,18.0,27
13836,41,9.65,30
13836,42,14.0,5
13836,44,19.45,49
13836,45,9.5,43
13836,46,12.0,3
13836,48,12.75,41
13836,49,20.0,19
13836,52,7.0,17
13836,53,32.8,8
13836,55,24.0,16
13836,58,13.25,11
13836,59,55.0,26
13836,60,34.0,38
13836,61,28.5,5
13836,62,49.3,2
13836,63,43.9,2
13836,64,33.25,34
13836,65,21.05,38
13836,66,17.0,28
13836,67,14.0,1
13836,68,12.5,4
13836,70,15.0,27
13836,73,15.0,21
13836,74,10.0,11
13836,76,18.0,18
13836,77,13.0,39
13875,9,97.0,32
13875,11,21.0,31
13875,14,23.25,23
13875,15,15.5,40
13875,18,62.5,46
13875,27,43.9,2
13875,29,123.79,28
13875,35,18.0,3
13875,45,9.5,33
13875,54,7.45,41
13875,57,19.5,11
13875,60,34.0,12
13875,62,49.3,21
13875,63,43.9,42
13875,65,21.05,12
13875,71,21.5,12
13875,73,15.0,21
13904,4,22.0,20
13904,14,23.25,41
13904,22,21.0,15
13904,30,25.89,10
13904,46,12.0,4
13904,68,12.5,5
13904,73,15.0,9
13953,6,25.0,25
13953,9,97.0,37
13953,17,39.0,6
13953,25,14.0,44
13953,27,43.9,47
13953,29,123.79,21
13953,43,46.0,30
13953,44,19.45,28
13953,45,9.5,14
13953,52,7.0,1
13953,58,13.25,8
13953,60,34.0,14
13953,64,33.25,38
13953,67,14.0,24
13953,69,36.0,47
13953,70,15.0,38
13953,73,15.0,2
13953,75,7.75,26
13953,77,13.0,43
13961,1,18.0,46
13961,3,10.0,41
13961,5,21.35,34
13961,6,25.0,15
13961,9,97.0,19
13961,10,31.0,22
13961,13,6.0,13
13961,14,23.25,40
13961,17,39.0,35
13961,19,9.2,40
13961,20,81.0,33
13961,21,10.0,6
13961,22,21.0,16
13961,23,9.0,33
13961,24,4.5,8
13961,25,14.0,27
13961,26,31.23,14
13961,27,43.9,2
13961,29,123.79,7
13961,33,2.5,1
13961,34,14.0,8
13961,38,263.5,13
13961,39,18.0,40
13961,40,18.4,33
13961,48,12.75,1
13961,49,20.0,12
13961,50,16.25,8
13961,51,53.0,29
13961,52,7.0,9
13961,53,32.8,12
13961,56,38.0,34
13961,58,13.25,37
13961,60,34.0,24
13961,61,28.5,6
13961,62,49.3,15
13961,63,43.9,43
13961,65,21.05,29
13961,66,17.0,19
13961,67,14.0,5
13961,68,12.5,45
13961,70,15.0,4
13961,72,34.8,13
13961,73,15.0,27
13961,75,7.75,14
13978,3,10.0,38
13978,5,21.35,9
13978,7,30.0,38
13978,8,40.0,7
13978,9,97.0,46
13978,12,38.0,21
13978,13,6.0,41
13978,15,15.5,36
13978,16,17.45,5
13978,17,39.0,27
13978,18,62.5,2
13978,19,9.2,21
13978,20,81.0,32
13978,22,21.0,3
13978,23,9.0,46
13978,24,4.5,10
13978,25,14.0,17
13978,29,123.79,23
13978,30,25.89,18
13978,31,12.5,10
13978,34,14.0,7
13978,37,26.0,45
13978,38,263.5,1
13978,40,18.4,13
13978,42,14.0,20
13978,43,46.0,27
13978,44,19.45,39
13978,48,12.75,26
13978,55,24.0,48
13978,56,38.0,6
13978,57,19.5,21
13978,58,13.25,45
13978,59,55.0,40
13978,60,34.0,27
13978,61,28.5,20
13978,62,49.3,38
13978,63,43.9,21
13978,64,33.25,6
13978,65,21.05,42
13978,66,17.0,41
13978,68,12.5,25
13978,69,36.0,21
13978,70,15.0,2
13978,71,21.5,9
13978,73,15.0,20
13978,75,7.75,15
13978,77,13.0,25
14031,1,18.0,25
14031,2,19.0,40
14031,3,10.0,44
14031,4,22.0,8
14031,5,21.35,34
14031,6,25.0,24
14031,7,30.0,14
14031,8,40.0,30
14031,9,97.0,33
14031,10,31.0,37
14031,11,21.0,41
14031,12,38.0,19
14031,13,6.0,47
14031,14,23.25,29
14031,15,15.5,26
14031,16,17.45,19
14031,17,39.0,3
14031,18,62.5,2
14031,19,9.2,5
14031,20,81.0,17
14031,21,10.0,18
14031,22,21.0,30
14031,23,9.0,39
14031,24,4.5,10
14031,25,14.0,46
14031,26,31.23,5
14031,27,43.9,32
14031,28,45.6,23
14031,29,123.79,5
14031,30,25.89,48
14031,31,12.5,15
14031,32,32.0,39
14031,33,2.5,25
14031,34,14.0,34
14031,35,18.0,21
14031,36,19.0,32
14031,37,26.0,28
14031,38,263.5,45
14031,39,18.0,22
14031,40,18.4,43
14031,41,9.65,2
14031,42,14.0,42
14031,43,46.0,6
14031,44,19.45,15
14031,45,9.5,11
14031,46,12.0,49
14031,47,9.5,6
14031,48,12.75,15
14031,49,20.0,26
14031,50,16.25,40
14031,51,53.0,8
14031,52,7.0,33
14031,53,32.8,8
14031,54,7.45,10
14031,55,24.0,31
14031,56,38.0,23
14031,57,19.5,10
14031,58,13.25,35
14031,59,55.0,28
14031,60,34.0,2
14031,61,28.5,25
14031,62,49.3,24
14031,63,43.9,9
14031,64,33.25,49
14031,65,21.05,1
14031,66,17.0,42
14031,67,14.0,22
14031,68,12.5,46
14031,69,36.0,42
14031,70,15.0,1
14031,71,21.5,5
14031,72,34.8,27
14031,73,15.0,22
14031,74,10.0,44
14031,75,7.75,34
14031,76,18.0,40
14031,77,13.0,12
14072,1,18.0,8
14072,2,19.0,34
14072,6,25.0,31
14072,7,30.0,20
14072,9,97.0,40
14072,10,31.0,7
14072,11,21.0,8
14072,16,17.45,44
14072,19,9.2,3
14072,20,81.0,50
14072,21,10.0,13
14072,22,21.0,19
14072,23,9.0,21
14072,24,4.5,41
14072,32,32.0,6
14072,33,2.5,40
14072,34,14.0,20
14072,35,18.0,50
14072,38,263.5,2
14072,40,18.4,6
14072,46,12.0,27
14072,47,9.5,31
14072,48,12.75,45
14072,49,20.0,22
14072,51,53.0,4
14072,55,24.0,34
14072,56,38.0,20
14072,58,13.25,24
14072,59,55.0,18
14072,61,28.5,39
14072,63,43.9,30
14072,65,21.05,19
14072,66,17.0,31
14072,68,12.5,37
14072,70,15.0,47
14072,71,21.5,3
14072,73,15.0,14
14072,74,10.0,26
14072,75,7.75,39
14081,1,18.0,41
14081,2,19.0,39
14081,3,10.0,29
14081,4,22.0,5
14081,5,21.35,39
14081,6,25.0,25
14081,7,30.0,23
14081,8,40.0,47
14081,9,97.0,4
14081,10,31.0,21
14081,11,21.0,32
14081,12,38.0,42
14081,13,6.0,9
14081,14,23.25,2
14081,15,15.5,15
14081,16,17.45,15
14081,17,39.0,38
14081,18,62.5,25
14081,19,9.2,14
14081,20,81.0,27
14081,21,10.0,26
14081,22,21.0,49
14081,23,9.0,39
14081,24,4.5,37
14081,25,14.0,23
14081,26,31.23,13
14081,27,43.9,39
14081,28,45.6,9
14081,29,123.79,7
14081,30,25.89,8
14081,31,12.5,16
14081,32,32.0,1
14081,33,2.5,42
14081,34,14.0,42
14081,35,18.0,16
14081,36,19.0,12
14081,37,26.0,49
14081,39,18.0,14
14081,40,18.4,23
14081,41,9.65,40
14081,42,14.0,25
14081,43,46.0,42
14081,44,19.45,30
14081,45,9.5,13
14081,47,9.5,13
14081,48,12.75,37
14081,49,20.0,36
14081,50,16.25,45
14081,51,53.0,14
14081,52,7.0,46
14081,53,32.8,48
14081,54,7.45,29
14081,55,24.0,19
14081,56,38.0,20
14081,57,19.5,36
14081,58,13.25,32
14081,59,55.0,5
14081,60,34.0,24
14081,61,28.5,15
14081,62,49.3,21
14081,63,43.9,37
14081,64,33.25,4
14081,65,21.05,19
14081,66,17.0,36
14081,67,14.0,46
14081,68,12.5,20
14081,69,36.0,23
14081,70,15.0,44
14081,71,21.5,8
14081,72,34.8,21
14081,73,15.0,34
14081,74,10.0,3
14081,75,7.75,37
14081,76,18.0,8
14081,77,13.0,18
14096,1,18.0,1
14096,5,21.35,31
14096,6,25.0,11
14096,7,30.0,5
14096,8,40.0,36
14096,9,97.0,11
14096,12,38.0,31
14096,13,6.0,5
14096,16,17.45,7
14096,18,62.5,18
14096,20,81.0,48
14096,22,21.0,15
14096,23,9.0,12
14096,24,4.5,35
14096,26,31.23,8
14096,27,43.9,35
14096,28,45.6,35
14096,30,25.89,17
14096,32,32.0,16
14096,37,26.0,45
14096,39,18.0,43
14096,41,9.65,16
14096,43,46.0,19
14096,44,19.45,25
14096,47,9.5,4
14096,48,12.75,21
14096,49,20.0,26
14096,53,32.8,14
14096,57,19.5,1
14096,58,13.25,21
14096,60,34.0,48
14096,62,49.3,41
14096,65,21.05,36
14096,71,21.5,16
14096,72,34.8,41
14096,73,15.0,2
14096,75,7.75,29
14096,77,13.0,50
14187,1,18.0,32
14187,2,19.0,8
14187,3,10.0,1
14187,4,22.0,47
14187,5,21.35,50
14187,6,25.0,45
14187,7,30.0,26
14187,9,97.0,45
14187,10,31.0,21
14187,11,21.0,16
14187,12,38.0,32
14187,13,6.0,37
14187,14,23.25,8
14187,15,15.5,10
14187,16,17.45,10
14187,17,39.0,47
14187,18,62.5,43
14187,19,9.2,6
14187,20,81.0,29
14187,21,10.0,26
14187,22,21.0,43
14187,24,4.5,17
14187,25,14.0,21
14187,26,31.23,45
14187,27,43.9,28
14187,28,45.6,1
14187,29,123.79,8
14187,30,25.89,48
14187,31,12.5,45
14187,32,32.0,30
14187,33,2.5,36
14187,34,14.0,22
14187,35,18.0,40
14187,37,26.0,16
14187,39,18.0,16
14187,40,18.4,22
14187,42,14.0,28
14187,43,46.0,40
14187,44,19.45,4
14187,45,9.5,8
14187,46,12.0,7
14187,47,9.5,50
14187,48,12.75,12
14187,49,20.0,44
14187,50,16.25,11
14187,51,53.0,12
14187,52,7.0,30
14187,53,32.8,1
14187,54,7.45,39
14187,56,38.0,2
14187,57,19.5,9
14187,58,13.25,45
14187,59,55.0,7
14187,60,34.0,47
14187,62,49.3,8
14187,63,43.9,28
14187,64,33.25,29
14187,65,21.05,8
14187,66,17.0,46
14187,67,14.0,45
14187,69,36.0,36
14187,70,15.0,49
14187,72,34.8,8
14187,73,15.0,27
14187,74,10.0,24
14187,76,18.0,23
14187,77,13.0,47
14211,5,21.35,19
14211,9,97.0,26
14211,13,6.0,41
14211,14,23.25,46
14211,15,15.5,47
14211,23,9.0,33
14211,24,4.5,5
14211,28,45.6,17
14211,32,32.0,47
14211,33,2.5,47
14211,34,14.0,20
14211,42,14.0,4
14211,44,19.45,20
14211,45,9.5,12
14211,47,9.5,21
14211,49,20.0,28
14211,52,7.0,4
14211,57,19.5,34
14211,58,13.25,32
14211,60,34.0,29
14211,65,21.05,20
14211,66,17.0,15
14211,67,14.0,47
14211,71,21.5,44
14211,75,7.75,40
14211,76,18.0,12
14272,1,18.0,50
14272,2,19.0,35
14272,3,10.0,34
14272,5,21.35,17
14272,6,25.0,42
14272,7,30.0,7
14272,8,40.0,4
14272,9,97.0,49
14272,10,31.0,33
14272,12,38.0,2
14272,13,6.0,13
14272,14,23.25,47
14272,15,15.5,30
14272,17,39.0,33
14272,18,62.5,3
14272,19,9.2,21
14272,21,10.0,29
14272,22,21.0,48
14272,23,9.0,24
14272,24,4.5,47
14272,25,14.0,13
14272,26,31.23,18
14272,27,43.9,46
14272,29,123.79,37
14272,30,25.89,29
14272,31,12.5,23
14272,32,32.0,37
14272,33,2.5,1
14272,34,14.0,34
14272,37,26.0,43
14272,38,263.5,20
14272,39,18.0,43
14272,42,14.0,33
14272,43,46.0,7
14272,45,9.5,50
14272,48,12.75,10
14272,49,20.0,2
14272,50,16.25,49
14272,51,53.0,4
14272,52,7.0,30
14272,53,32.8,13
14272,54,7.45,2
14272,55,24.0,9
14272,56,38.0,29
14272,57,19.5,3
14272,58,13.25,33
14272,59,55.0,30
14272,60,34.0,30
14272,61,28.5,35
14272,62,49.3,50
14272,64,33.25,22
14272,65,21.05,14
14272,66,17.0,33
14272,67,14.0,39
14272,68,12.5,23
14272,69,36.0,36
14272,70,15.0,41
14272,72,34.8,5
14272,73,15.0,34
14272,75,7.75,2
14272,76,18.0,15
14272,77,13.0,48
14293,8,40.0,28
14293,19,9.2,45
14293,41,9.65,30
14293,60,34.0,40
14293,65,21.05,45
14312,1,18.0,7
14312,2,19.0,20
14312,3,10.0,28
14312,4,22.0,31
14312,5,21.35,10
14312,6,25.0,10
14312,7,30.0,12
14312,8,40.0,36
14312,9,97.0,36
14312,10,31.0,11
14312,11,21.0,44
14312,12,38.0,29
14312,13,6.0,9
14312,14,23.25,2
14312,15,15.5,49
14312,16,17.45,5
14312,17,39.0,43
14312,18,62.5,14
14312,19,9.2,50
14312,20,81.0,34
14312,21,10.0,15
14312,22,21.0,7
14312,23,9.0,24
14312,24,4.5,1
14312,25,14.0,10
14312,26,31.23,11
14312,27,43.9,36
14312,28,45.6,40
14312,29,123.79,41
14312,30,25.89,25
14312,31,12.5,22
14312,32,32.0,6
14312,33,2.5,49
14312,34,14.0,48
14312,35,18.0,41
14312,36,19.0,7
14312,37,26.0,20
14312,38,263.5,17
14312,39,18.0,22
14312,40,18.4,8
14312,41,9.65,36
14312,42,14.0,18
14312,43,46.0,1
14312,44,19.45,25
14312,45,9.5,25
14312,46,12.0,31
14312,47,9.5,40
14312,48,12.75,47
14312,49,20.0,41
14312,50,16.25,40
14312,51,53.0,10
14312,52,7.0,21
14312,53,32.8,8
14312,54,7.45,35
14312,55,24.0,30
14312,56,38.0,6
14312,57,19.5,21
14312,58,13.25,1
14312,59,55.0,30
14312,60,34.0,47
14312,61,28.5,23
14312,62,49.3,28
14312,63,43.9,31
14312,64,33.25,27
14312,65,21.05,48
14312,66,17.0,22
14312,67,14.0,4
14312,68,12.5,26
14312,69,36.0,40
14312,70,15.0,43
14312,71,21.5,40
14312,72,34.8,29
14312,73,15.0,47
14312,74,10.0,47
14312,75,7.75,46
14312,76,18.0,18
14312,77,13.0,3
14325,1,18.0,16
14325,2,19.0,19
14325,5,21.35,24
14325,6,25.0,29
14325,7,30.0,14
14325,8,40.0,44
14325,13,6.0,50
14325,14,23.25,1
14325,15,15.5,7
14325,16,17.45,9
14325,17,39.0,12
14325,18,62.5,29
14325,19,9.2,28
14325,24,4.5,38
14325,32,32.0,45
14325,33,2.5,12
14325,36,19.0,21
14325,39,18.0,3
14325,41,9.65,10
14325,42,14.0,1
14325,44,19.45,47
14325,50,16.25,46
14325,59,55.0,23
14325,61,28.5,39
14325,66,17.0,27
14325,67,14.0,30
14325,71,21.5,25
14325,72,34.8,49
14326,1,18.0,43
14326,2,19.0,20
14326,3,10.0,9
14326,5,21.35,46
14326,6,25.0,6
14326,7,30.0,14
14326,8,40.0,47
14326,11,21.0,11
14326,12,38.0,41
14326,13,6.0,31
14326,14,23.25,50
14326,15,15.5,28
14326,16,17.45,2
14326,17,39.0,31
14326,18,62.5,24
14326,19,9.2,7
14326,20,81.0,35
14326,21,10.0,26
14326,22,21.0,2
14326,23,9.0,30
14326,24,4.5,8
14326,25,14.0,24
14326,26,31.23,44
14326,27,43.9,33
14326,28,45.6,49
14326,29,123.79,39
14326,30,25.89,24
14326,31,12.5,4
14326,32,32.0,2
14326,34,14.0,10
14326,35,18.0,31
14326,36,19.0,38
14326,37,26.0,28
14326,38,263.5,36
14326,39,18.0,36
14326,40,18.4,37
14326,41,9.65,31
14326,42,14.0,46
14326,43,46.0,5
14326,44,19.45,22
14326,45,9.5,2
14326,46,12.0,48
14326,47,9.5,15
14326,48,12.75,32
14326,49,20.0,6
14326,50,16.25,12
14326,52,7.0,23
14326,53,32.8,5
14326,54,7.45,41
14326,55,24.0,38
14326,56,38.0,7
14326,58,13.25,7
14326,59,55.0,38
14326,61,28.5,12
14326,62,49.3,23
14326,63,43.9,10
14326,64,33.25,22
14326,65,21.05,8
14326,66,17.0,21
14326,67,14.0,36
14326,68,12.5,33
14326,69,36.0,24
14326,70,15.0,47
14326,71,21.5,6
14326,72,34.8,33
14326,73,15.0,4
14326,74,10.0,35
14326,75,7.75,31
14326,76,18.0,7
14326,77,13.0,40
14331,1,18.0,3
14331,3,10.0,4
14331,4,22.0,47
14331,5,21.35,32
14331,6,25.0,45
14331,7,30.0,19
14331,8,40.0,13
14331,9,97.0,20
14331,10,31.0,34
14331,11,21.0,47
14331,12,38.0,40
14331,13,6.0,35
14331,14,23.25,49
14331,15,15.5,27
14331,16,17.45,45
14331,17,39.0,23
14331,18,62.5,13
14331,19,9.2,47
14331,20,81.0,25
14331,21,10.0,4
14331,22,21.0,9
14331,23,9.0,29
14331,24,4.5,36
14331,25,14.0,11
14331,26,31.23,39
14331,27,43.9,29
14331,28,45.6,19
14331,29,123.79,33
14331,30,25.89,31
14331,31,12.5,19
14331,32,32.0,29
14331,33,2.5,10
14331,34,14.0,1
14331,36,19.0,41
14331,37,26.0,36
14331,38,263.5,5
14331,39,18.0,17
14331,40,18.4,40
14331,41,9.65,3
14331,42,14.0,34
14331,43,46.0,30
14331,44,19.45,32
14331,45,9.5,30
14331,46,12.0,11
14331,47,9.5,9
14331,48,12.75,2
14331,49,20.0,32
14331,50,16.25,11
14331,51,53.0,44
14331,52,7.0,20
14331,53,32.8,15
14331,54,7.45,25
14331,55,24.0,34
14331,56,38.0,2
14331,57,19.5,32
14331,58,13.25,22
14331,59,55.0,46
14331,60,34.0,18
14331,61,28.5,43
14331,62,49.3,35
14331,63,43.9,46
14331,64,33.25,39
14331,66,17.0,35
14331,67,14.0,27
14331,68,12.5,25
14331,69,36.0,23
14331,70,15.0,31
14331,71,21.5,39
14331,72,34.8,27
14331,73,15.0,19
14331,74,10.0,32
14331,75,7.75,28
14331,76,18.0,46
14331,77,13.0,8
14332,1,18.0,14
14332,2,19.0,47
14332,3,10.0,40
14332,4,22.0,50
14332,5,21.35,45
14332,6,25.0,30
14332,7,30.0,14
14332,8,40.0,48
14332,9,97.0,44
14332,10,31.0,5
14332,11,21.0,33
14332,12,38.0,9
14332,13,6.0,18
14332,14,23.25,32
14332,15,15.5,42
14332,16,17.45,15
14332,17,39.0,46
14332,18,62.5,13
14332,19,9.2,48
14332,20,81.0,34
14332,22,21.0,35
14332,23,9.0,3
14332,24,4.5,20
14332,25,14.0,9
14332,26,31.23,30
14332,27,43.9,40
14332,28,45.6,42
14332,29,123.79,7
14332,30,25.89,49
14332,31,12.5,8
14332,32,32.0,36
14332,33,2.5,22
14332,34,14.0,5
14332,35,18.0,32
14332,36,19.0,33
14332,37,26.0,26
14332,38,263.5,6
14332,39,18.0,8
14332,40,18.4,14
14332,42,14.0,46
14332,43,46.0,14
14332,45,9.5,39
14332,46,12.0,48
14332,47,9.5,39
14332,48,12.75,5
14332,49,20.0,6
14332,50,16.25,45
14332,51,53.0,6
14332,52,7.0,24
14332,53,32.8,12
14332,54,7.45,13
14332,55,24.0,37
14332,56,38.0,30
14332,57,19.5,2
14332,58,13.25,5
14332,59,55.0,8
14332,60,34.0,49
14332,61,28.5,21
14332,62,49.3,13
14332,63,43.9,38
14332,64,33.25,37
14332,65,21.05,47
14332,66,17.0,46
14332,67,14.0,42
14332,68,12.5,25
14332,69,36.0,41
14332,71,21.5,43
14332,72,34.8,40
14332,73,15.0,18
14332,74,10.0,39
14332,75,7.75,5
14332,76,18.0,31
14332,77,13.0,9
14346,1,18.0,4
14346,5,21.35,15
14346,11,21.0,30
14346,12,38.0,45
14346,15,15.5,41
14346,24,4.5,29
14346,25,14.0,37
14346,28,45.6,8
14346,29,123.79,25
14346,32,32.0,22
14346,36,19.0,18
14346,38,263.5,41
14346,39,18.0,47
14346,49,20.0,45
14346,51,53.0,29
14346,55,24.0,11
14346,57,19.5,40
14346,60,34.0,28
14346,62,49.3,7
14346,64,33.25,9
14346,65,21.05,48
14354,6,25.0,18
14354,9,97.0,29
14354,14,23.25,21
14354,16,17.45,45
14354,20,81.0,43
14354,21,10.0,2
14354,24,4.5,32
14354,31,12.5,22
14354,51,53.0,19
14354,53,32.8,8
14354,55,24.0,28
14354,60,34.0,5
14354,67,14.0,15
14354,72,34.8,35
14354,75,7.75,41
14474,1,18.0,40
14474,6,25.0,32
14474,7,30.0,44
14474,8,40.0,41
14474,9,97.0,19
14474,11,21.0,46
14474,12,38.0,45
14474,14,23.25,1
14474,15,15.5,43
14474,17,39.0,14
14474,18,62.5,13
14474,19,9.2,25
14474,20,81.0,13
14474,21,10.0,20
14474,23,9.0,20
14474,24,4.5,21
14474,27,43.9,40
14474,33,2.5,16
14474,34,14.0,12
14474,36,19.0,43
14474,39,18.0,9
14474,43,46.0,46
14474,46,12.0,45
14474,48,12.75,24
14474,51,53.0,22
14474,53,32.8,10
14474,55,24.0,29
14474,59,55.0,8
14474,60,34.0,14
14474,61,28.5,1
14474,63,43.9,15
14474,64,33.25,33
14474,66,17.0,24
14474,70,15.0,18
14511,1,18.0,35
14511,2,19.0,14
14511,3,10.0,48
14511,4,22.0,31
14511,5,21.35,5
14511,8,40.0,34
14511,10,31.0,14
14511,11,21.0,40
14511,14,23.25,29
14511,15,15.5,23
14511,16,17.45,11
14511,17,39.0,5
14511,18,62.5,14
14511,19,9.2,13
14511,21,10.0,10
14511,22,21.0,3
14511,23,9.0,35
14511,25,14.0,38
14511,26,31.23,25
14511,27,43.9,44
14511,28,45.6,48
14511,29,123.79,15
14511,30,25.89,49
14511,31,12.5,49
14511,32,32.0,2
14511,33,2.5,32
14511,34,14.0,35
14511,35,18.0,39
14511,36,19.0,49
14511,37,26.0,47
14511,38,263.5,43
14511,39,18.0,19
14511,40,18.4,31
14511,41,9.65,27
14511,42,14.0,47
14511,43,46.0,24
14511,44,19.45,50
14511,45,9.5,14
14511,46,12.0,41
14511,47,9.5,11
14511,48,12.75,9
14511,49,20.0,49
14511,51,53.0,12
14511,52,7.0,33
14511,54,7.45,46
14511,55,24.0,17
14511,56,38.0,4
14511,57,19.5,9
14511,58,13.25,32
14511,59,55.0,32
14511,61,28.5,21
14511,62,49.3,4
14511,63,43.9,47
14511,64,33.25,38
14511,65,21.05,50
14511,66,17.0,38
14511,70,15.0,24
14511,71,21.5,20
14511,72,34.8,20
14511,73,15.0,44
14511,74,10.0,11
14511,75,7.75,29
14511,76,18.0,30
14511,77,13.0,31
14556,9,97.0,28
14556,38,263.5,16
14556,44,19.45,8
14556,66,17.0,44
14591,1,18.0,29
14591,3,10.0,47
14591,4,22.0,36
14591,7,30.0,32
14591,8,40.0,15
14591,9,97.0,47
14591,10,31.0,7
14591,12,38.0,17
14591,13,6.0,45
14591,15,15.5,36
14591,18,62.5,35
14591,19,9.2,28
14591,21,10.0,30
14591,23,9.0,14
14591,24,4.5,41
14591,25,14.0,27
14591,26,31.23,44
14591,28,45.6,19
14591,29,123.79,35
14591,31,12.5,7
14591,35,18.0,42
14591,36,19.0,11
14591,37,26.0,37
14591,39,18.0,44
14591,42,14.0,13
14591,43,46.0,29
14591,44,19.45,18
14591,47,9.5,40
14591,51,53.0,9
14591,52,7.0,15
14591,54,7.45,32
14591,58,13.25,2
14591,59,55.0,49
14591,60,34.0,48
14591,61,28.5,17
14591,62,49.3,37
14591,63,43.9,41
14591,64,33.25,50
14591,65,21.05,15
14591,67,14.0,33
14591,69,36.0,20
14591,70,15.0,2
14591,74,10.0,50
14591,75,7.75,4
14591,76,18.0,19
14591,77,13.0,42
14642,1,18.0,47
14642,2,19.0,34
14642,4,22.0,50
14642,5,21.35,12
14642,8,40.0,11
14642,9,97.0,14
14642,12,38.0,3
14642,14,23.25,12
14642,15,15.5,46
14642,17,39.0,39
14642,18,62.5,15
14642,19,9.2,47
14642,20,81.0,18
14642,21,10.0,48
14642,22,21.0,25
14642,23,9.0,49
14642,24,4.5,8
14642,27,43.9,25
14642,29,123.79,32
14642,30,25.89,37
14642,31,12.5,11
14642,32,32.0,16
14642,34,14.0,25
14642,36,19.0,27
14642,39,18.0,40
14642,40,18.4,44
14642,41,9.65,25
14642,44,19.45,36
14642,46,12.0,24
14642,47,9.5,18
14642,48,12.75,24
14642,50,16.25,20
14642,51,53.0,37
14642,52,7.0,33
14642,53,32.8,43
14642,54,7.45,34
14642,55,24.0,36
14642,59,55.0,35
14642,60,34.0,33
14642,61,28.5,47
14642,62,49.3,1
14642,63,43.9,14
14642,64,33.25,12
14642,65,21.05,50
14642,67,14.0,14
14642,71,21.5,25
14642,73,15.0,28
14642,74,10.0,27
14642,75,7.75,23
14642,76,18.0,16
14642,77,13.0,18
14649,3,10.0,42
14649,4,22.0,38
14649,5,21.35,5
14649,6,25.0,6
14649,8,40.0,3
14649,10,31.0,46
14649,11,21.0,36
14649,12,38.0,7
14649,13,6.0,15
14649,14,23.25,25
14649,15,15.5,27
14649,16,17.45,33
14649,17,39.0,8
14649,19,9.2,21
14649,20,81.0,11
14649,21,10.0,14
14649,22,21.0,35
14649,24,4.5,46
14649,26,31.23,14
14649,27,43.9,50
14649,29,123.79,10
14649,30,25.89,39
14649,31,12.5,7
14649,32,32.0,13
14649,34,14.0,36
14649,35,18.0,3
14649,36,19.0,13
14649,37,26.0,20
14649,38,263.5,6
14649,39,18.0,1
14649,40,18.4,50
14649,43,46.0,41
14649,45,9.5,20
14649,46,12.0,9
14649,47,9.5,11
14649,49,20.0,34
14649,51,53.0,43
14649,52,7.0,35
14649,54,7.45,11
14649,55,24.0,18
14649,57,19.5,9
14649,60,34.0,20
14649,61,28.5,20
14649,62,49.3,29
14649,63,43.9,35
14649,65,21.05,8
14649,66,17.0,43
14649,67,14.0,15
14649,68,12.5,49
14649,69,36.0,45
14649,70,15.0,12
14649,72,34.8,32
14649,73,15.0,9
14649,74,10.0,3
14649,75,7.75,38
14649,77,13.0,3
14695,30,25.89,45
14695,62,49.3,44
14695,63,43.9,18
14695,77,13.0,27
14707,1,18.0,31
14707,2,19.0,6
14707,3,10.0,44
14707,4,22.0,4
14707,6,25.0,9
14707,7,30.0,33
14707,8,40.0,34
14707,9,97.0,39
14707,10,31.0,47
14707,11,21.0,26
14707,12,38.0,49
14707,13,6.0,40
14707,14,23.25,12
14707,15,15.5,22
14707,16,17.45,18
14707,17,39.0,3
14707,18,62.5,21
14707,19,9.2,18
14707,20,81.0,38
14707,21,10.0,29
14707,22,21.0,4
14707,23,9.0,24
14707,24,4.5,42
14707,25,14.0,18
14707,26,31.23,10
14707,27,43.9,24
14707,28,45.6,12
14707,29,123.79,26
14707,30,25.89,9
14707,31,12.5,6
14707,32,32.0,44
14707,33,2.5,11
14707,34,14.0,29
14707,35,18.0,50
14707,36,19.0,15
14707,37,26.0,25
14707,38,263.5,7
14707,39,18.0,34
14707,40,18.4,22
14707,41,9.65,49
14707,42,14.0,5
14707,43,46.0,34
14707,45,9.5,26
14707,46,12.0,23
14707,47,9.5,46
14707,48,12.75,3
14707,49,20.0,34
14707,50,16.25,44
14707,51,53.0,7
14707,52,7.0,14
14707,53,32.8,9
14707,54,7.45,33
14707,55,24.0,29
14707,56,38.0,49
14707,57,19.5,39
14707,58,13.25,25
14707,59,55.0,35
14707,60,34.0,8
14707,62,49.3,48
14707,63,43.9,25
14707,65,21.05,50
14707,66,17.0,47
14707,67,14.0,16
14707,68,12.5,44
14707,69,36.0,39
14707,70,15.0,37
14707,72,34.8,42
14707,73,15.0,5
14707,74,10.0,31
14707,75,7.75,9
14707,76,18.0,37
14707,77,13.0,2
14778,1,18.0,43
14778,2,19.0,7
14778,5,21.35,8
14778,6,25.0,14
14778,10,31.0,41
14778,14,23.25,44
14778,15,15.5,10
14778,16,17.45,34
14778,17,39.0,39
14778,19,9.2,11
14778,20,81.0,49
14778,21,10.0,31
14778,23,9.0,40
14778,25,14.0,28
14778,27,43.9,19
14778,28,45.6,24
14778,31,12.5,36
14778,33,2.5,28
14778,34,14.0,23
14778,41,9.65,26
14778,45,9.5,24
14778,46,12.0,43
14778,52,7.0,34
14778,53,32.8,41
14778,54,7.45,42
14778,55,24.0,16
14778,56,38.0,26
14778,57,19.5,45
14778,60,34.0,32
14778,61,28.5,35
14778,64,33.25,25
14778,66,17.0,8
14778,68,12.5,11
14778,69,36.0,10
14778,70,15.0,16
14778,71,21.5,20
14778,72,34.8,2
14778,73,15.0,27
14778,74,10.0,15
14778,77,13.0,4
14822,1,18.0,17
14822,2,19.0,33
14822,3,10.0,19
14822,4,22.0,39
14822,5,21.35,27
14822,6,25.0,28
14822,7,30.0,4
14822,8,40.0,14
14822,9,97.0,50
14822,10,31.0,25
14822,11,21.0,34
14822,13,6.0,12
14822,14,23.25,26
14822,15,15.5,23
14822,16,17.45,14
14822,17,39.0,12
14822,18,62.5,34
14822,19,9.2,41
14822,20,81.0,22
14822,21,10.0,42
14822,22,21.0,3
14822,23,9.0,46
14822,24,4.5,30
14822,25,14.0,50
14822,26,31.23,24
14822,27,43.9,46
14822,28,45.6,30
14822,29,123.79,4
14822,30,25.89,9
14822,31,12.5,17
14822,32,32.0,7
14822,33,2.5,45
14822,34,14.0,24
14822,35,18.0,20
14822,36,19.0,2
14822,37,26.0,36
14822,38,263.5,16
14822,39,18.0,16
14822,40,18.4,1
14822,41,9.65,22
14822,42,14.0,2
14822,43,46.0,13
14822,44,19.45,34
14822,45,9.5,2
14822,46,12.0,36
14822,47,9.5,9
14822,48,12.75,23
14822,49,20.0,26
14822,50,16.25,28
14822,51,53.0,3
14822,52,7.0,32
14822,53,32.8,23
14822,54,7.45,49
14822,55,24.0,38
14822,57,19.5,28
14822,58,13.25,19
14822,59,55.0,29
14822,60,34.0,27
14822,61,28.5,35
14822,62,49.3,35
14822,63,43.9,46
14822,64,33.25,37
14822,65,21.05,23
14822,66,17.0,44
14822,67,14.0,38
14822,68,12.5,30
14822,69,36.0,37
14822,70,15.0,26
14822,71,21.5,3
14822,72,34.8,25
14822,73,15.0,23
14822,74,10.0,44
14822,76,18.0,34
14822,77,13.0,29
14842,1,18.0,21
14842,2,19.0,9
14842,3,10.0,10
14842,8,40.0,18
14842,17,39.0,14
14842,19,9.2,41
14842,21,10.0,20
14842,22,21.0,30
14842,24,4.5,26
14842,32,32.0,19
14842,33,2.5,27
14842,34,14.0,50
14842,38,263.5,29
14842,41,9.65,4
14842,43,46.0,29
14842,45,9.5,41
14842,46,12.0,10
14842,47,9.5,6
14842,56,38.0,37
14842,61,28.5,4
14842,63,43.9,13
14842,69,36.0,6
14842,70,15.0,16
14842,72,34.8,14
14861,4,22.0,13
14861,7,30.0,35
14861,10,31.0,17
14861,12,38.0,15
14861,13,6.0,44
14861,15,15.5,15
14861,18,62.5,21
14861,19,9.2,32
14861,21,10.0,20
14861,22,21.0,33
14861,23,9.0,27
14861,31,12.5,3
14861,35,18.0,38
14861,36,19.0,20
14861,37,26.0,44
14861,38,263.5,18
14861,40,18.4,18
14861,43,46.0,41
14861,45,9.5,28
14861,46,12.0,24
14861,47,9.5,37
14861,51,53.0,5
14861,53,32.8,38
14861,59,55.0,5
14861,60,34.0,39
14861,61,28.5,14
14861,63,43.9,32
14861,65,21.05,5
14861,67,14.0,15
14861,68,12.5,41
14861,69,36.0,32
14861,70,15.0,32
14861,71,21.5,40
14861,73,15.0,34
14861,74,10.0,46
14861,75,7.75,50
14861,76,18.0,14
14880,1,18.0,17
14880,2,19.0,19
14880,5,21.35,30
14880,10,31.0,41
14880,11,21.0,31
14880,13,6.0,6
14880,15,15.5,47
14880,17,39.0,27
14880,19,9.2,45
14880,20,81.0,45
14880,22,21.0,24
14880,33,2.5,31
14880,50,16.25,5
14880,51,53.0,46
14880,59,55.0,15
14880,62,49.3,7
14880,64,33.25,41
14880,67,14.0,46
14880,68,12.5,45
14880,71,21.5,14
14880,72,34.8,25
14891,1,18.0,20
14891,5,21.35,23
14891,8,40.0,35
14891,9,97.0,11
14891,10,31.0,30
14891,12,38.0,23
14891,14,23.25,23
14891,16,17.45,39
14891,21,10.0,39
14891,22,21.0,46
14891,26,31.23,38
14891,27,43.9,13
14891,29,123.79,7
14891,34,14.0,15
14891,36,19.0,34
14891,37,26.0,43
14891,38,263.5,3
14891,42,14.0,13
14891,44,19.45,7
14891,45,9.5,35
14891,46,12.0,8
14891,47,9.5,36
14891,49,20.0,35
14891,50,16.25,33
14891,51,53.0,9
14891,52,7.0,37
14891,54,7.45,41
14891,55,24.0,29
14891,58,13.25,33
14891,59,55.0,50
14891,60,34.0,26
14891,61,28.5,50
14891,62,49.3,30
14891,63,43.9,33
14891,65,21.05,46
14891,66,17.0,33
14891,67,14.0,11
14891,68,12.5,40
14891,69,36.0,32
14891,70,15.0,14
14891,71,21.5,16
14891,73,15.0,19
14891,75,7.75,50
14891,76,18.0,42
14891,77,13.0,6
14957,4,22.0,46
14957,11,21.0,29
14957,13,6.0,27
14957,16,17.45,7
14957,18,62.5,10
14957,20,81.0,11
14957,26,31.23,7
14957,30,25.89,30
14957,34,14.0,25
14957,37,26.0,23
14957,40,18.4,9
14957,41,9.65,23
14957,43,46.0,35
14957,47,9.5,41
14957,49,20.0,17
14957,50,16.25,18
14957,51,53.0,15
14957,55,24.0,38
14957,56,38.0,14
14957,58,13.25,31
14957,59,55.0,28
14957,60,34.0,48
14957,63,43.9,48
14957,64,33.25,38
14957,69,36.0,8
14957,73,15.0,8
14957,74,10.0,16
15046,1,18.0,14
15046,4,22.0,17
15046,9,97.0,4
15046,12,38.0,36
15046,14,23.25,34
15046,15,15.5,11
15046,17,39.0,45
15046,18,62.5,15
15046,19,9.2,19
15046,25,14.0,12
15046,27,43.9,3
15046,31,12.5,36
15046,34,14.0,19
15046,35,18.0,25
15046,39,18.0,33
15046,40,18.4,24
15046,41,9.65,40
15046,43,46.0,14
15046,44,19.45,19
15046,45,9.5,40
15046,51,53.0,46
15046,52,7.0,12
15046,53,32.8,38
15046,55,24.0,25
15046,56,38.0,14
15046,57,19.5,23
15046,60,34.0,34
15046,62,49.3,1
15046,65,21.05,16
15046,66,17.0,29
15046,67,14.0,38
15046,69,36.0,24
15046,70,15.0,2
15046,72,34.8,9
15046,73,15.0,6
15046,76,18.0,48
15065,1,18.0,7
15065,2,19.0,26
15065,4,22.0,46
15065,5,21.35,29
15065,6,25.0,32
15065,9,97.0,26
15065,11,21.0,45
15065,13,6.0,26
15065,14,23.25,24
15065,15,15.5,23
15065,17,39.0,23
15065,18,62.5,41
15065,19,9.2,36
15065,20,81.0,42
15065,21,10.0,7
15065,22,21.0,46
15065,23,9.0,31
15065,24,4.5,25
15065,26,31.23,28
15065,27,43.9,21
15065,29,123.79,12
15065,33,2.5,40
15065,34,14.0,37
15065,37,26.0,49
15065,38,263.5,46
15065,39,18.0,11
15065,40,18.4,45
15065,41,9.65,20
15065,42,14.0,32
15065,43,46.0,47
15065,44,19.45,3
15065,45,9.5,12
15065,46,12.0,8
15065,47,9.5,31
15065,48,12.75,32
15065,50,16.25,8
15065,52,7.0,23
15065,54,7.45,34
15065,61,28.5,40
15065,64,33.25,48
15065,66,17.0,14
15065,67,14.0,47
15065,68,12.5,35
15065,72,34.8,42
15065,73,15.0,49
15065,76,18.0,17
15104,3,10.0,20
15104,16,17.45,2
15104,17,39.0,32
15104,22,21.0,20
15104,25,14.0,36
15104,29,123.79,2
15104,39,18.0,2
15104,41,9.65,49
15104,42,14.0,30
15104,47,9.5,47
15104,58,13.25,16
15104,63,43.9,42
15104,70,15.0,26
15130,2,19.0,20
15130,3,10.0,29
15130,4,22.0,4
15130,5,21.35,40
15130,6,25.0,24
15130,7,30.0,26
15130,8,40.0,15
15130,9,97.0,13
15130,11,21.0,6
15130,12,38.0,48
15130,13,6.0,15
15130,14,23.25,43
15130,15,15.5,5
15130,17,39.0,29
15130,19,9.2,29
15130,20,81.0,17
15130,21,10.0,16
15130,23,9.0,2
15130,24,4.5,22
15130,25,14.0,47
15130,26,31.23,20
15130,27,43.9,25
15130,28,45.6,13
15130,29,123.79,20
15130,31,12.5,6
15130,32,32.0,29
15130,33,2.5,31
15130,34,14.0,39
15130,37,26.0,38
15130,38,263.5,39
15130,39,18.0,10
15130,40,18.4,20
15130,41,9.65,16
15130,42,14.0,39
15130,43,46.0,37
15130,44,19.45,46
15130,45,9.5,24
15130,46,12.0,15
15130,47,9.5,38
15130,50,16.25,6
15130,51,53.0,15
15130,52,7.0,7
15130,53,32.8,40
15130,54,7.45,39
15130,55,24.0,8
15130,56,38.0,20
15130,57,19.5,46
15130,58,13.25,47
15130,59,55.0,11
15130,60,34.0,39
15130,61,28.5,23
15130,62,49.3,41
15130,63,43.9,30
15130,64,33.25,44
15130,66,17.0,17
15130,67,14.0,50
15130,68,12.5,32
15130,69,36.0,5
15130,70,15.0,33
15130,71,21.5,42
15130,72,34.8,48
15130,73,15.0,26
15130,74,10.0,33
15130,75,7.75,36
15130,76,18.0,1
15130,77,13.0,15
15166,1,18.0,9
15166,2,19.0,12
15166,3,10.0,43
15166,4,22.0,39
15166,6,25.0,50
15166,7,30.0,48
15166,10,31.0,1
15166,11,21.0,1
15166,12,38.0,19
15166,13,6.0,16
15166,14,23.25,50
15166,15,15.5,8
15166,16,17.45,46
15166,17,39.0,4
15166,18,62.5,16
15166,19,9.2,25
15166,20,81.0,16
15166,22,21.0,50
15166,23,9.0,33
15166,24,4.5,28
15166,25,14.0,37
15166,26,31.23,49
15166,27,43.9,24
15166,28,45.6,1
15166,29,123.79,8
15166,30,25.89,44
15166,31,12.5,30
15166,36,19.0,34
15166,37,26.0,12
15166,38,263.5,36
15166,39,18.0,6
15166,40,18.4,45
15166,41,9.65,37
15166,42,14.0,16
15166,43,46.0,8
15166,44,19.45,9
15166,45,9.5,13
15166,49,20.0,31
15166,51,53.0,4
15166,53,32.8,41
15166,55,24.0,11
15166,56,38.0,34
15166,57,19.5,4
15166,60,34.0,5
15166,61,28.5,4
15166,64,33.25,14
15166,67,14.0,47
15166,69,36.0,13
15166,72,34.8,27
15166,73,15.0,47
15166,75,7.75,43
15166,76,18.0,11
15166,77,13.0,35
15212,2,19.0,44
15212,3,10.0,29
15212,7,30.0,3
15212,9,97.0,28
15212,10,31.0,15
15212,12,38.0,38
15212,13,6.0,7
15212,14,23.25,49
15212,16,17.45,37
15212,17,39.0,49
15212,18,62.5,10
15212,19,9.2,50
15212,20,81.0,33
15212,21,10.0,2
15212,22,21.0,1
15212,23,9.0,4
15212,24,4.5,4
15212,25,14.0,43
15212,26,31.23,44
15212,27,43.9,6
15212,28,45.6,35
15212,29,123.79,47
15212,30,25.89,29
15212,31,12.5,4
15212,32,32.0,17
15212,33,2.5,34
15212,35,18.0,31
15212,36,19.0,45
15212,38,263.5,19
15212,39,18.0,12
15212,40,18.4,21
15212,41,9.65,8
15212,42,14.0,22
15212,44,19.45,24
15212,45,9.5,7
15212,46,12.0,36
15212,47,9.5,13
15212,48,12.75,35
15212,49,20.0,7
15212,50,16.25,24
15212,51,53.0,43
15212,53,32.8,19
15212,54,7.45,13
15212,55,24.0,48
15212,56,38.0,4
15212,58,13.25,17
15212,59,55.0,7
15212,60,34.0,2
15212,61,28.5,30
15212,62,49.3,15
15212,63,43.9,9
15212,64,33.25,35
15212,65,21.05,15
15212,66,17.0,6
15212,69,36.0,4
15212,70,15.0,24
15212,71,21.5,17
15212,72,34.8,33
15212,73,15.0,46
15212,75,7.75,7
15212,76,18.0,20
15212,77,13.0,40
15238,1,18.0,47
15238,6,25.0,13
15238,7,30.0,41
15238,19,9.2,10
15238,36,19.0,21
15238,43,46.0,48
15238,51,53.0,7
15238,55,24.0,23
15238,62,49.3,9
15238,63,43.9,4
15238,64,33.25,27
15238,66,17.0,26
15238,67,14.0,1
15238,71,21.5,27
15238,76,18.0,6
15291,1,18.0,24
15291,2,19.0,44
15291,3,10.0,38
15291,5,21.35,13
15291,6,25.0,45
15291,7,30.0,45
15291,8,40.0,13
15291,9,97.0,30
15291,10,31.0,25
15291,11,21.0,10
15291,12,38.0,3
15291,13,6.0,4
15291,14,23.25,11
15291,15,15.5,50
15291,16,17.45,46
15291,17,39.0,7
15291,18,62.5,30
15291,19,9.2,4
15291,20,81.0,22
15291,23,9.0,8
15291,24,4.5,19
15291,25,14.0,40
15291,26,31.23,43
15291,27,43.9,13
15291,28,45.6,20
15291,29,123.79,11
15291,30,25.89,48
15291,31,12.5,45
15291,32,32.0,27
15291,33,2.5,47
15291,34,14.0,7
15291,35,18.0,25
15291,36,19.0,24
15291,37,26.0,43
15291,38,263.5,24
15291,39,18.0,17
15291,40,18.4,29
15291,41,9.65,2
15291,42,14.0,9
15291,43,46.0,33
15291,44,19.45,36
15291,45,9.5,32
15291,46,12.0,4
15291,47,9.5,5
15291,48,12.75,15
15291,49,20.0,27
15291,52,7.0,5
15291,53,32.8,24
15291,57,19.5,12
15291,58,13.25,12
15291,59,55.0,40
15291,60,34.0,31
15291,62,49.3,45
15291,63,43.9,23
15291,65,21.05,12
15291,66,17.0,17
15291,67,14.0,34
15291,68,12.5,11
15291,69,36.0,16
15291,70,15.0,27
15291,71,21.5,32
15291,72,34.8,25
15291,74,10.0,35
15291,75,7.75,36
15291,76,18.0,12
15291,77,13.0,13
15355,2,19.0,35
15355,4,22.0,32
15355,5,21.35,19
15355,6,25.0,48
15355,7,30.0,26
15355,9,97.0,36
15355,10,31.0,11
15355,11,21.0,21
15355,13,6.0,50
15355,15,15.5,48
15355,16,17.45,16
15355,17,39.0,12
15355,18,62.5,37
15355,19,9.2,21
15355,20,81.0,6
15355,21,10.0,27
15355,22,21.0,40
15355,23,9.0,30
15355,24,4.5,41
15355,25,14.0,21
15355,27,43.9,30
15355,28,45.6,21
15355,29,123.79,39
15355,30,25.89,31
15355,31,12.5,33
15355,32,32.0,21
15355,33,2.5,14
15355,34,14.0,38
15355,35,18.0,32
15355,36,19.0,3
15355,38,263.5,17
15355,40,18.4,49
15355,42,14.0,36
15355,43,46.0,20
15355,45,9.5,12
15355,46,12.0,6
15355,47,9.5,12
15355,48,12.75,41
15355,49,20.0,47
15355,50,16.25,2
15355,51,53.0,18
15355,52,7.0,12
15355,53,32.8,35
15355,54,7.45,16
15355,55,24.0,39
15355,56,38.0,45
15355,57,19.5,18
15355,58,13.25,30
15355,59,55.0,26
15355,61,28.5,10
15355,63,43.9,28
15355,64,33.25,41
15355,65,21.05,13
15355,66,17.0,23
15355,67,14.0,8
15355,68,12.5,15
15355,69,36.0,2
15355,70,15.0,24
15355,72,34.8,29
15355,75,7.75,37
15355,76,18.0,11
15355,77,13.0,17
15396,2,19.0,46
15396,3,10.0,17
15396,5,21.35,22
15396,7,30.0,44
15396,11,21.0,19
15396,12,38.0,9
15396,14,23.25,18
15396,15,15.5,45
15396,16,17.45,1
15396,17,39.0,38
15396,18,62.5,23
15396,19,9.2,26
15396,21,10.0,5
15396,23,9.0,39
15396,24,4.5,21
15396,25,14.0,50
15396,27,43.9,24
15396,28,45.6,24
15396,29,123.79,20
15396,30,25.89,25
15396,32,32.0,7
15396,33,2.5,11
15396,34,14.0,15
15396,35,18.0,15
15396,37,26.0,44
15396,38,263.5,23
15396,42,14.0,36
15396,43,46.0,17
15396,44,19.45,9
15396,45,9.5,42
15396,47,9.5,35
15396,49,20.0,4
15396,51,53.0,24
15396,52,7.0,24
15396,54,7.45,10
15396,55,24.0,24
15396,58,13.25,37
15396,59,55.0,48
15396,60,34.0,45
15396,65,21.05,24
15396,66,17.0,42
15396,68,12.5,21
15396,69,36.0,49
15396,70,15.0,21
15396,71,21.5,48
15396,72,34.8,24
15396,73,15.0,45
15396,74,10.0,24
15396,77,13.0,22
15423,4,22.0,40
15423,6,25.0,11
15423,7,30.0,3
15423,11,21.0,3
15423,15,15.5,15
15423,17,39.0,36
15423,19,9.2,32
15423,20,81.0,1
15423,21,10.0,14
15423,23,9.0,2
15423,25,14.0,25
15423,26,31.23,28
15423,27,43.9,23
15423,28,45.6,29
15423,30,25.89,1
15423,31,12.5,20
15423,32,32.0,48
15423,38,263.5,16
15423,39,18.0,43
15423,41,9.65,29
15423,43,46.0,44
15423,44,19.45,13
15423,47,9.5,16
15423,48,12.75,45
15423,49,20.0,28
15423,51,53.0,15
15423,52,7.0,49
15423,53,32.8,32
15423,54,7.45,31
15423,56,38.0,12
15423,57,19.5,13
15423,58,13.25,12
15423,59,55.0,11
15423,61,28.5,32
15423,62,49.3,14
15423,63,43.9,20
15423,64,33.25,3
15423,65,21.05,15
15423,66,17.0,13
15423,67,14.0,6
15423,69,36.0,48
15423,72,34.8,18
15423,74,10.0,45
15423,75,7.75,25
15451,1,18.0,43
15451,10,31.0,13
15451,17,39.0,13
15451,22,21.0,7
15451,24,4.5,11
15451,27,43.9,49
15451,29,123.79,43
15451,31,12.5,32
15451,34,14.0,38
15451,44,19.45,47
15451,45,9.5,48
15451,47,9.5,30
15451,48,12.75,20
15451,65,21.05,36
15451,69,36.0,24
15474,7,30.0,20
15474,10,31.0,11
15474,15,15.5,23
15474,18,62.5,32
15474,20,81.0,14
15474,23,9.0,32
15474,25,14.0,50
15474,26,31.23,47
15474,27,43.9,3
15474,28,45.6,37
15474,29,123.79,2
15474,31,12.5,26
15474,32,32.0,50
15474,36,19.0,25
15474,45,9.5,9
15474,46,12.0,15
15474,48,12.75,1
15474,49,20.0,29
15474,53,32.8,13
15474,55,24.0,45
15474,56,38.0,40
15474,58,13.25,34
15474,60,34.0,22
15474,61,28.5,24
15474,63,43.9,23
15474,65,21.05,35
15474,67,14.0,6
15474,69,36.0,16
15474,72,34.8,17
15474,74,10.0,37
15505,1,18.0,38
15505,2,19.0,13
15505,3,10.0,34
15505,4,22.0,42
15505,5,21.35,21
15505,6,25.0,26
15505,9,97.0,28
15505,11,21.0,3
15505,18,62.5,16
15505,19,9.2,45
15505,23,9.0,9
15505,24,4.5,40
15505,26,31.23,17
15505,27,43.9,39
15505,28,45.6,1
15505,29,123.79,29
15505,30,25.89,24
15505,32,32.0,8
15505,33,2.5,1
15505,34,14.0,11
15505,36,19.0,44
15505,38,263.5,23
15505,39,18.0,38
15505,42,14.0,37
15505,43,46.0,17
15505,45,9.5,36
15505,47,9.5,41
15505,48,12.75,40
15505,49,20.0,12
15505,50,16.25,8
15505,54,7.45,15
15505,55,24.0,1
15505,58,13.25,28
15505,59,55.0,40
15505,62,49.3,19
15505,64,33.25,38
15505,65,21.05,29
15505,67,14.0,8
15505,69,36.0,21
15505,70,15.0,47
15505,73,15.0,10
15505,74,10.0,50
15505,76,18.0,45
15520,1,18.0,10
15520,2,19.0,32
15520,3,10.0,28
15520,4,22.0,28
15520,5,21.35,44
15520,6,25.0,17
15520,7,30.0,8
15520,8,40.0,43
15520,9,97.0,12
15520,10,31.0,24
15520,11,21.0,18
15520,12,38.0,6
15520,13,6.0,7
15520,14,23.25,47
15520,15,15.5,33
15520,16,17.45,26
15520,17,39.0,28
15520,18,62.5,22
15520,19,9.2,8
15520,20,81.0,34
15520,21,10.0,4
15520,22,21.0,30
15520,23,9.0,43
15520,24,4.5,50
15520,25,14.0,18
15520,26,31.23,35
15520,27,43.9,46
15520,28,45.6,11
15520,29,123.79,13
15520,30,25.89,6
15520,31,12.5,1
15520,32,32.0,17
15520,33,2.5,29
15520,34,14.0,6
15520,35,18.0,2
15520,36,19.0,13
15520,37,26.0,21
15520,38,263.5,1
15520,39,18.0,20
15520,40,18.4,17
15520,41,9.65,33
15520,42,14.0,29
15520,43,46.0,14
15520,44,19.45,15
15520,45,9.5,24
15520,46,12.0,48
15520,47,9.5,35
15520,48,12.75,49
15520,49,20.0,21
15520,50,16.25,26
15520,51,53.0,37
15520,52,7.0,28
15520,53,32.8,35
15520,54,7.45,31
15520,55,24.0,26
15520,56,38.0,39
15520,57,19.5,33
15520,58,13.25,7
15520,59,55.0,44
15520,60,34.0,15
15520,61,28.5,41
15520,62,49.3,44
15520,63,43.9,22
15520,64,33.25,35
15520,65,21.05,22
15520,66,17.0,41
15520,67,14.0,42
15520,68,12.5,4
15520,69,36.0,19
15520,70,15.0,3
15520,71,21.5,2
15520,72,34.8,4
15520,73,15.0,14
15520,74,10.0,39
15520,75,7.75,41
15520,76,18.0,12
15520,77,13.0,3
15585,1,18.0,9
15585,6,25.0,4
15585,14,23.25,23
15585,21,10.0,26
15585,33,2.5,17
15585,41,9.65,34
15585,48,12.75,9
15585,55,24.0,29
15585,60,34.0,13
15585,61,28.5,34
15585,63,43.9,41
15585,67,14.0,33
15585,68,12.5,13
15596,1,18.0,34
15596,2,19.0,16
15596,3,10.0,33
15596,4,22.0,13
15596,5,21.35,30
15596,6,25.0,28
15596,7,30.0,5
15596,8,40.0,28
15596,9,97.0,49
15596,10,31.0,46
15596,11,21.0,50
15596,12,38.0,21
15596,13,6.0,6
15596,14,23.25,35
15596,15,15.5,15
15596,17,39.0,46
15596,18,62.5,39
15596,19,9.2,29
15596,20,81.0,28
15596,21,10.0,11
15596,22,21.0,8
15596,23,9.0,29
15596,24,4.5,31
15596,25,14.0,12
15596,26,31.23,15
15596,27,43.9,41
15596,28,45.6,22
15596,29,123.79,34
15596,30,25.89,29
15596,31,12.5,4
15596,32,32.0,37
15596,33,2.5,24
15596,34,14.0,37
15596,35,18.0,41
15596,36,19.0,22
15596,37,26.0,44
15596,38,263.5,21
15596,39,18.0,21
15596,40,18.4,37
15596,41,9.65,21
15596,42,14.0,36
15596,43,46.0,4
15596,44,19.45,16
15596,45,9.5,22
15596,46,12.0,41
15596,47,9.5,17
15596,48,12.75,38
15596,49,20.0,31
15596,50,16.25,32
15596,51,53.0,6
15596,52,7.0,30
15596,53,32.8,37
15596,54,7.45,25
15596,55,24.0,16
15596,56,38.0,12
15596,57,19.5,26
15596,58,13.25,44
15596,59,55.0,27
15596,60,34.0,5
15596,61,28.5,17
15596,62,49.3,9
15596,63,43.9,3
15596,64,33.25,3
15596,65,21.05,37
15596,66,17.0,9
15596,67,14.0,24
15596,68,12.5,15
15596,69,36.0,21
15596,70,15.0,48
15596,71,21.5,19
15596,72,34.8,31
15596,73,15.0,10
15596,74,10.0,42
15596,75,7.75,29
15596,76,18.0,20
15596,77,13.0,20
15605,4,22.0,6
15605,9,97.0,12
15605,19,9.2,19
15605,30,25.89,40
15605,46,12.0,47
15605,47,9.5,27
15605,69,36.0,37
15617,1,18.0,37
15617,2,19.0,2
15617,3,10.0,36
15617,4,22.0,45
15617,5,21.35,37
15617,6,25.0,3
15617,7,30.0,16
15617,8,40.0,5
15617,9,97.0,18
15617,10,31.0,25
15617,11,21.0,29
15617,12,38.0,11
15617,13,6.0,46
15617,14,23.25,10
15617,15,15.5,36
15617,16,17.45,3
15617,17,39.0,29
15617,18,62.5,12
15617,19,9.2,22
15617,20,81.0,32
15617,21,10.0,30
15617,22,21.0,40
15617,23,9.0,35
15617,24,4.5,3
15617,25,14.0,11
15617,26,31.23,24
15617,27,43.9,50
15617,28,45.6,23
15617,29,123.79,24
15617,30,25.89,48
15617,31,12.5,5
15617,32,32.0,22
15617,33,2.5,7
15617,34,14.0,13
15617,35,18.0,11
15617,36,19.0,20
15617,37,26.0,39
15617,38,263.5,32
15617,39,18.0,10
15617,40,18.4,26
15617,41,9.65,36
15617,42,14.0,41
15617,44,19.45,21
15617,45,9.5,22
15617,46,12.0,19
15617,47,9.5,12
15617,48,12.75,5
15617,49,20.0,6
15617,50,16.25,29
15617,51,53.0,18
15617,52,7.0,42
15617,53,32.8,6
15617,54,7.45,19
15617,55,24.0,16
15617,56,38.0,45
15617,57,19.5,49
15617,58,13.25,4
15617,59,55.0,17
15617,60,34.0,34
15617,61,28.5,37
15617,62,49.3,16
15617,63,43.9,49
15617,64,33.25,10
15617,65,21.05,5
15617,66,17.0,15
15617,67,14.0,13
15617,68,12.5,19
15617,69,36.0,38
15617,70,15.0,4
15617,71,21.5,35
15617,72,34.8,4
15617,73,15.0,17
15617,74,10.0,38
15617,75,7.75,47
15617,76,18.0,24
15617,77,13.0,24
15624,2,19.0,49
15624,3,10.0,43
15624,4,22.0,47
15624,6,25.0,27
15624,7,30.0,8
15624,11,21.0,30
15624,12,38.0,12
15624,13,6.0,14
15624,16,17.45,28
15624,17,39.0,38
15624,18,62.5,42
15624,19,9.2,30
15624,21,10.0,44
15624,22,21.0,11
15624,23,9.0,49
15624,24,4.5,40
15624,25,14.0,20
15624,28,45.6,25
15624,29,123.79,49
15624,30,25.89,45
15624,32,32.0,2
15624,33,2.5,47
15624,34,14.0,13
15624,35,18.0,4
15624,37,26.0,43
15624,39,18.0,32
15624,40,18.4,38
15624,41,9.65,16
15624,42,14.0,31
15624,43,46.0,20
15624,48,12.75,13
15624,49,20.0,17
15624,51,53.0,38
15624,52,7.0,18
15624,53,32.8,11
15624,56,38.0,40
15624,57,19.5,50
15624,58,13.25,24
15624,59,55.0,18
15624,61,28.5,25
15624,62,49.3,6
15624,66,17.0,5
15624,68,12.5,32
15624,69,36.0,21
15624,72,34.8,37
15624,73,15.0,26
15624,74,10.0,49
15624,77,13.0,23
15628,1,18.0,49
15628,2,19.0,35
15628,3,10.0,49
15628,4,22.0,3
15628,5,21.35,9
15628,6,25.0,17
15628,7,30.0,33
15628,8,40.0,28
15628,9,97.0,49
15628,10,31.0,41
15628,11,21.0,2
15628,12,38.0,16
15628,13,6.0,9
15628,14,23.25,25
15628,15,15.5,21
15628,16,17.45,46
15628,17,39.0,10
15628,19,9.2,10
15628,20,81.0,18
15628,21,10.0,17
15628,22,21.0,6
15628,23,9.0,35
15628,24,4.5,15
15628,25,14.0,4
15628,26,31.23,15
15628,27,43.9,27
15628,28,45.6,48
15628,29,123.79,48
15628,30,25.89,8
15628,31,12.5,20
15628,32,32.0,11
15628,33,2.5,44
15628,34,14.0,46
15628,35,18.0,43
15628,36,19.0,30
15628,37,26.0,19
15628,39,18.0,14
15628,40,18.4,48
15628,41,9.65,8
15628,42,14.0,35
15628,43,46.0,38
15628,44,19.45,24
15628,45,9.5,42
15628,46,12.0,33
15628,47,9.5,47
15628,48,12.75,47
15628,50,16.25,48
15628,51,53.0,10
15628,52,7.0,41
15628,53,32.8,5
15628,54,7.45,32
15628,55,24.0,27
15628,56,38.0,31
15628,57,19.5,14
15628,58,13.25,14
15628,59,55.0,42
15628,60,34.0,29
15628,61,28.5,18
15628,62,49.3,22
15628,63,43.9,41
15628,64,33.25,48
15628,65,21.05,21
15628,66,17.0,41
15628,67,14.0,25
15628,69,36.0,39
15628,70,15.0,8
15628,71,21.5,23
15628,73,15.0,19
15628,74,10.0,19
15628,75,7.75,26
15628,76,18.0,47
15628,77,13.0,28
15636,1,18.0,32
15636,2,19.0,38
15636,3,10.0,6
15636,4,22.0,45
15636,5,21.35,21
15636,6,25.0,30
15636,7,30.0,23
15636,8,40.0,24
15636,9,97.0,25
15636,10,31.0,27
15636,11,21.0,39
15636,12,38.0,31
15636,13,6.0,25
15636,14,23.25,23
15636,15,15.5,40
15636,16,17.45,42
15636,17,39.0,16
15636,18,62.5,29
15636,19,9.2,49
15636,21,10.0,15
15636,22,21.0,34
15636,24,4.5,20
15636,25,14.0,50
15636,26,31.23,1
15636,27,43.9,49
15636,28,45.6,39
15636,29,123.79,49
15636,30,25.89,1
15636,31,12.5,35
15636,33,2.5,38
15636,34,14.0,1
15636,35,18.0,50
15636,36,19.0,4
15636,37,26.0,35
15636,38,263.5,21
15636,40,18.4,9
15636,41,9.65,33
15636,42,14.0,49
15636,44,19.45,25
15636,45,9.5,34
15636,46,12.0,29
15636,47,9.5,29
15636,48,12.75,29
15636,49,20.0,12
15636,50,16.25,39
15636,52,7.0,24
15636,53,32.8,11
15636,54,7.45,15
15636,55,24.0,21
15636,56,38.0,37
15636,57,19.5,42
15636,58,13.25,17
15636,60,34.0,34
15636,61,28.5,41
15636,62,49.3,4
15636,63,43.9,7
15636,64,33.25,48
15636,65,21.05,44
15636,66,17.0,37
15636,67,14.0,16
15636,68,12.5,39
15636,70,15.0,14
15636,73,15.0,12
15636,74,10.0,1
15636,75,7.75,21
15636,76,18.0,46
15663,1,18.0,34
15663,2,19.0,10
15663,4,22.0,17
15663,5,21.35,6
15663,7,30.0,16
15663,9,97.0,24
15663,11,21.0,7
15663,13,6.0,13
15663,14,23.25,45
15663,15,15.5,16
15663,16,17.45,11
15663,18,62.5,1
15663,19,9.2,30
15663,21,10.0,27
15663,22,21.0,30
15663,23,9.0,2
15663,24,4.5,21
15663,25,14.0,36
15663,27,43.9,14
15663,28,45.6,34
15663,29,123.79,43
15663,30,25.89,13
15663,31,12.5,32
15663,32,32.0,16
15663,33,2.5,28
15663,34,14.0,6
15663,36,19.0,16
15663,37,26.0,39
15663,38,263.5,27
15663,40,18.4,47
15663,41,9.65,40
15663,42,14.0,46
15663,43,46.0,38
15663,44,19.45,36
15663,45,9.5,49
15663,46,12.0,39
15663,47,9.5,7
15663,48,12.75,48
15663,49,20.0,33
15663,50,16.25,18
15663,51,53.0,18
15663,53,32.8,21
15663,54,7.45,3
15663,55,24.0,29
15663,56,38.0,29
15663,57,19.5,47
15663,58,13.25,14
15663,59,55.0,43
15663,60,34.0,41
15663,61,28.5,25
15663,62,49.3,32
15663,63,43.9,34
15663,65,21.05,32
15663,66,17.0,7
15663,69,36.0,31
15663,70,15.0,3
15663,71,21.5,6
15663,72,34.8,47
15663,73,15.0,16
15663,74,10.0,18
15663,75,7.75,22
15663,77,13.0,34
15739,1,18.0,22
15739,2,19.0,31
15739,3,10.0,8
15739,4,22.0,14
15739,7,30.0,27
15739,10,31.0,2
15739,12,38.0,4
15739,20,81.0,50
15739,22,21.0,13
15739,23,9.0,26
15739,30,25.89,22
15739,33,2.5,48
15739,34,14.0,39
15739,35,18.0,20
15739,37,26.0,24
15739,43,46.0,27
15739,44,19.45,49
15739,48,12.75,42
15739,53,32.8,43
15739,56,38.0,42
15739,59,55.0,41
15739,60,34.0,11
15739,66,17.0,37
15739,70,15.0,42
15739,71,21.5,12
15739,72,34.8,8
15739,73,15.0,22
15739,75,7.75,25
15739,77,13.0,27
15788,1,18.0,47
15788,6,25.0,23
15788,9,97.0,11
15788,14,23.25,13
15788,15,15.5,20
15788,17,39.0,10
15788,20,81.0,31
15788,22,21.0,33
15788,23,9.0,35
15788,24,4.5,49
15788,25,14.0,4
15788,26,31.23,19
15788,27,43.9,38
15788,29,123.79,46
15788,32,32.0,16
15788,38,263.5,42
15788,39,18.0,3
15788,45,9.5,11
15788,56,38.0,40
15788,57,19.5,5
15788,59,55.0,38
15788,64,33.25,9
15788,72,34.8,50
15788,74,10.0,37
15788,75,7.75,18
15788,76,18.0,33
15796,4,22.0,48
15796,5,21.35,6
15796,6,25.0,30
15796,7,30.0,4
15796,12,38.0,47
15796,14,23.25,4
15796,15,15.5,25
15796,16,17.45,50
15796,17,39.0,5
15796,18,62.5,3
15796,23,9.0,24
15796,24,4.5,44
15796,28,45.6,4
15796,34,14.0,38
15796,41,9.65,33
15796,57,19.5,41
15796,62,49.3,30
15796,67,14.0,22
15796,69,36.0,6
15796,72,34.8,40
15833,4,22.0,38
15833,5,21.35,2
15833,6,25.0,10
15833,10,31.0,14
15833,11,21.0,6
15833,12,38.0,50
15833,16,17.45,6
15833,20,81.0,39
15833,22,21.0,24
15833,24,4.5,4
15833,25,14.0,2
15833,26,31.23,24
15833,28,45.6,7
15833,30,25.89,4
15833,31,12.5,31
15833,32,32.0,39
15833,33,2.5,14
15833,34,14.0,7
15833,35,18.0,50
15833,36,19.0,30
15833,40,18.4,3
15833,43,46.0,44
15833,45,9.5,23
15833,47,9.5,37
15833,48,12.75,15
15833,50,16.25,30
15833,52,7.0,28
15833,53,32.8,45
15833,54,7.45,7
15833,56,38.0,40
15833,58,13.25,40
15833,59,55.0,22
15833,63,43.9,34
15833,64,33.25,5
15833,65,21.05,48
15833,66,17.0,32
15833,68,12.5,34
15833,69,36.0,4
15833,72,34.8,24
15833,73,15.0,47
15833,76,18.0,36
15833,77,13.0,40
15917,1,18.0,19
15917,4,22.0,48
15917,5,21.35,22
15917,7,30.0,17
15917,8,40.0,23
15917,9,97.0,6
15917,10,31.0,34
15917,13,6.0,27
15917,14,23.25,44
15917,16,17.45,50
15917,18,62.5,7
15917,19,9.2,49
15917,30,25.89,45
15917,32,32.0,45
15917,34,14.0,33
15917,35,18.0,39
15917,36,19.0,29
15917,37,26.0,48
15917,39,18.0,35
15917,43,46.0,9
15917,44,19.45,5
15917,45,9.5,46
15917,47,9.5,17
15917,49,20.0,16
15917,51,53.0,46
15917,52,7.0,40
15917,58,13.25,47
15917,60,34.0,43
15917,64,33.25,48
15917,65,21.05,30
15917,66,17.0,5
15917,68,12.5,14
15917,69,36.0,20
15917,70,15.0,35
15917,71,21.5,24
15917,73,15.0,47
15917,74,10.0,42
15917,75,7.75,26
15917,76,18.0,32
15917,77,13.0,46
15922,3,10.0,33
15922,5,21.35,47
15922,7,30.0,43
15922,12,38.0,27
15922,18,62.5,15
15922,24,4.5,41
15922,54,7.45,34
15922,59,55.0,43
15922,60,34.0,12
15922,65,21.05,43
15922,69,36.0,17
15922,72,34.8,4
15922,74,10.0,11
15927,1,18.0,13
15927,3,10.0,28
15927,4,22.0,32
15927,5,21.35,5
15927,6,25.0,34
15927,7,30.0,34
15927,8,40.0,36
15927,9,97.0,22
15927,10,31.0,28
15927,11,21.0,24
15927,12,38.0,20
15927,13,6.0,20
15927,14,23.25,24
15927,16,17.45,48
15927,17,39.0,21
15927,18,62.5,2
15927,19,9.2,19
15927,20,81.0,17
15927,21,10.0,3
15927,22,21.0,31
15927,26,31.23,13
15927,29,123.79,12
15927,30,25.89,23
15927,33,2.5,2
15927,35,18.0,28
15927,37,26.0,45
15927,38,263.5,43
15927,39,18.0,4
15927,40,18.4,25
15927,41,9.65,46
15927,45,9.5,13
15927,46,12.0,12
15927,48,12.75,32
15927,49,20.0,38
15927,50,16.25,46
15927,51,53.0,30
15927,52,7.0,3
15927,56,38.0,38
15927,57,19.5,5
15927,58,13.25,15
15927,59,55.0,35
15927,60,34.0,45
15927,61,28.5,30
15927,62,49.3,12
15927,63,43.9,20
15927,65,21.05,20
15927,66,17.0,20
15927,68,12.5,33
15927,69,36.0,30
15927,70,15.0,25
15927,71,21.5,37
15927,72,34.8,35
15927,74,10.0,48
15927,76,18.0,4
15927,77,13.0,13
15950,1,18.0,39
15950,12,38.0,27
15950,20,81.0,20
15950,23,9.0,37
15950,34,14.0,34
15950,36,19.0,2
15950,40,18.4,35
15950,41,9.65,37
15950,42,14.0,20
15950,46,12.0,28
15950,60,34.0,30
15950,74,10.0,33
15950,76,18.0,25
15975,1,18.0,25
15975,2,19.0,50
15975,3,10.0,45
15975,5,21.35,36
15975,6,25.0,42
15975,9,97.0,46
15975,10,31.0,43
15975,11,21.0,34
15975,12,38.0,13
15975,14,23.25,40
15975,15,15.5,37
15975,17,39.0,32
15975,18,62.5,25
15975,19,9.2,10
15975,20,81.0,9
15975,21,10.0,45
15975,22,21.0,41
15975,23,9.0,9
15975,24,4.5,13
15975,25,14.0,26
15975,26,31.23,34
15975,27,43.9,37
15975,28,45.6,38
15975,30,25.89,40
15975,31,12.5,22
15975,32,32.0,17
15975,34,14.0,29
15975,35,18.0,44
15975,36,19.0,12
15975,37,26.0,20
15975,38,263.5,6
15975,39,18.0,1
15975,42,14.0,6
15975,44,19.45,49
15975,45,9.5,30
15975,50,16.25,50
15975,51,53.0,36
15975,53,32.8,24
15975,54,7.45,44
15975,56,38.0,5
15975,58,13.25,12
15975,61,28.5,27
15975,62,49.3,45
15975,63,43.9,42
15975,64,33.25,24
15975,65,21.05,28
15975,67,14.0,24
15975,69,36.0,14
15975,70,15.0,21
15975,71,21.5,16
15975,73,15.0,7
15975,74,10.0,22
15975,75,7.75,41
15975,77,13.0,37
16009,1,18.0,11
16009,2,19.0,14
16009,4,22.0,31
16009,5,21.35,17
16009,7,30.0,23
16009,8,40.0,28
16009,11,21.0,17
16009,12,38.0,14
16009,13,6.0,1
16009,15,15.5,20
16009,16,17.45,32
16009,17,39.0,41
16009,19,9.2,23
16009,20,81.0,5
16009,21,10.0,13
16009,22,21.0,26
16009,24,4.5,27
16009,27,43.9,32
16009,28,45.6,4
16009,31,12.5,15
16009,32,32.0,30
16009,34,14.0,18
16009,35,18.0,34
16009,36,19.0,26
16009,38,263.5,27
16009,41,9.65,26
16009,42,14.0,28
16009,43,46.0,19
16009,45,9.5,18
16009,46,12.0,18
16009,48,12.75,4
16009,49,20.0,19
16009,50,16.25,20
16009,51,53.0,16
16009,54,7.45,25
16009,59,55.0,23
16009,60,34.0,43
16009,61,28.5,41
16009,63,43.9,36
16009,64,33.25,14
16009,65,21.05,45
16009,66,17.0,12
16009,67,14.0,16
16009,68,12.5,9
16009,69,36.0,3
16009,70,15.0,21
16009,71,21.5,28
16009,73,15.0,3
16009,74,10.0,23
16009,77,13.0,29
16039,1,18.0,3
16039,3,10.0,22
16039,5,21.35,18
16039,6,25.0,41
16039,7,30.0,22
16039,8,40.0,26
16039,10,31.0,11
16039,11,21.0,20
16039,13,6.0,9
16039,14,23.25,32
16039,15,15.5,39
16039,17,39.0,28
16039,18,62.5,38
16039,19,9.2,23
16039,20,81.0,24
16039,21,10.0,26
16039,22,21.0,25
16039,23,9.0,9
16039,24,4.5,3
16039,25,14.0,18
16039,26,31.23,11
16039,28,45.6,49
16039,30,25.89,17
16039,31,12.5,8
16039,32,32.0,24
16039,33,2.5,27
16039,35,18.0,25
16039,36,19.0,18
16039,37,26.0,27
16039,39,18.0,14
16039,40,18.4,3
16039,41,9.65,10
16039,42,14.0,20
16039,44,19.45,21
16039,45,9.5,44
16039,46,12.0,40
16039,47,9.5,37
16039,48,12.75,17
16039,49,20.0,49
16039,50,16.25,5
16039,51,53.0,37
16039,52,7.0,6
16039,53,32.8,19
16039,54,7.45,5
16039,55,24.0,39
16039,56,38.0,25
16039,57,19.5,24
16039,59,55.0,8
16039,60,34.0,13
16039,64,33.25,29
16039,65,21.05,34
16039,66,17.0,36
16039,69,36.0,22
16039,70,15.0,45
16039,71,21.5,14
16039,72,34.8,33
16039,73,15.0,2
16039,74,10.0,29
16039,75,7.75,28
16039,76,18.0,45
16039,77,13.0,36
16048,1,18.0,30
16048,2,19.0,35
16048,3,10.0,45
16048,4,22.0,37
16048,5,21.35,17
16048,7,30.0,47
16048,8,40.0,11
16048,9,97.0,35
16048,10,31.0,32
16048,11,21.0,15
16048,12,38.0,45
16048,13,6.0,15
16048,14,23.25,34
16048,15,15.5,32
16048,16,17.45,45
16048,18,62.5,36
16048,19,9.2,39
16048,20,81.0,43
16048,21,10.0,7
16048,22,21.0,22
16048,23,9.0,33
16048,24,4.5,22
16048,25,14.0,8
16048,26,31.23,10
16048,27,43.9,45
16048,28,45.6,22
16048,29,123.79,8
16048,30,25.89,14
16048,31,12.5,49
16048,32,32.0,19
16048,33,2.5,38
16048,34,14.0,4
16048,35,18.0,5
16048,36,19.0,26
16048,39,18.0,30
16048,40,18.4,24
16048,41,9.65,35
16048,43,46.0,17
16048,44,19.45,17
16048,45,9.5,32
16048,46,12.0,16
16048,47,9.5,42
16048,48,12.75,38
16048,49,20.0,2
16048,50,16.25,23
16048,51,53.0,22
16048,52,7.0,26
16048,53,32.8,44
16048,54,7.45,32
16048,55,24.0,13
16048,56,38.0,10
16048,57,19.5,14
16048,58,13.25,41
16048,59,55.0,12
16048,60,34.0,32
16048,61,28.5,31
16048,63,43.9,27
16048,64,33.25,16
16048,65,21.05,17
16048,66,17.0,35
16048,68,12.5,39
16048,69,36.0,38
16048,70,15.0,4
16048,71,21.5,45
16048,72,34.8,28
16048,73,15.0,32
16048,74,10.0,14
16048,75,7.75,45
16048,76,18.0,27
16082,1,18.0,30
16082,2,19.0,12
16082,3,10.0,43
16082,6,25.0,40
16082,7,30.0,49
16082,11,21.0,24
16082,12,38.0,12
16082,15,15.5,16
16082,16,17.45,41
16082,17,39.0,19
16082,21,10.0,36
16082,26,31.23,19
16082,27,43.9,42
16082,28,45.6,44
16082,29,123.79,1
16082,30,25.89,29
16082,31,12.5,29
16082,32,32.0,27
16082,33,2.5,6
16082,34,14.0,5
16082,35,18.0,42
16082,36,19.0,21
16082,37,26.0,5
16082,39,18.0,36
16082,40,18.4,16
16082,41,9.65,16
16082,42,14.0,46
16082,44,19.45,47
16082,45,9.5,39
16082,51,53.0,7
16082,52,7.0,8
16082,53,32.8,43
16082,54,7.45,24
16082,55,24.0,24
16082,58,13.25,24
16082,60,34.0,31
16082,63,43.9,23
16082,64,33.25,34
16082,65,21.05,37
16082,68,12.5,8
16082,70,15.0,46
16082,71,21.5,7
16082,72,34.8,22
16082,73,15.0,31
16082,74,10.0,1
16143,9,97.0,25
16143,12,38.0,40
16143,24,4.5,14
16143,33,2.5,31
16143,45,9.5,19
16143,46,12.0,14
16143,48,12.75,42
16143,49,20.0,27
16143,51,53.0,44
16143,60,34.0,21
16143,63,43.9,39
16143,68,12.5,6
16143,70,15.0,11
16143,73,15.0,11
16153,1,18.0,14
16153,3,10.0,38
16153,4,22.0,48
16153,5,21.35,49
16153,7,30.0,48
16153,9,97.0,26
16153,10,31.0,4
16153,11,21.0,49
16153,13,6.0,6
16153,14,23.25,17
16153,15,15.5,16
16153,20,81.0,9
16153,22,21.0,23
16153,30,25.89,9
16153,31,12.5,33
16153,32,32.0,41
16153,34,14.0,47
16153,36,19.0,8
16153,37,26.0,21
16153,40,18.4,3
16153,41,9.65,25
16153,43,46.0,2
16153,44,19.45,9
16153,46,12.0,1
16153,47,9.5,49
16153,48,12.75,44
16153,55,24.0,42
16153,56,38.0,8
16153,57,19.5,47
16153,58,13.25,32
16153,59,55.0,17
16153,60,34.0,50
16153,63,43.9,24
16153,66,17.0,8
16153,67,14.0,18
16153,70,15.0,8
16153,73,15.0,4
16153,74,10.0,35
16153,76,18.0,10
16169,1,18.0,18
16169,2,19.0,32
16169,3,10.0,16
16169,4,22.0,8
16169,5,21.35,37
16169,6,25.0,3
16169,7,30.0,4
16169,8,40.0,23
16169,9,97.0,28
16169,10,31.0,11
16169,11,21.0,36
16169,13,6.0,49
16169,14,23.25,2
16169,15,15.5,43
16169,16,17.45,35
16169,17,39.0,3
16169,19,9.2,47
16169,20,81.0,23
16169,21,10.0,42
16169,22,21.0,9
16169,23,9.0,6
16169,24,4.5,44
16169,25,14.0,20
16169,26,31.23,36
16169,27,43.9,4
16169,28,45.6,2
16169,29,123.79,35
16169,30,25.89,28
16169,31,12.5,49
16169,32,32.0,39
16169,33,2.5,24
16169,34,14.0,20
16169,35,18.0,23
16169,36,19.0,45
16169,37,26.0,25
16169,38,263.5,48
16169,39,18.0,1
16169,40,18.4,50
16169,41,9.65,11
16169,42,14.0,50
16169,43,46.0,25
16169,45,9.5,8
16169,46,12.0,20
16169,47,9.5,14
16169,48,12.75,26
16169,49,20.0,38
16169,50,16.25,20
16169,51,53.0,46
16169,52,7.0,20
16169,53,32.8,11
16169,54,7.45,29
16169,55,24.0,20
16169,56,38.0,9
16169,57,19.5,44
16169,58,13.25,27
16169,59,55.0,10
16169,60,34.0,6
16169,61,28.5,42
16169,62,49.3,6
16169,63,43.9,13
16169,64,33.25,38
16169,65,21.05,22
16169,66,17.0,15
16169,67,14.0,10
16169,68,12.5,48
16169,69,36.0,34
16169,70,15.0,36
16169,71,21.5,22
16169,72,34.8,46
16169,73,15.0,5
16169,74,10.0,10
16169,76,18.0,42
16169,77,13.0,19
16181,2,19.0,50
16181,10,31.0,14
16181,14,23.25,45
16181,26,31.23,9
16181,34,14.0,24
16181,35,18.0,41
16181,37,26.0,38
16181,54,7.45,26
16181,58,13.25,2
16181,68,12.5,13
16201,1,18.0,39
16201,2,19.0,21
16201,3,10.0,20
16201,4,22.0,40
16201,5,21.35,15
16201,6,25.0,46
16201,7,30.0,43
16201,8,40.0,2
16201,9,97.0,19
16201,10,31.0,43
16201,11,21.0,27
16201,12,38.0,44
16201,13,6.0,46
16201,14,23.25,1
16201,15,15.5,44
16201,16,17.45,35
16201,17,39.0,26
16201,18,62.5,29
16201,19,9.2,9
16201,20,81.0,3
16201,21,10.0,22
16201,22,21.0,30
16201,23,9.0,5
16201,24,4.5,1
16201,25,14.0,35
16201,27,43.9,5
16201,28,45.6,35
16201,30,25.89,22
16201,31,12.5,1
16201,32,32.0,23
16201,33,2.5,24
16201,34,14.0,38
16201,35,18.0,22
16201,36,19.0,21
16201,37,26.0,12
16201,39,18.0,23
16201,40,18.4,19
16201,41,9.65,21
16201,42,14.0,23
16201,43,46.0,23
16201,44,19.45,3
16201,45,9.5,20
16201,46,12.0,37
16201,47,9.5,36
16201,48,12.75,6
16201,49,20.0,6
16201,50,16.25,6
16201,51,53.0,36
16201,52,7.0,14
16201,53,32.8,31
16201,54,7.45,37
16201,55,24.0,17
16201,56,38.0,25
16201,57,19.5,37
16201,58,13.25,5
16201,59,55.0,19
16201,60,34.0,49
16201,61,28.5,45
16201,62,49.3,39
16201,63,43.9,3
16201,64,33.25,39
16201,65,21.05,39
16201,66,17.0,4
16201,67,14.0,11
16201,68,12.5,39
16201,71,21.5,2
16201,72,34.8,6
16201,73,15.0,45
16201,74,10.0,16
16201,75,7.75,47
16201,76,18.0,42
16201,77,13.0,5
16273,4,22.0,1
16273,6,25.0,29
16273,8,40.0,12
16273,9,97.0,31
16273,10,31.0,29
16273,11,21.0,38
16273,13,6.0,42
16273,14,23.25,29
16273,15,15.5,41
16273,16,17.45,45
16273,19,9.2,44
16273,22,21.0,50
16273,23,9.0,24
16273,25,14.0,38
16273,28,45.6,8
16273,32,32.0,14
16273,34,14.0,22
16273,35,18.0,4
16273,36,19.0,8
16273,38,263.5,16
16273,40,18.4,47
16273,41,9.65,4
16273,42,14.0,27
16273,43,46.0,9
16273,44,19.45,25
16273,45,9.5,33
16273,46,12.0,26
16273,51,53.0,13
16273,52,7.0,29
16273,53,32.8,34
16273,54,7.45,38
16273,55,24.0,6
16273,56,38.0,33
16273,58,13.25,22
16273,61,28.5,11
16273,62,49.3,29
16273,63,43.9,25
16273,64,33.25,9
16273,65,21.05,3
16273,66,17.0,1
16273,67,14.0,26
16273,68,12.5,24
16273,72,34.8,10
16273,75,7.75,41
16287,1,18.0,40
16287,3,10.0,5
16287,4,22.0,7
16287,6,25.0,26
16287,10,31.0,50
16287,16,17.45,27
16287,17,39.0,22
16287,19,9.2,6
16287,20,81.0,12
16287,24,4.5,19
16287,26,31.23,35
16287,28,45.6,44
16287,32,32.0,44
16287,33,2.5,46
16287,34,14.0,21
16287,36,19.0,16
16287,38,263.5,14
16287,39,18.0,16
16287,40,18.4,25
16287,44,19.45,30
16287,47,9.5,22
16287,48,12.75,6
16287,49,20.0,7
16287,53,32.8,41
16287,57,19.5,8
16287,65,21.05,47
16287,67,14.0,5
16287,68,12.5,42
16287,74,10.0,25
16297,68,12.5,23
16329,1,18.0,2
16329,2,19.0,25
16329,4,22.0,41
16329,5,21.35,35
16329,6,25.0,47
16329,8,40.0,41
16329,11,21.0,49
16329,12,38.0,1
16329,14,23.25,1
16329,15,15.5,28
16329,16,17.45,25
16329,18,62.5,50
16329,19,9.2,37
16329,20,81.0,34
16329,21,10.0,36
16329,22,21.0,13
16329,24,4.5,26
16329,26,31.23,45
16329,27,43.9,29
16329,28,45.6,15
16329,29,123.79,1
16329,30,25.89,27
16329,33,2.5,25
16329,35,18.0,11
16329,36,19.0,46
16329,37,26.0,14
16329,38,263.5,42
16329,39,18.0,40
16329,40,18.4,26
16329,41,9.65,42
16329,42,14.0,20
16329,43,46.0,46
16329,44,19.45,39
16329,45,9.5,24
16329,46,12.0,39
16329,47,9.5,39
16329,48,12.75,36
16329,49,20.0,47
16329,50,16.25,47
16329,51,53.0,35
16329,54,7.45,23
16329,59,55.0,27
16329,62,49.3,1
16329,63,43.9,27
16329,64,33.25,21
16329,65,21.05,21
16329,66,17.0,1
16329,67,14.0,6
16329,68,12.5,8
16329,70,15.0,23
16329,72,34.8,45
16329,74,10.0,6
16329,75,7.75,25
16329,76,18.0,5
16329,77,13.0,12
16332,7,30.0,1
16332,8,40.0,31
16332,13,6.0,46
16332,14,23.25,46
16332,20,81.0,27
16332,21,10.0,23
16332,22,21.0,42
16332,23,9.0,2
16332,37,26.0,11
16332,41,9.65,13
16332,42,14.0,24
16332,43,46.0,48
16332,49,20.0,43
16332,52,7.0,25
16332,53,32.8,20
16332,73,15.0,8
16442,1,18.0,50
16442,3,10.0,41
16442,4,22.0,45
16442,6,25.0,24
16442,8,40.0,46
16442,11,21.0,24
16442,12,38.0,49
16442,13,6.0,40
16442,14,23.25,26
16442,19,9.2,3
16442,20,81.0,13
16442,21,10.0,47
16442,22,21.0,17
16442,24,4.5,28
16442,25,14.0,4
16442,30,25.89,34
16442,32,32.0,8
16442,33,2.5,38
16442,34,14.0,48
16442,35,18.0,1
16442,36,19.0,19
16442,37,26.0,46
16442,38,263.5,43
16442,39,18.0,11
16442,41,9.65,3
16442,44,19.45,38
16442,45,9.5,23
16442,47,9.5,31
16442,49,20.0,2
16442,52,7.0,6
16442,54,7.45,32
16442,55,24.0,49
16442,56,38.0,38
16442,57,19.5,47
16442,60,34.0,19
16442,61,28.5,33
16442,63,43.9,23
16442,64,33.25,7
16442,68,12.5,26
16442,70,15.0,24
16442,73,15.0,28
16442,75,7.75,18
16442,77,13.0,29
16443,1,18.0,27
16443,2,19.0,38
16443,3,10.0,38
16443,5,21.35,12
16443,6,25.0,25
16443,7,30.0,1
16443,8,40.0,50
16443,11,21.0,23
16443,12,38.0,24
16443,13,6.0,3
16443,14,23.25,17
16443,16,17.45,40
16443,17,39.0,22
16443,18,62.5,47
16443,19,9.2,47
16443,20,81.0,10
16443,21,10.0,35
16443,22,21.0,44
16443,23,9.0,6
16443,24,4.5,14
16443,25,14.0,25
16443,26,31.23,9
16443,27,43.9,19
16443,28,45.6,1
16443,29,123.79,8
16443,30,25.89,3
16443,31,12.5,44
16443,32,32.0,24
16443,33,2.5,37
16443,34,14.0,39
16443,36,19.0,3
16443,37,26.0,43
16443,38,263.5,8
16443,39,18.0,16
16443,40,18.4,19
16443,41,9.65,28
16443,43,46.0,18
16443,45,9.5,36
16443,46,12.0,31
16443,47,9.5,11
16443,48,12.75,8
16443,49,20.0,21
16443,50,16.25,24
16443,52,7.0,19
16443,56,38.0,9
16443,57,19.5,19
16443,58,13.25,42
16443,59,55.0,12
16443,60,34.0,14
16443,61,28.5,48
16443,63,43.9,38
16443,64,33.25,46
16443,65,21.05,48
16443,66,17.0,48
16443,67,14.0,15
16443,68,12.5,37
16443,69,36.0,15
16443,70,15.0,42
16443,71,21.5,13
16443,72,34.8,27
16443,73,15.0,36
16443,74,10.0,26
16443,75,7.75,22
16443,76,18.0,2
16443,77,13.0,43
16450,1,18.0,30
16450,2,19.0,19
16450,3,10.0,6
16450,4,22.0,1
16450,5,21.35,50
16450,6,25.0,37
16450,7,30.0,20
16450,9,97.0,22
16450,10,31.0,37
16450,11,21.0,28
16450,12,38.0,37
16450,14,23.25,23
16450,15,15.5,32
16450,16,17.45,8
16450,17,39.0,30
16450,18,62.5,39
16450,19,9.2,17
16450,20,81.0,31
16450,21,10.0,4
16450,22,21.0,34
16450,24,4.5,49
16450,26,31.23,34
16450,27,43.9,15
16450,29,123.79,24
16450,30,25.89,12
16450,31,12.5,48
16450,32,32.0,36
16450,33,2.5,33
16450,37,26.0,5
16450,38,263.5,6
16450,39,18.0,41
16450,40,18.4,36
16450,43,46.0,22
16450,45,9.5,3
16450,50,16.25,39
16450,51,53.0,30
16450,52,7.0,21
16450,55,24.0,21
16450,56,38.0,9
16450,57,19.5,46
16450,60,34.0,17
16450,61,28.5,35
16450,62,49.3,25
16450,63,43.9,26
16450,64,33.25,29
16450,65,21.05,9
16450,66,17.0,11
16450,67,14.0,47
16450,68,12.5,7
16450,69,36.0,29
16450,70,15.0,2
16450,71,21.5,6
16450,72,34.8,12
16450,73,15.0,18
16450,74,10.0,31
16450,75,7.75,9
16450,76,18.0,13
16450,77,13.0,38
16452,1,18.0,33
16452,2,19.0,18
16452,3,10.0,4
16452,7,30.0,41
16452,8,40.0,41
16452,10,31.0,38
16452,12,38.0,36
16452,14,23.25,30
16452,16,17.45,22
16452,19,9.2,33
16452,22,21.0,30
16452,24,4.5,2
16452,26,31.23,18
16452,28,45.6,33
16452,29,123.79,5
16452,31,12.5,13
16452,35,18.0,46
16452,36,19.0,45
16452,38,263.5,6
16452,41,9.65,36
16452,42,14.0,38
16452,43,46.0,44
16452,44,19.45,44
16452,57,19.5,18
16452,58,13.25,50
16452,59,55.0,50
16452,60,34.0,27
16452,63,43.9,26
16452,64,33.25,33
16452,67,14.0,5
16452,68,12.5,37
16452,70,15.0,49
16452,72,34.8,45
16452,75,7.75,40
16501,1,18.0,44
16501,2,19.0,21
16501,3,10.0,25
16501,4,22.0,32
16501,5,21.35,14
16501,6,25.0,48
16501,7,30.0,41
16501,8,40.0,49
16501,9,97.0,4
16501,10,31.0,45
16501,11,21.0,19
16501,12,38.0,49
16501,13,6.0,39
16501,14,23.25,38
16501,15,15.5,30
16501,16,17.45,50
16501,17,39.0,34
16501,18,62.5,33
16501,19,9.2,26
16501,20,81.0,43
16501,21,10.0,13
16501,22,21.0,24
16501,23,9.0,37
16501,24,4.5,44
16501,26,31.23,30
16501,27,43.9,31
16501,29,123.79,40
16501,30,25.89,41
16501,31,12.5,45
16501,32,32.0,4
16501,33,2.5,5
16501,34,14.0,30
16501,35,18.0,31
16501,39,18.0,3
16501,40,18.4,16
16501,41,9.65,27
16501,42,14.0,1
16501,43,46.0,34
16501,44,19.45,24
16501,45,9.5,9
16501,46,12.0,25
16501,47,9.5,42
16501,48,12.75,24
16501,49,20.0,14
16501,50,16.25,18
16501,51,53.0,40
16501,52,7.0,18
16501,53,32.8,50
16501,54,7.45,1
16501,56,38.0,12
16501,57,19.5,9
16501,59,55.0,43
16501,60,34.0,25
16501,62,49.3,20
16501,63,43.9,2
16501,64,33.25,25
16501,66,17.0,37
16501,67,14.0,4
16501,68,12.5,1
16501,69,36.0,10
16501,72,34.8,35
16501,74,10.0,18
16501,75,7.75,22
16501,77,13.0,42
16585,2,19.0,10
16585,5,21.35,7
16585,6,25.0,35
16585,10,31.0,19
16585,11,21.0,48
16585,14,23.25,41
16585,15,15.5,26
16585,16,17.45,26
16585,17,39.0,6
16585,18,62.5,35
16585,19,9.2,30
16585,20,81.0,48
16585,21,10.0,49
16585,23,9.0,29
16585,26,31.23,36
16585,27,43.9,8
16585,28,45.6,40
16585,29,123.79,45
16585,32,32.0,27
16585,33,2.5,9
16585,34,14.0,6
16585,35,18.0,23
16585,36,19.0,28
16585,37,26.0,22
16585,38,263.5,8
16585,40,18.4,29
16585,41,9.65,22
16585,42,14.0,35
16585,43,46.0,36
16585,44,19.45,18
16585,46,12.0,27
16585,49,20.0,17
16585,50,16.25,18
16585,52,7.0,7
16585,56,38.0,14
16585,61,28.5,35
16585,62,49.3,8
16585,63,43.9,35
16585,66,17.0,39
16585,68,12.5,8
16585,75,7.75,41
16585,76,18.0,15
16585,77,13.0,22
16593,4,22.0,8
16593,8,40.0,14
16593,9,97.0,29
16593,10,31.0,9
16593,12,38.0,22
16593,15,15.5,4
16593,18,62.5,1
16593,19,9.2,16
16593,21,10.0,41
16593,23,9.0,40
16593,25,14.0,7
16593,26,31.23,38
16593,28,45.6,42
16593,32,32.0,21
16593,36,19.0,31
16593,39,18.0,36
16593,42,14.0,1
16593,43,46.0,32
16593,46,12.0,16
16593,48,12.75,4
16593,49,20.0,43
16593,50,16.25,47
16593,53,32.8,34
16593,54,7.45,29
16593,56,38.0,27
16593,57,19.5,21
16593,59,55.0,7
16593,60,34.0,23
16593,62,49.3,35
16593,63,43.9,20
16593,67,14.0,20
16593,68,12.5,40
16593,71,21.5,13
16593,72,34.8,16
16593,73,15.0,38
16593,75,7.75,21
16600,1,18.0,27
16600,4,22.0,18
16600,5,21.35,10
16600,8,40.0,26
16600,9,97.0,10
16600,10,31.0,8
16600,12,38.0,7
16600,15,15.5,49
16600,19,9.2,23
16600,21,10.0,40
16600,22,21.0,20
16600,30,25.89,44
16600,32,32.0,21
16600,34,14.0,3
16600,38,263.5,25
16600,46,12.0,42
16600,49,20.0,2
16600,56,38.0,2
16600,58,13.25,49
16600,60,34.0,3
16600,65,21.05,28
16600,66,17.0,41
16600,68,12.5,35
16600,73,15.0,41
16600,75,7.75,15
16600,77,13.0,48
16632,3,10.0,43
16632,4,22.0,20
16632,5,21.35,18
16632,7,30.0,1
16632,8,40.0,19
16632,12,38.0,8
16632,14,23.25,36
16632,17,39.0,50
16632,21,10.0,14
16632,24,4.5,23
16632,27,43.9,10
16632,28,45.6,43
16632,29,123.79,23
16632,30,25.89,46
16632,35,18.0,30
16632,39,18.0,11
16632,40,18.4,42
16632,42,14.0,43
16632,44,19.45,19
16632,45,9.5,2
16632,48,12.75,50
16632,49,20.0,20
16632,50,16.25,25
16632,52,7.0,19
16632,54,7.45,23
16632,55,24.0,3
16632,57,19.5,11
16632,59,55.0,17
16632,63,43.9,21
16632,64,33.25,38
16632,65,21.05,30
16632,66,17.0,37
16632,67,14.0,35
16632,68,12.5,6
16632,69,36.0,10
16632,71,21.5,26
16632,73,15.0,4
16632,74,10.0,1
16632,75,7.75,14
16649,1,18.0,44
16649,2,19.0,12
16649,3,10.0,10
16649,4,22.0,8
16649,5,21.35,8
16649,6,25.0,11
16649,7,30.0,24
16649,8,40.0,4
16649,9,97.0,20
16649,10,31.0,40
16649,11,21.0,9
16649,12,38.0,9
16649,13,6.0,32
16649,14,23.25,24
16649,15,15.5,22
16649,16,17.45,4
16649,17,39.0,1
16649,18,62.5,39
16649,19,9.2,3
16649,21,10.0,46
16649,22,21.0,32
16649,23,9.0,21
16649,24,4.5,36
16649,25,14.0,24
16649,26,31.23,22
16649,27,43.9,32
16649,28,45.6,22
16649,29,123.79,6
16649,30,25.89,6
16649,31,12.5,11
16649,32,32.0,35
16649,33,2.5,44
16649,34,14.0,30
16649,35,18.0,33
16649,36,19.0,11
16649,37,26.0,28
16649,38,263.5,35
16649,39,18.0,9
16649,40,18.4,38
16649,41,9.65,29
16649,42,14.0,8
16649,43,46.0,40
16649,44,19.45,3
16649,45,9.5,32
16649,46,12.0,9
16649,47,9.5,29
16649,48,12.75,25
16649,49,20.0,39
16649,50,16.25,3
16649,51,53.0,25
16649,52,7.0,33
16649,53,32.8,17
16649,54,7.45,18
16649,55,24.0,1
16649,56,38.0,1
16649,57,19.5,25
16649,58,13.25,31
16649,59,55.0,22
16649,60,34.0,50
16649,61,28.5,26
16649,62,49.3,50
16649,63,43.9,20
16649,64,33.25,1
16649,65,21.05,12
16649,66,17.0,48
16649,67,14.0,23
16649,68,12.5,7
16649,70,15.0,30
16649,71,21.5,12
16649,72,34.8,35
16649,73,15.0,15
16649,74,10.0,35
16649,75,7.75,29
16649,76,18.0,43
16649,77,13.0,6
16663,1,18.0,22
16663,2,19.0,50
16663,5,21.35,37
16663,6,25.0,10
16663,7,30.0,22
16663,9,97.0,3
16663,13,6.0,39
16663,14,23.25,38
16663,16,17.45,12
16663,17,39.0,21
16663,18,62.5,49
16663,19,9.2,39
16663,20,81.0,46
16663,23,9.0,45
16663,24,4.5,41
16663,25,14.0,2
16663,26,31.23,42
16663,31,12.5,1
16663,32,32.0,36
16663,33,2.5,40
16663,34,14.0,28
16663,36,19.0,36
16663,37,26.0,43
16663,38,263.5,2
16663,40,18.4,3
16663,41,9.65,23
16663,42,14.0,38
16663,44,19.45,50
16663,45,9.5,14
16663,48,12.75,18
16663,49,20.0,33
16663,50,16.25,29
16663,51,53.0,21
16663,52,7.0,1
16663,53,32.8,39
16663,55,24.0,22
16663,56,38.0,45
16663,60,34.0,23
16663,61,28.5,30
16663,63,43.9,41
16663,67,14.0,6
16663,68,12.5,46
16663,70,15.0,5
16663,71,21.5,15
16663,73,15.0,47
16663,75,7.75,4
16663,76,18.0,12
16710,22,21.0,44
16710,32,32.0,7
16710,55,24.0,32
16710,77,13.0,3
16746,1,18.0,4
16746,2,19.0,20
16746,3,10.0,16
16746,6,25.0,29
16746,7,30.0,40
16746,9,97.0,43
16746,10,31.0,35
16746,11,21.0,50
16746,12,38.0,48
16746,13,6.0,49
16746,14,23.25,22
16746,16,17.45,21
16746,17,39.0,12
16746,18,62.5,3
16746,19,9.2,11
16746,20,81.0,47
16746,21,10.0,24
16746,22,21.0,11
16746,23,9.0,49
16746,24,4.5,30
16746,25,14.0,30
16746,26,31.23,28
16746,28,45.6,16
16746,29,123.79,19
16746,30,25.89,45
16746,31,12.5,45
16746,33,2.5,22
16746,34,14.0,20
16746,35,18.0,6
16746,37,26.0,21
16746,38,263.5,41
16746,40,18.4,47
16746,41,9.65,46
16746,43,46.0,44
16746,44,19.45,46
16746,45,9.5,14
16746,46,12.0,44
16746,47,9.5,7
16746,48,12.75,26
16746,49,20.0,6
16746,50,16.25,23
16746,51,53.0,9
16746,54,7.45,2
16746,57,19.5,19
16746,59,55.0,15
16746,60,34.0,3
16746,61,28.5,27
16746,63,43.9,24
16746,64,33.25,30
16746,65,21.05,44
16746,66,17.0,35
16746,67,14.0,25
16746,68,12.5,17
16746,70,15.0,28
16746,72,34.8,21
16746,73,15.0,39
16746,75,7.75,27
16746,76,18.0,5
16790,1,18.0,33
16790,2,19.0,50
16790,3,10.0,47
16790,4,22.0,25
16790,7,30.0,20
16790,8,40.0,27
16790,9,97.0,36
16790,11,21.0,6
16790,12,38.0,48
16790,13,6.0,8
16790,14,23.25,27
16790,15,15.5,26
16790,16,17.45,39
16790,18,62.5,38
16790,19,9.2,43
16790,24,4.5,46
16790,25,14.0,5
16790,26,31.23,22
16790,27,43.9,46
16790,28,45.6,11
16790,29,123.79,26
16790,30,25.89,12
16790,32,32.0,41
16790,33,2.5,38
16790,34,14.0,31
16790,35,18.0,42
16790,36,19.0,34
16790,37,26.0,25
16790,38,263.5,29
16790,40,18.4,30
16790,41,9.65,4
16790,42,14.0,22
16790,45,9.5,8
16790,46,12.0,11
16790,47,9.5,21
16790,48,12.75,25
16790,49,20.0,10
16790,50,16.25,17
16790,52,7.0,16
16790,53,32.8,31
16790,54,7.45,34
16790,55,24.0,7
16790,56,38.0,36
16790,57,19.5,49
16790,59,55.0,31
16790,60,34.0,21
16790,61,28.5,22
16790,62,49.3,11
16790,63,43.9,9
16790,64,33.25,45
16790,65,21.05,15
16790,66,17.0,3
16790,67,14.0,22
16790,68,12.5,21
16790,70,15.0,47
16790,71,21.5,9
16790,72,34.8,11
16790,74,10.0,19
16790,75,7.75,32
16790,77,13.0,22
16806,2,19.0,9
16806,7,30.0,11
16806,10,31.0,45
16806,18,62.5,49
16806,19,9.2,37
16806,20,81.0,22
16806,22,21.0,12
16806,23,9.0,12
16806,24,4.5,15
16806,26,31.23,36
16806,39,18.0,33
16806,42,14.0,11
16806,54,7.45,5
16806,55,24.0,47
16806,56,38.0,17
16806,57,19.5,34
16806,60,34.0,12
16806,65,21.05,2
16806,69,36.0,12
16827,1,18.0,31
16827,2,19.0,25
16827,4,22.0,8
16827,5,21.35,14
16827,9,97.0,10
16827,11,21.0,25
16827,12,38.0,16
16827,13,6.0,25
16827,14,23.25,20
16827,15,15.5,50
16827,16,17.45,24
16827,18,62.5,2
16827,19,9.2,41
16827,20,81.0,50
16827,22,21.0,3
16827,23,9.0,38
16827,24,4.5,40
16827,25,14.0,48
16827,27,43.9,36
16827,28,45.6,21
16827,30,25.89,35
16827,31,12.5,3
16827,33,2.5,41
16827,34,14.0,46
16827,36,19.0,43
16827,37,26.0,35
16827,38,263.5,20
16827,39,18.0,39
16827,40,18.4,5
16827,42,14.0,24
16827,45,9.5,4
16827,46,12.0,39
16827,47,9.5,3
16827,48,12.75,22
16827,51,53.0,20
16827,53,32.8,35
16827,55,24.0,30
16827,56,38.0,20
16827,57,19.5,38
16827,58,13.25,41
16827,59,55.0,10
16827,62,49.3,46
16827,64,33.25,13
16827,65,21.05,43
16827,67,14.0,21
16827,68,12.5,46
16827,69,36.0,24
16827,71,21.5,37
16827,72,34.8,31
16827,73,15.0,33
16827,74,10.0,16
16827,77,13.0,24
16859,2,19.0,37
16859,3,10.0,36
16859,4,22.0,43
16859,7,30.0,32
16859,8,40.0,8
16859,11,21.0,6
16859,13,6.0,6
16859,15,15.5,17
16859,17,39.0,21
16859,28,45.6,29
16859,30,25.89,37
16859,31,12.5,30
16859,39,18.0,4
16859,40,18.4,13
16859,44,19.45,1
16859,45,9.5,48
16859,47,9.5,30
16859,48,12.75,20
16859,49,20.0,37
16859,50,16.25,19
16859,52,7.0,43
16859,55,24.0,35
16859,56,38.0,14
16859,58,13.25,30
16859,60,34.0,42
16859,61,28.5,12
16859,62,49.3,33
16859,65,21.05,16
16859,66,17.0,23
16859,71,21.5,9
16859,73,15.0,8
16859,75,7.75,20
16883,1,18.0,38
16883,2,19.0,24
16883,3,10.0,48
16883,4,22.0,7
16883,5,21.35,3
16883,6,25.0,17
16883,7,30.0,32
16883,8,40.0,34
16883,9,97.0,21
16883,10,31.0,45
16883,11,21.0,26
16883,12,38.0,45
16883,13,6.0,47
16883,15,15.5,19
16883,16,17.45,41
16883,17,39.0,32
16883,18,62.5,13
16883,19,9.2,44
16883,20,81.0,29
16883,22,21.0,47
16883,23,9.0,14
16883,24,4.5,19
16883,25,14.0,21
16883,26,31.23,7
16883,27,43.9,43
16883,28,45.6,1
16883,29,123.79,19
16883,30,25.89,30
16883,31,12.5,37
16883,32,32.0,21
16883,33,2.5,25
16883,34,14.0,4
16883,35,18.0,19
16883,36,19.0,30
16883,37,26.0,26
16883,38,263.5,30
16883,39,18.0,36
16883,41,9.65,41
16883,42,14.0,15
16883,43,46.0,37
16883,44,19.45,34
16883,45,9.5,8
16883,46,12.0,19
16883,47,9.5,50
16883,48,12.75,27
16883,49,20.0,9
16883,50,16.25,19
16883,51,53.0,18
16883,52,7.0,43
16883,53,32.8,26
16883,54,7.45,1
16883,55,24.0,40
16883,56,38.0,19
16883,57,19.5,35
16883,58,13.25,45
16883,59,55.0,26
16883,60,34.0,26
16883,61,28.5,26
16883,62,49.3,38
16883,63,43.9,41
16883,64,33.25,3
16883,65,21.05,17
16883,66,17.0,49
16883,68,12.5,6
16883,69,36.0,23
16883,70,15.0,35
16883,72,34.8,15
16883,73,15.0,47
16883,74,10.0,5
16883,75,7.75,25
16883,76,18.0,4
16883,77,13.0,15
16947,4,22.0,22
16947,6,25.0,17
16947,7,30.0,3
16947,21,10.0,6
16947,22,21.0,38
16947,24,4.5,28
16947,27,43.9,38
16947,35,18.0,13
16947,38,263.5,39
16947,44,19.45,2
16947,46,12.0,50
16947,49,20.0,43
16947,51,53.0,12
16947,52,7.0,8
16947,54,7.45,2
16947,56,38.0,27
16947,58,13.25,19
16947,63,43.9,4
16947,64,33.25,41
16947,67,14.0,46
16947,69,36.0,27
16947,77,13.0,7
16948,2,19.0,32
16948,3,10.0,50
16948,6,25.0,15
16948,7,30.0,47
16948,8,40.0,21
16948,9,97.0,14
16948,11,21.0,19
16948,12,38.0,9
16948,13,6.0,48
16948,15,15.5,4
16948,17,39.0,15
16948,19,9.2,31
16948,20,81.0,39
16948,21,10.0,6
16948,25,14.0,45
16948,26,31.23,36
16948,27,43.9,31
16948,29,123.79,42
16948,30,25.89,27
16948,32,32.0,30
16948,34,14.0,4
16948,35,18.0,42
16948,38,263.5,2
16948,39,18.0,20
16948,40,18.4,41
16948,41,9.65,33
16948,42,14.0,11
16948,43,46.0,42
16948,44,19.45,1
16948,45,9.5,5
16948,46,12.0,28
16948,47,9.5,24
16948,48,12.75,42
16948,49,20.0,1
16948,50,16.25,39
16948,54,7.45,21
16948,58,13.25,48
16948,60,34.0,23
16948,62,49.3,37
16948,64,33.25,13
16948,65,21.05,19
16948,66,17.0,27
16948,67,14.0,13
16948,68,12.5,41
16948,72,34.8,18
16948,73,15.0,33
16948,74,10.0,30
16948,76,18.0,26
17068,5,21.35,35
17068,10,31.0,5
17068,14,23.25,40
17068,16,17.45,6
17068,22,21.0,11
17068,23,9.0,43
17068,31,12.5,45
17068,32,32.0,47
17068,34,14.0,30
17068,38,263.5,21
17068,39,18.0,11
17068,42,14.0,3
17068,43,46.0,38
17068,45,9.5,50
17068,49,20.0,7
17068,53,32.8,8
17068,59,55.0,16
17068,62,49.3,30
17068,63,43.9,34
17068,64,33.25,6
17068,77,13.0,3
17078,3,10.0,21
17078,4,22.0,28
17078,8,40.0,45
17078,31,12.5,42
17078,32,32.0,32
17078,33,2.5,15
17078,37,26.0,23
17078,39,18.0,49
17078,40,18.4,2
17078,43,46.0,20
17078,57,19.5,24
17078,70,15.0,5
17078,72,34.8,47
17177,3,10.0,17
17177,8,40.0,1
17177,11,21.0,43
17177,12,38.0,45
17177,13,6.0,12
17177,22,21.0,45
17177,24,4.5,30
17177,27,43.9,3
17177,36,19.0,25
17177,46,12.0,42
17177,50,16.25,48
17177,68,12.5,41
17177,75,7.75,45
17245,13,6.0,1
17245,19,9.2,9
17245,20,81.0,14
17245,35,18.0,29
17245,38,263.5,36
17245,42,14.0,42
17245,45,9.5,28
17245,47,9.5,29
17245,51,53.0,34
17245,52,7.0,40
17245,54,7.45,21
17245,58,13.25,30
17245,60,34.0,20
17245,64,33.25,5
17245,65,21.05,22
17245,66,17.0,45
17245,67,14.0,11
17245,76,18.0,21
17245,77,13.0,10
17257,1,18.0,36
17257,2,19.0,30
17257,3,10.0,35
17257,5,21.35,21
17257,7,30.0,21
17257,8,40.0,33
17257,9,97.0,34
17257,10,31.0,39
17257,11,21.0,38
17257,12,38.0,39
17257,14,23.25,44
17257,17,39.0,2
17257,18,62.5,49
17257,20,81.0,31
17257,21,10.0,6
17257,24,4.5,37
17257,25,14.0,9
17257,26,31.23,41
17257,29,123.79,27
17257,31,12.5,22
17257,32,32.0,12
17257,33,2.5,14
17257,34,14.0,39
17257,38,263.5,4
17257,40,18.4,38
17257,41,9.65,28
17257,43,46.0,32
17257,44,19.45,6
17257,45,9.5,49
17257,49,20.0,33
17257,55,24.0,6
17257,56,38.0,7
17257,58,13.25,5
17257,61,28.5,35
17257,64,33.25,26
17257,65,21.05,9
17257,70,15.0,10
17257,71,21.5,28
17257,72,34.8,25
17257,73,15.0,16
17257,75,7.75,7
17257,76,18.0,43
17257,77,13.0,23
17274,12,38.0,4
17274,17,39.0,16
17274,24,4.5,32
17274,47,9.5,18
17274,76,18.0,14
17323,4,22.0,4
17323,5,21.35,34
17323,8,40.0,47
17323,10,31.0,20
17323,21,10.0,29
17323,24,4.5,22
17323,29,123.79,46
17323,30,25.89,48
17323,31,12.5,47
17323,33,2.5,15
17323,37,26.0,16
17323,38,263.5,33
17323,46,12.0,12
17323,50,16.25,34
17323,51,53.0,5
17323,54,7.45,24
17323,58,13.25,35
17323,59,55.0,38
17323,64,33.25,1
17323,66,17.0,48
17323,68,12.5,29
17323,69,36.0,35
17323,70,15.0,40
17323,72,34.8,13
17323,73,15.0,1
17323,74,10.0,45
17323,76,18.0,35
17323,77,13.0,31
17325,1,18.0,31
17325,7,30.0,49
17325,11,21.0,25
17325,12,38.0,22
17325,20,81.0,6
17325,26,31.23,29
17325,28,45.6,8
17325,29,123.79,29
17325,31,12.5,5
17325,51,53.0,23
17325,53,32.8,12
17325,54,7.45,39
17325,58,13.25,6
17325,64,33.25,6
17325,66,17.0,12
17325,70,15.0,1
17325,72,34.8,11
17325,73,15.0,31
17325,76,18.0,14
17350,2,19.0,37
17350,3,10.0,49
17350,4,22.0,40
17350,5,21.35,32
17350,6,25.0,33
17350,7,30.0,37
17350,8,40.0,7
17350,9,97.0,45
17350,10,31.0,42
17350,11,21.0,24
17350,12,38.0,18
17350,13,6.0,25
17350,14,23.25,21
17350,15,15.5,12
17350,17,39.0,31
17350,19,9.2,12
17350,20,81.0,32
17350,21,10.0,23
17350,22,21.0,18
17350,23,9.0,10
17350,24,4.5,42
17350,26,31.23,21
17350,30,25.89,41
17350,31,12.5,15
17350,32,32.0,26
17350,33,2.5,11
17350,34,14.0,23
17350,37,26.0,23
17350,38,263.5,21
17350,42,14.0,23
17350,43,46.0,18
17350,44,19.45,21
17350,45,9.5,38
17350,46,12.0,24
17350,47,9.5,19
17350,48,12.75,45
17350,49,20.0,41
17350,51,53.0,18
17350,55,24.0,37
17350,56,38.0,39
17350,57,19.5,23
17350,60,34.0,25
17350,62,49.3,24
17350,66,17.0,47
17350,68,12.5,3
17350,72,34.8,27
17350,76,18.0,13
17395,1,18.0,10
17395,2,19.0,7
17395,5,21.35,11
17395,10,31.0,39
17395,11,21.0,5
17395,14,23.25,49
17395,16,17.45,31
17395,19,9.2,33
17395,21,10.0,22
17395,27,43.9,12
17395,31,12.5,16
17395,33,2.5,25
17395,34,14.0,32
17395,46,12.0,45
17395,47,9.5,46
17395,48,12.75,26
17395,49,20.0,21
17395,62,49.3,1
17395,63,43.9,46
17395,65,21.05,4
17439,12,38.0,16
17439,19,9.2,23
17439,53,32.8,38
17439,65,21.05,10
17492,10,31.0,38
17492,11,21.0,46
17492,12,38.0,8
17492,13,6.0,26
17492,14,23.25,46
17492,22,21.0,19
17492,23,9.0,39
17492,25,14.0,25
17492,27,43.9,36
17492,29,123.79,46
17492,32,32.0,33
17492,33,2.5,24
17492,35,18.0,32
17492,36,19.0,15
17492,38,263.5,35
17492,39,18.0,7
17492,42,14.0,35
17492,43,46.0,50
17492,44,19.45,22
17492,45,9.5,33
17492,46,12.0,48
17492,49,20.0,45
17492,51,53.0,41
17492,55,24.0,20
17492,57,19.5,2
17492,60,34.0,8
17492,64,33.25,23
17492,68,12.5,43
17492,70,15.0,28
17492,71,21.5,29
17492,72,34.8,15
17492,73,15.0,30
17492,74,10.0,25
17492,77,13.0,8
17532,1,18.0,37
17532,2,19.0,22
17532,3,10.0,43
17532,4,22.0,16
17532,5,21.35,3
17532,6,25.0,16
17532,7,30.0,12
17532,8,40.0,10
17532,9,97.0,13
17532,10,31.0,9
17532,11,21.0,42
17532,12,38.0,35
17532,13,6.0,40
17532,14,23.25,16
17532,15,15.5,12
17532,16,17.45,18
17532,17,39.0,31
17532,18,62.5,8
17532,19,9.2,10
17532,20,81.0,42
17532,21,10.0,50
17532,22,21.0,14
17532,23,9.0,43
17532,24,4.5,31
17532,25,14.0,37
17532,26,31.23,7
17532,27,43.9,16
17532,28,45.6,10
17532,29,123.79,28
17532,30,25.89,27
17532,31,12.5,39
17532,32,32.0,21
17532,33,2.5,33
17532,35,18.0,15
17532,36,19.0,12
17532,37,26.0,4
17532,38,263.5,17
17532,40,18.4,47
17532,41,9.65,4
17532,42,14.0,40
17532,43,46.0,48
17532,44,19.45,46
17532,45,9.5,25
17532,46,12.0,41
17532,47,9.5,40
17532,48,12.75,32
17532,49,20.0,21
17532,50,16.25,38
17532,51,53.0,10
17532,52,7.0,9
17532,53,32.8,38
17532,54,7.45,23
17532,55,24.0,8
17532,56,38.0,7
17532,57,19.5,8
17532,58,13.25,11
17532,59,55.0,45
17532,60,34.0,12
17532,61,28.5,35
17532,62,49.3,8
17532,63,43.9,9
17532,64,33.25,24
17532,65,21.05,23
17532,66,17.0,46
17532,67,14.0,48
17532,68,12.5,33
17532,69,36.0,14
17532,70,15.0,7
17532,72,34.8,44
17532,73,15.0,47
17532,74,10.0,17
17532,75,7.75,19
17532,76,18.0,16
17532,77,13.0,41
17637,1,18.0,50
17637,2,19.0,17
17637,3,10.0,39
17637,5,21.35,20
17637,7,30.0,41
17637,8,40.0,22
17637,9,97.0,29
17637,10,31.0,13
17637,11,21.0,33
17637,12,38.0,5
17637,13,6.0,21
17637,15,15.5,31
17637,16,17.45,50
17637,17,39.0,29
17637,18,62.5,35
17637,19,9.2,18
17637,20,81.0,30
17637,21,10.0,17
17637,22,21.0,4
17637,23,9.0,36
17637,25,14.0,3
17637,26,31.23,21
17637,27,43.9,44
17637,28,45.6,32
17637,29,123.79,37
17637,30,25.89,22
17637,31,12.5,7
17637,32,32.0,32
17637,33,2.5,40
17637,34,14.0,35
17637,36,19.0,31
17637,37,26.0,19
17637,38,263.5,4
17637,40,18.4,10
17637,43,46.0,37
17637,44,19.45,19
17637,45,9.5,32
17637,46,12.0,43
17637,47,9.5,8
17637,48,12.75,36
17637,50,16.25,30
17637,51,53.0,29
17637,52,7.0,37
17637,53,32.8,42
17637,54,7.45,48
17637,55,24.0,40
17637,57,19.5,26
17637,58,13.25,32
17637,59,55.0,12
17637,61,28.5,23
17637,63,43.9,22
17637,64,33.25,9
17637,65,21.05,49
17637,66,17.0,26
17637,67,14.0,24
17637,68,12.5,5
17637,69,36.0,18
17637,70,15.0,32
17637,71,21.5,33
17637,72,34.8,38
17637,73,15.0,46
17637,74,10.0,12
17637,75,7.75,34
17637,76,18.0,33
17637,77,13.0,7
17640,4,22.0,42
17640,6,25.0,25
17640,7,30.0,5
17640,8,40.0,43
17640,11,21.0,20
17640,12,38.0,36
17640,14,23.25,10
17640,15,15.5,21
17640,16,17.45,23
17640,18,62.5,6
17640,20,81.0,20
17640,21,10.0,14
17640,23,9.0,45
17640,27,43.9,30
17640,28,45.6,44
17640,29,123.79,29
17640,31,12.5,41
17640,33,2.5,8
17640,34,14.0,14
17640,35,18.0,47
17640,36,19.0,30
17640,37,26.0,12
17640,38,263.5,4
17640,39,18.0,16
17640,41,9.65,15
17640,42,14.0,49
17640,43,46.0,18
17640,44,19.45,33
17640,47,9.5,35
17640,48,12.75,10
17640,50,16.25,29
17640,52,7.0,4
17640,53,32.8,42
17640,54,7.45,17
17640,56,38.0,50
17640,57,19.5,33
17640,59,55.0,19
17640,62,49.3,22
17640,63,43.9,41
17640,64,33.25,34
17640,66,17.0,42
17640,67,14.0,50
17640,68,12.5,21
17640,73,15.0,26
17640,74,10.0,11
17640,75,7.75,47
17640,77,13.0,14
17651,3,10.0,33
17651,4,22.0,11
17651,6,25.0,41
17651,10,31.0,20
17651,11,21.0,22
17651,13,6.0,8
17651,15,15.5,38
17651,17,39.0,24
17651,22,21.0,44
17651,27,43.9,12
17651,29,123.79,38
17651,30,25.89,1
17651,32,32.0,38
17651,34,14.0,16
17651,36,19.0,20
17651,37,26.0,34
17651,38,263.5,25
17651,39,18.0,30
17651,40,18.4,32
17651,43,46.0,48
17651,45,9.5,30
17651,46,12.0,14
17651,48,12.75,39
17651,49,20.0,27
17651,50,16.25,36
17651,51,53.0,25
17651,53,32.8,38
17651,56,38.0,32
17651,58,13.25,40
17651,62,49.3,10
17651,64,33.25,23
17651,66,17.0,11
17651,67,14.0,43
17651,68,12.5,11
17651,69,36.0,8
17651,70,15.0,3
17651,73,15.0,36
17651,76,18.0,12
17651,77,13.0,25
17659,6,25.0,47
17659,13,6.0,34
17659,14,23.25,43
17659,18,62.5,34
17659,19,9.2,7
17659,21,10.0,34
17659,22,21.0,37
17659,25,14.0,7
17659,28,45.6,46
17659,29,123.79,11
17659,31,12.5,23
17659,33,2.5,19
17659,36,19.0,39
17659,37,26.0,35
17659,39,18.0,46
17659,41,9.65,12
17659,43,46.0,30
17659,46,12.0,2
17659,47,9.5,1
17659,48,12.75,27
17659,50,16.25,17
17659,52,7.0,6
17659,53,32.8,35
17659,55,24.0,26
17659,56,38.0,33
17659,57,19.5,39
17659,58,13.25,9
17659,59,55.0,38
17659,61,28.5,44
17659,62,49.3,5
17659,63,43.9,19
17659,64,33.25,43
17659,69,36.0,2
17659,71,21.5,25
17659,72,34.8,6
17659,74,10.0,19
17659,75,7.75,15
17722,1,18.0,14
17722,2,19.0,36
17722,3,10.0,34
17722,4,22.0,35
17722,5,21.35,30
17722,6,25.0,2
17722,8,40.0,19
17722,9,97.0,26
17722,10,31.0,14
17722,11,21.0,8
17722,12,38.0,18
17722,13,6.0,35
17722,15,15.5,27
17722,16,17.45,27
17722,17,39.0,49
17722,18,62.5,18
17722,19,9.2,8
17722,20,81.0,50
17722,21,10.0,5
17722,22,21.0,34
17722,24,4.5,35
17722,25,14.0,17
17722,26,31.23,41
17722,27,43.9,47
17722,28,45.6,17
17722,30,25.89,10
17722,31,12.5,19
17722,32,32.0,47
17722,33,2.5,28
17722,34,14.0,30
17722,35,18.0,9
17722,36,19.0,32
17722,37,26.0,6
17722,38,263.5,16
17722,39,18.0,37
17722,40,18.4,28
17722,41,9.65,15
17722,42,14.0,26
17722,43,46.0,19
17722,45,9.5,40
17722,46,12.0,14
17722,47,9.5,22
17722,48,12.75,17
17722,49,20.0,28
17722,50,16.25,25
17722,51,53.0,25
17722,53,32.8,15
17722,54,7.45,11
17722,55,24.0,10
17722,56,38.0,1
17722,57,19.5,17
17722,58,13.25,9
17722,59,55.0,50
17722,60,34.0,5
17722,61,28.5,9
17722,62,49.3,37
17722,63,43.9,45
17722,65,21.05,44
17722,67,14.0,16
17722,68,12.5,25
17722,69,36.0,40
17722,71,21.5,11
17722,72,34.8,8
17722,73,15.0,3
17722,74,10.0,25
17722,75,7.75,37
17722,76,18.0,37
17722,77,13.0,18
17764,2,19.0,1
17764,5,21.35,37
17764,11,21.0,7
17764,12,38.0,30
17764,25,14.0,34
17764,26,31.23,3
17764,34,14.0,21
17764,44,19.45,9
17764,46,12.0,34
17764,59,55.0,48
17770,2,19.0,14
17770,20,81.0,11
17770,24,4.5,32
17770,26,31.23,38
17770,32,32.0,25
17770,38,263.5,9
17770,46,12.0,15
17770,53,32.8,17
17770,54,7.45,38
17770,60,34.0,25
17770,64,33.25,20
17770,71,21.5,35
17770,72,34.8,37
17770,74,10.0,29
17779,7,30.0,11
17798,2,19.0,45
17798,4,22.0,15
17798,5,21.35,16
17798,7,30.0,48
17798,9,97.0,42
17798,12,38.0,2
17798,13,6.0,25
17798,16,17.45,22
17798,18,62.5,28
17798,19,9.2,6
17798,22,21.0,13
17798,24,4.5,31
17798,25,14.0,8
17798,26,31.23,9
17798,27,43.9,2
17798,28,45.6,33
17798,29,123.79,25
17798,30,25.89,48
17798,31,12.5,11
17798,32,32.0,26
17798,33,2.5,15
17798,34,14.0,13
17798,35,18.0,11
17798,37,26.0,27
17798,38,263.5,46
17798,39,18.0,40
17798,42,14.0,25
17798,43,46.0,39
17798,44,19.45,3
17798,45,9.5,30
17798,46,12.0,27
17798,47,9.5,26
17798,48,12.75,31
17798,50,16.25,28
17798,51,53.0,33
17798,54,7.45,40
17798,55,24.0,21
17798,56,38.0,34
17798,58,13.25,40
17798,59,55.0,6
17798,60,34.0,8
17798,61,28.5,13
17798,62,49.3,2
17798,63,43.9,32
17798,64,33.25,50
17798,65,21.05,41
17798,67,14.0,37
17798,71,21.5,36
17798,73,15.0,27
17798,75,7.75,11
17798,76,18.0,8
17834,2,19.0,24
17834,4,22.0,36
17834,7,30.0,49
17834,12,38.0,27
17834,13,6.0,28
17834,15,15.5,26
17834,19,9.2,44
17834,26,31.23,7
17834,27,43.9,1
17834,29,123.79,20
17834,32,32.0,40
17834,33,2.5,23
17834,41,9.65,37
17834,43,46.0,16
17834,45,9.5,3
17834,50,16.25,3
17834,51,53.0,41
17834,53,32.8,48
17834,54,7.45,13
17834,55,24.0,38
17834,62,49.3,18
17834,63,43.9,49
17834,69,36.0,38
17834,73,15.0,20
17834,74,10.0,30
17834,75,7.75,35
17834,76,18.0,23
17858,1,18.0,35
17858,2,19.0,30
17858,3,10.0,36
17858,5,21.35,1
17858,8,40.0,10
17858,11,21.0,6
17858,12,38.0,9
17858,13,6.0,27
17858,14,23.25,31
17858,18,62.5,11
17858,19,9.2,2
17858,21,10.0,33
17858,23,9.0,36
17858,24,4.5,31
17858,25,14.0,46
17858,28,45.6,42
17858,29,123.79,3
17858,30,25.89,4
17858,32,32.0,26
17858,33,2.5,2
17858,34,14.0,33
17858,35,18.0,16
17858,37,26.0,42
17858,38,263.5,10
17858,39,18.0,30
17858,40,18.4,27
17858,41,9.65,15
17858,43,46.0,30
17858,44,19.45,6
17858,50,16.25,20
17858,54,7.45,44
17858,58,13.25,24
17858,59,55.0,48
17858,64,33.25,13
17858,65,21.05,24
17858,68,12.5,5
17858,69,36.0,42
17858,70,15.0,32
17858,71,21.5,38
17858,72,34.8,17
17858,73,15.0,5
17858,74,10.0,24
17858,77,13.0,16
17891,2,19.0,29
17891,3,10.0,14
17891,5,21.35,48
17891,7,30.0,7
17891,11,21.0,10
17891,12,38.0,14
17891,13,6.0,38
17891,14,23.25,46
17891,16,17.45,23
17891,17,39.0,36
17891,18,62.5,12
17891,19,9.2,3
17891,22,21.0,28
17891,24,4.5,4
17891,26,31.23,21
17891,27,43.9,8
17891,30,25.89,46
17891,34,14.0,25
17891,35,18.0,21
17891,36,19.0,8
17891,38,263.5,5
17891,39,18.0,26
17891,42,14.0,39
17891,43,46.0,37
17891,44,19.45,20
17891,46,12.0,25
17891,47,9.5,22
17891,51,53.0,31
17891,56,38.0,21
17891,57,19.5,3
17891,58,13.25,27
17891,60,34.0,19
17891,62,49.3,37
17891,63,43.9,8
17891,64,33.25,50
17891,66,17.0,50
17891,68,12.5,2
17891,69,36.0,29
17891,70,15.0,22
17891,71,21.5,24
17891,72,34.8,23
17891,75,7.75,45
17934,1,18.0,20
17934,2,19.0,48
17934,3,10.0,3
17934,4,22.0,4
17934,13,6.0,48
17934,14,23.25,45
17934,16,17.45,7
17934,19,9.2,20
17934,22,21.0,15
17934,24,4.5,38
17934,25,14.0,49
17934,26,31.23,35
17934,27,43.9,23
17934,28,45.6,42
17934,29,123.79,9
17934,30,25.89,36
17934,32,32.0,32
17934,34,14.0,25
17934,36,19.0,30
17934,38,263.5,22
17934,39,18.0,45
17934,40,18.4,6
17934,44,19.45,46
17934,45,9.5,18
17934,48,12.75,49
17934,51,53.0,18
17934,56,38.0,1
17934,59,55.0,34
17934,62,49.3,20
17934,64,33.25,9
17934,66,17.0,26
17934,69,36.0,13
17934,70,15.0,33
17934,72,34.8,15
17934,76,18.0,39
17961,6,25.0,4
17961,8,40.0,25
17961,9,97.0,29
17961,10,31.0,46
17961,13,6.0,24
17961,15,15.5,36
17961,18,62.5,10
17961,19,9.2,7
17961,20,81.0,31
17961,25,14.0,36
17961,26,31.23,23
17961,27,43.9,38
17961,29,123.79,48
17961,30,25.89,23
17961,32,32.0,26
17961,35,18.0,9
17961,36,19.0,35
17961,43,46.0,50
17961,45,9.5,46
17961,47,9.5,24
17961,48,12.75,40
17961,49,20.0,25
17961,51,53.0,14
17961,53,32.8,11
17961,54,7.45,46
17961,55,24.0,5
17961,56,38.0,47
17961,57,19.5,32
17961,61,28.5,36
17961,63,43.9,28
17961,64,33.25,12
17961,65,21.05,39
17961,67,14.0,24
17961,70,15.0,24
17961,72,34.8,48
17961,73,15.0,28
17961,76,18.0,18
17976,1,18.0,45
17976,2,19.0,16
17976,3,10.0,29
17976,4,22.0,10
17976,5,21.35,45
17976,6,25.0,10
17976,7,30.0,44
17976,8,40.0,12
17976,9,97.0,42
17976,10,31.0,20
17976,11,21.0,25
17976,12,38.0,12
17976,13,6.0,17
17976,14,23.25,6
17976,15,15.5,30
17976,16,17.45,10
17976,17,39.0,28
17976,18,62.5,47
17976,19,9.2,7
17976,20,81.0,28
17976,21,10.0,18
17976,22,21.0,10
17976,23,9.0,11
17976,24,4.5,9
17976,25,14.0,31
17976,26,31.23,13
17976,27,43.9,49
17976,28,45.6,45
17976,29,123.79,30
17976,30,25.89,35
17976,31,12.5,31
17976,32,32.0,11
17976,33,2.5,3
17976,34,14.0,27
17976,35,18.0,38
17976,37,26.0,48
17976,38,263.5,2
17976,39,18.0,4
17976,40,18.4,28
17976,41,9.65,9
17976,43,46.0,3
17976,44,19.45,23
17976,45,9.5,13
17976,46,12.0,30
17976,47,9.5,14
17976,48,12.75,11
17976,49,20.0,23
17976,50,16.25,9
17976,51,53.0,13
17976,52,7.0,18
17976,53,32.8,12
17976,54,7.45,41
17976,55,24.0,3
17976,56,38.0,39
17976,57,19.5,32
17976,59,55.0,45
17976,60,34.0,35
17976,61,28.5,46
17976,62,49.3,1
17976,63,43.9,30
17976,64,33.25,26
17976,65,21.05,29
17976,66,17.0,22
17976,67,14.0,28
17976,68,12.5,37
17976,69,36.0,30
17976,70,15.0,3
17976,71,21.5,3
17976,72,34.8,15
17976,73,15.0,39
17976,74,10.0,10
17976,75,7.75,45
17976,76,18.0,27
17976,77,13.0,43
18030,1,18.0,32
18030,2,19.0,29
18030,3,10.0,15
18030,6,25.0,49
18030,7,30.0,39
18030,8,40.0,49
18030,9,97.0,4
18030,10,31.0,7
18030,12,38.0,9
18030,13,6.0,23
18030,15,15.5,36
18030,16,17.45,7
18030,17,39.0,45
18030,18,62.5,1
18030,20,81.0,47
18030,21,10.0,28
18030,24,4.5,9
18030,26,31.23,19
18030,28,45.6,32
18030,30,25.89,9
18030,31,12.5,8
18030,32,32.0,33
18030,33,2.5,22
18030,34,14.0,1
18030,35,18.0,4
18030,36,19.0,12
18030,37,26.0,39
18030,38,263.5,29
18030,39,18.0,40
18030,40,18.4,7
18030,41,9.65,36
18030,45,9.5,7
18030,46,12.0,37
18030,47,9.5,44
18030,49,20.0,20
18030,50,16.25,8
18030,51,53.0,31
18030,52,7.0,5
18030,53,32.8,41
18030,54,7.45,46
18030,55,24.0,38
18030,58,13.25,45
18030,59,55.0,44
18030,60,34.0,18
18030,61,28.5,46
18030,63,43.9,18
18030,65,21.05,29
18030,66,17.0,3
18030,67,14.0,6
18030,68,12.5,25
18030,69,36.0,8
18030,71,21.5,48
18030,73,15.0,43
18030,74,10.0,3
18030,76,18.0,14
18030,77,13.0,6
18063,3,10.0,44
18063,5,21.35,47
18063,6,25.0,17
18063,7,30.0,18
18063,8,40.0,40
18063,9,97.0,29
18063,10,31.0,41
18063,11,21.0,26
18063,12,38.0,30
18063,13,6.0,36
18063,14,23.25,2
18063,15,15.5,45
18063,16,17.45,19
18063,17,39.0,38
18063,18,62.5,34
18063,20,81.0,15
18063,22,21.0,38
18063,23,9.0,40
18063,24,4.5,23
18063,25,14.0,13
18063,26,31.23,27
18063,27,43.9,33
18063,29,123.79,4
18063,30,25.89,33
18063,31,12.5,23
18063,32,32.0,38
18063,33,2.5,30
18063,35,18.0,17
18063,36,19.0,24
18063,38,263.5,9
18063,40,18.4,16
18063,41,9.65,28
18063,42,14.0,37
18063,43,46.0,40
18063,44,19.45,9
18063,45,9.5,21
18063,46,12.0,12
18063,47,9.5,11
18063,48,12.75,31
18063,49,20.0,6
18063,50,16.25,32
18063,51,53.0,50
18063,52,7.0,50
18063,54,7.45,11
18063,56,38.0,20
18063,57,19.5,41
18063,59,55.0,5
18063,64,33.25,27
18063,65,21.05,14
18063,66,17.0,15
18063,68,12.5,39
18063,70,15.0,7
18063,71,21.5,10
18063,73,15.0,24
18063,75,7.75,40
18063,76,18.0,38
18063,77,13.0,24
18100,3,10.0,16
18100,4,22.0,11
18100,7,30.0,17
18100,15,15.5,35
18100,17,39.0,5
18100,21,10.0,9
18100,36,19.0,43
18100,37,26.0,49
18100,38,263.5,12
18100,43,46.0,24
18100,45,9.5,4
18100,50,16.25,28
18100,59,55.0,14
18100,60,34.0,12
18100,63,43.9,14
18100,66,17.0,23
18100,67,14.0,11
18100,73,15.0,46
18100,76,18.0,32
18101,2,19.0,33
18101,4,22.0,37
18101,5,21.35,11
18101,6,25.0,49
18101,7,30.0,32
18101,9,97.0,36
18101,11,21.0,17
18101,13,6.0,36
18101,14,23.25,4
18101,17,39.0,21
18101,18,62.5,14
18101,22,21.0,28
18101,23,9.0,25
18101,24,4.5,19
18101,25,14.0,38
18101,26,31.23,42
18101,27,43.9,19
18101,28,45.6,32
18101,29,123.79,37
18101,30,25.89,50
18101,32,32.0,43
18101,33,2.5,20
18101,34,14.0,16
18101,35,18.0,7
18101,36,19.0,46
18101,38,263.5,41
18101,39,18.0,18
18101,40,18.4,38
18101,41,9.65,15
18101,42,14.0,16
18101,43,46.0,27
18101,45,9.5,19
18101,47,9.5,32
18101,48,12.75,16
18101,49,20.0,15
18101,50,16.25,6
18101,51,53.0,8
18101,52,7.0,40
18101,53,32.8,8
18101,54,7.45,14
18101,56,38.0,14
18101,59,55.0,37
18101,60,34.0,46
18101,61,28.5,31
18101,62,49.3,11
18101,63,43.9,33
18101,64,33.25,5
18101,65,21.05,22
18101,66,17.0,39
18101,67,14.0,48
18101,68,12.5,30
18101,70,15.0,33
18101,71,21.5,49
18101,72,34.8,48
18101,73,15.0,19
18101,74,10.0,22
18101,75,7.75,38
18101,76,18.0,41
18101,77,13.0,17
18109,3,10.0,1
18109,4,22.0,6
18109,8,40.0,34
18109,9,97.0,33
18109,14,23.25,40
18109,16,17.45,35
18109,18,62.5,33
18109,20,81.0,2
18109,24,4.5,29
18109,27,43.9,41
18109,29,123.79,23
18109,32,32.0,24
18109,33,2.5,16
18109,34,14.0,14
18109,36,19.0,42
18109,38,263.5,14
18109,39,18.0,14
18109,40,18.4,1
18109,42,14.0,26
18109,45,9.5,5
18109,46,12.0,43
18109,47,9.5,30
18109,50,16.25,40
18109,52,7.0,15
18109,54,7.45,33
18109,58,13.25,20
18109,60,34.0,14
18109,62,49.3,38
18109,63,43.9,5
18109,65,21.05,15
18109,66,17.0,3
18109,68,12.5,9
18109,69,36.0,1
18109,71,21.5,36
18109,72,34.8,27
18109,74,10.0,17
18109,76,18.0,1
18109,77,13.0,17
18117,20,81.0,40
18117,26,31.23,48
18117,45,9.5,20
18117,62,49.3,40
18119,1,18.0,8
18119,2,19.0,49
18119,4,22.0,36
18119,5,21.35,21
18119,8,40.0,30
18119,9,97.0,5
18119,10,31.0,5
18119,11,21.0,50
18119,12,38.0,10
18119,13,6.0,37
18119,14,23.25,44
18119,15,15.5,37
18119,16,17.45,21
18119,17,39.0,14
18119,18,62.5,34
18119,19,9.2,48
18119,20,81.0,16
18119,21,10.0,11
18119,22,21.0,12
18119,23,9.0,36
18119,24,4.5,33
18119,25,14.0,50
18119,26,31.23,39
18119,27,43.9,12
18119,28,45.6,7
18119,29,123.79,16
18119,30,25.89,25
18119,31,12.5,7
18119,32,32.0,41
18119,33,2.5,20
18119,34,14.0,12
18119,35,18.0,4
18119,36,19.0,20
18119,37,26.0,38
18119,38,263.5,39
18119,39,18.0,42
18119,41,9.65,44
18119,42,14.0,22
18119,44,19.45,38
18119,45,9.5,24
18119,46,12.0,41
18119,47,9.5,23
18119,48,12.75,30
18119,49,20.0,10
18119,50,16.25,25
18119,51,53.0,49
18119,52,7.0,46
18119,54,7.45,18
18119,55,24.0,50
18119,56,38.0,25
18119,57,19.5,45
18119,59,55.0,40
18119,60,34.0,21
18119,62,49.3,29
18119,64,33.25,50
18119,65,21.05,44
18119,66,17.0,4
18119,67,14.0,33
18119,69,36.0,42
18119,71,21.5,21
18119,72,34.8,28
18119,74,10.0,47
18119,75,7.75,14
18119,77,13.0,34
18130,1,18.0,16
18130,8,40.0,34
18130,9,97.0,41
18130,13,6.0,42
18130,16,17.45,33
18130,21,10.0,14
18130,23,9.0,43
18130,28,45.6,21
18130,33,2.5,21
18130,34,14.0,17
18130,36,19.0,41
18130,41,9.65,48
18130,42,14.0,23
18130,45,9.5,42
18130,48,12.75,50
18130,49,20.0,45
18130,52,7.0,7
18130,60,34.0,31
18130,62,49.3,14
18130,65,21.05,50
18130,68,12.5,39
18130,75,7.75,32
18130,76,18.0,26
18130,77,13.0,50
18188,3,10.0,17
18188,4,22.0,33
18188,5,21.35,45
18188,6,25.0,30
18188,7,30.0,29
18188,8,40.0,39
18188,14,23.25,31
18188,15,15.5,20
18188,18,62.5,27
18188,20,81.0,31
18188,24,4.5,8
18188,25,14.0,4
18188,26,31.23,12
18188,28,45.6,43
18188,30,25.89,27
18188,35,18.0,30
18188,38,263.5,13
18188,39,18.0,22
18188,41,9.65,8
18188,44,19.45,43
18188,46,12.0,13
18188,47,9.5,15
18188,48,12.75,30
18188,49,20.0,31
18188,51,53.0,36
18188,57,19.5,30
18188,58,13.25,11
18188,59,55.0,46
18188,62,49.3,18
18188,65,21.05,6
18188,66,17.0,50
18188,72,34.8,30
18188,74,10.0,49
18188,77,13.0,49
18217,3,10.0,23
18217,4,22.0,20
18217,8,40.0,30
18217,10,31.0,8
18217,11,21.0,36
18217,12,38.0,6
18217,15,15.5,32
18217,18,62.5,46
18217,22,21.0,42
18217,24,4.5,22
18217,25,14.0,41
18217,27,43.9,33
18217,30,25.89,12
18217,34,14.0,3
18217,36,19.0,8
18217,38,263.5,41
18217,39,18.0,46
18217,41,9.65,9
18217,43,46.0,41
18217,44,19.45,23
18217,46,12.0,25
18217,56,38.0,14
18217,58,13.25,33
18217,60,34.0,46
18217,61,28.5,25
18217,62,49.3,10
18217,69,36.0,23
18217,70,15.0,27
18217,76,18.0,39
18254,1,18.0,35
18254,2,19.0,32
18254,5,21.35,50
18254,7,30.0,13
18254,8,40.0,43
18254,10,31.0,47
18254,11,21.0,19
18254,13,6.0,6
18254,14,23.25,27
18254,15,15.5,29
18254,17,39.0,38
18254,22,21.0,23
18254,24,4.5,15
18254,25,14.0,12
18254,30,25.89,10
18254,31,12.5,38
18254,33,2.5,49
18254,37,26.0,5
18254,38,263.5,22
18254,41,9.65,31
18254,49,20.0,27
18254,50,16.25,43
18254,52,7.0,17
18254,54,7.45,7
18254,55,24.0,50
18254,56,38.0,26
18254,57,19.5,49
18254,58,13.25,24
18254,59,55.0,35
18254,60,34.0,1
18254,65,21.05,16
18254,68,12.5,35
18254,71,21.5,2
18254,73,15.0,34
18254,75,7.75,28
18254,76,18.0,44
18254,77,13.0,2
18284,2,19.0,24
18284,3,10.0,38
18284,4,22.0,47
18284,5,21.35,5
18284,7,30.0,33
18284,9,97.0,24
18284,10,31.0,33
18284,11,21.0,41
18284,12,38.0,22
18284,13,6.0,39
18284,14,23.25,39
18284,15,15.5,14
18284,16,17.45,17
18284,17,39.0,25
18284,18,62.5,6
18284,19,9.2,44
18284,21,10.0,25
18284,22,21.0,34
18284,23,9.0,35
18284,24,4.5,49
18284,25,14.0,34
18284,27,43.9,30
18284,28,45.6,3
18284,29,123.79,11
18284,30,25.89,21
18284,31,12.5,7
18284,32,32.0,28
18284,33,2.5,18
18284,34,14.0,41
18284,35,18.0,8
18284,36,19.0,15
18284,37,26.0,40
18284,38,263.5,27
18284,40,18.4,3
18284,41,9.65,43
18284,42,14.0,9
18284,43,46.0,1
18284,44,19.45,17
18284,47,9.5,42
18284,48,12.75,37
18284,49,20.0,47
18284,51,53.0,7
18284,52,7.0,10
18284,54,7.45,41
18284,55,24.0,10
18284,57,19.5,41
18284,58,13.25,39
18284,60,34.0,32
18284,61,28.5,46
18284,62,49.3,24
18284,63,43.9,41
18284,64,33.25,16
18284,65,21.05,38
18284,66,17.0,50
18284,67,14.0,15
18284,69,36.0,6
18284,70,15.0,41
18284,71,21.5,41
18284,72,34.8,19
18284,73,15.0,43
18284,74,10.0,7
18284,75,7.75,1
18396,8,40.0,15
18396,26,31.23,11
18396,28,45.6,4
18396,46,12.0,18
18396,50,16.25,39
18396,74,10.0,29
18396,77,13.0,1
18423,1,18.0,50
18423,2,19.0,10
18423,4,22.0,36
18423,7,30.0,41
18423,9,97.0,12
18423,11,21.0,10
18423,12,38.0,50
18423,15,15.5,16
18423,16,17.45,15
18423,17,39.0,11
18423,19,9.2,50
18423,20,81.0,6
18423,21,10.0,23
18423,23,9.0,10
18423,25,14.0,5
18423,26,31.23,41
18423,31,12.5,3
18423,33,2.5,2
18423,34,14.0,42
18423,35,18.0,13
18423,36,19.0,40
18423,37,26.0,12
18423,40,18.4,3
18423,41,9.65,37
18423,44,19.45,17
18423,45,9.5,24
18423,47,9.5,10
18423,49,20.0,11
18423,50,16.25,15
18423,51,53.0,15
18423,54,7.45,29
18423,56,38.0,38
18423,61,28.5,45
18423,66,17.0,40
18423,67,14.0,47
18423,72,34.8,28
18423,76,18.0,8
18423,77,13.0,34
18456,1,18.0,31
18456,2,19.0,22
18456,3,10.0,10
18456,5,21.35,11
18456,7,30.0,43
18456,8,40.0,22
18456,9,97.0,13
18456,10,31.0,9
18456,11,21.0,21
18456,12,38.0,45
18456,13,6.0,35
18456,18,62.5,16
18456,19,9.2,28
18456,21,10.0,38
18456,22,21.0,25
18456,23,9.0,5
18456,25,14.0,10
18456,29,123.79,28
18456,31,12.5,35
18456,32,32.0,34
18456,34,14.0,25
18456,36,19.0,19
18456,39,18.0,20
18456,41,9.65,9
18456,44,19.45,12
18456,45,9.5,8
18456,46,12.0,22
18456,47,9.5,16
18456,48,12.75,29
18456,49,20.0,16
18456,50,16.25,39
18456,51,53.0,1
18456,52,7.0,26
18456,55,24.0,5
18456,56,38.0,45
18456,57,19.5,1
18456,58,13.25,41
18456,60,34.0,20
18456,61,28.5,10
18456,62,49.3,34
18456,65,21.05,30
18456,68,12.5,6
18456,69,36.0,15
18456,71,21.5,10
18456,72,34.8,2
18456,73,15.0,33
18456,74,10.0,47
18456,76,18.0,40
18458,18,62.5,27
18458,25,14.0,43
18458,26,31.23,49
18458,27,43.9,25
18458,30,25.89,46
18458,65,21.05,9
18458,71,21.5,50
18483,2,19.0,17
18483,3,10.0,40
18483,6,25.0,38
18483,7,30.0,48
18483,10,31.0,1
18483,11,21.0,9
18483,12,38.0,27
18483,13,6.0,34
18483,15,15.5,13
18483,19,9.2,41
18483,20,81.0,34
18483,22,21.0,26
18483,24,4.5,38
18483,26,31.23,29
18483,28,45.6,34
18483,33,2.5,38
18483,34,14.0,21
18483,35,18.0,5
18483,36,19.0,37
18483,38,263.5,1
18483,40,18.4,2
18483,41,9.65,9
18483,43,46.0,38
18483,44,19.45,42
18483,46,12.0,33
18483,48,12.75,16
18483,50,16.25,31
18483,51,53.0,23
18483,52,7.0,47
18483,57,19.5,9
18483,60,34.0,27
18483,64,33.25,43
18483,65,21.05,22
18483,66,17.0,2
18483,68,12.5,10
18483,70,15.0,43
18483,71,21.5,43
18483,73,15.0,7
18483,74,10.0,48
18483,76,18.0,23
18483,77,13.0,10
18489,1,18.0,24
18489,2,19.0,9
18489,4,22.0,47
18489,5,21.35,39
18489,6,25.0,50
18489,8,40.0,49
18489,9,97.0,1
18489,10,31.0,31
18489,11,21.0,8
18489,14,23.25,45
18489,15,15.5,45
18489,16,17.45,20
18489,17,39.0,34
18489,18,62.5,16
18489,19,9.2,24
18489,20,81.0,28
18489,21,10.0,25
18489,22,21.0,31
18489,23,9.0,20
18489,24,4.5,25
18489,27,43.9,48
18489,29,123.79,3
18489,33,2.5,39
18489,34,14.0,30
18489,36,19.0,10
18489,37,26.0,41
18489,38,263.5,41
18489,40,18.4,43
18489,42,14.0,23
18489,46,12.0,25
18489,47,9.5,33
18489,48,12.75,41
18489,49,20.0,17
18489,50,16.25,1
18489,51,53.0,41
18489,52,7.0,13
18489,53,32.8,46
18489,54,7.45,45
18489,55,24.0,50
18489,56,38.0,1
18489,57,19.5,17
18489,58,13.25,42
18489,60,34.0,35
18489,63,43.9,41
18489,65,21.05,15
18489,66,17.0,5
18489,67,14.0,32
18489,68,12.5,13
18489,69,36.0,13
18489,71,21.5,31
18489,72,34.8,32
18489,73,15.0,48
18489,74,10.0,24
18489,75,7.75,50
18505,1,18.0,16
18505,6,25.0,46
18505,7,30.0,46
18505,10,31.0,38
18505,11,21.0,3
18505,12,38.0,9
18505,15,15.5,13
18505,18,62.5,47
18505,19,9.2,10
18505,23,9.0,11
18505,25,14.0,1
18505,27,43.9,43
18505,28,45.6,9
18505,35,18.0,28
18505,40,18.4,41
18505,44,19.45,37
18505,45,9.5,8
18505,49,20.0,22
18505,50,16.25,27
18505,51,53.0,13
18505,52,7.0,14
18505,53,32.8,41
18505,55,24.0,14
18505,57,19.5,16
18505,58,13.25,37
18505,59,55.0,12
18505,65,21.05,36
18505,66,17.0,30
18505,70,15.0,2
18505,72,34.8,12
18505,75,7.75,11
18505,76,18.0,38
18581,7,30.0,13
18581,10,31.0,4
18581,13,6.0,13
18581,14,23.25,35
18581,16,17.45,2
18581,17,39.0,2
18581,21,10.0,9
18581,25,14.0,7
18581,27,43.9,18
18581,28,45.6,20
18581,30,25.89,27
18581,32,32.0,14
18581,33,2.5,35
18581,35,18.0,19
18581,38,263.5,49
18581,39,18.0,41
18581,41,9.65,21
18581,47,9.5,2
18581,48,12.75,26
18581,49,20.0,2
18581,52,7.0,37
18581,53,32.8,46
18581,56,38.0,12
18581,64,33.25,4
18581,65,21.05,13
18581,69,36.0,34
18581,71,21.5,36
18581,73,15.0,44
18581,75,7.75,6
18581,77,13.0,4
18639,1,18.0,3
18639,2,19.0,26
18639,3,10.0,20
18639,4,22.0,41
18639,5,21.35,10
18639,6,25.0,24
18639,8,40.0,19
18639,10,31.0,18
18639,11,21.0,11
18639,12,38.0,41
18639,13,6.0,21
18639,14,23.25,34
18639,16,17.45,10
18639,17,39.0,23
18639,18,62.5,44
18639,19,9.2,44
18639,21,10.0,22
18639,22,21.0,29
18639,23,9.0,42
18639,24,4.5,16
18639,25,14.0,41
18639,26,31.23,33
18639,27,43.9,47
18639,28,45.6,48
18639,29,123.79,24
18639,30,25.89,15
18639,31,12.5,17
18639,33,2.5,16
18639,34,14.0,8
18639,35,18.0,40
18639,37,26.0,31
18639,38,263.5,40
18639,39,18.0,32
18639,40,18.4,10
18639,41,9.65,43
18639,42,14.0,33
18639,43,46.0,22
18639,44,19.45,26
18639,45,9.5,10
18639,46,12.0,22
18639,47,9.5,15
18639,48,12.75,11
18639,49,20.0,14
18639,50,16.25,25
18639,51,53.0,30
18639,52,7.0,33
18639,53,32.8,25
18639,54,7.45,30
18639,55,24.0,11
18639,56,38.0,50
18639,57,19.5,10
18639,58,13.25,13
18639,60,34.0,8
18639,61,28.5,34
18639,62,49.3,23
18639,63,43.9,25
18639,64,33.25,37
18639,65,21.05,39
18639,66,17.0,47
18639,67,14.0,46
18639,68,12.5,21
18639,70,15.0,48
18639,71,21.5,22
18639,72,34.8,19
18639,73,15.0,32
18639,74,10.0,24
18639,75,7.75,36
18639,76,18.0,8
18639,77,13.0,24
18685,2,19.0,8
18685,6,25.0,23
18685,8,40.0,50
18685,13,6.0,2
18685,17,39.0,9
18685,20,81.0,15
18685,22,21.0,40
18685,25,14.0,11
18685,26,31.23,19
18685,27,43.9,9
18685,32,32.0,41
18685,33,2.5,45
18685,38,263.5,44
18685,43,46.0,18
18685,47,9.5,40
18685,49,20.0,45
18685,50,16.25,8
18685,52,7.0,27
18685,56,38.0,46
18685,57,19.5,26
18685,58,13.25,39
18685,61,28.5,3
18685,62,49.3,35
18685,65,21.05,1
18685,66,17.0,39
18685,74,10.0,25
18689,3,10.0,29
18689,4,22.0,46
18689,6,25.0,46
18689,8,40.0,47
18689,11,21.0,20
18689,12,38.0,35
18689,13,6.0,3
18689,15,15.5,21
18689,16,17.45,41
18689,18,62.5,15
18689,23,9.0,38
18689,25,14.0,50
18689,27,43.9,9
18689,28,45.6,5
18689,29,123.79,16
18689,32,32.0,32
18689,33,2.5,28
18689,35,18.0,29
18689,38,263.5,43
18689,39,18.0,21
18689,40,18.4,6
18689,42,14.0,8
18689,43,46.0,32
18689,44,19.45,38
18689,45,9.5,3
18689,49,20.0,24
18689,50,16.25,38
18689,58,13.25,11
18689,61,28.5,4
18689,62,49.3,31
18689,64,33.25,18
18689,65,21.05,17
18689,68,12.5,23
18689,69,36.0,43
18689,73,15.0,35
18689,74,10.0,26
18689,75,7.75,45
18693,44,19.45,4
18693,45,9.5,31
18767,1,18.0,1
18767,4,22.0,19
18767,6,25.0,5
18767,8,40.0,7
18767,10,31.0,5
18767,12,38.0,48
18767,13,6.0,47
18767,15,15.5,7
18767,17,39.0,45
18767,18,62.5,19
18767,21,10.0,7
18767,24,4.5,48
18767,25,14.0,7
18767,29,123.79,27
18767,30,25.89,30
18767,31,12.5,49
18767,37,26.0,11
18767,41,9.65,43
18767,43,46.0,5
18767,47,9.5,32
18767,50,16.25,14
18767,51,53.0,48
18767,54,7.45,35
18767,59,55.0,2
18767,61,28.5,21
18767,64,33.25,1
18767,65,21.05,24
18767,66,17.0,15
18767,68,12.5,48
18767,71,21.5,6
18767,73,15.0,28
18767,74,10.0,39
18767,75,7.75,28
18767,76,18.0,37
18815,3,10.0,35
18815,6,25.0,45
18815,7,30.0,8
18815,8,40.0,8
18815,15,15.5,14
18815,20,81.0,32
18815,25,14.0,2
18815,29,123.79,26
18815,30,25.89,48
18815,31,12.5,1
18815,35,18.0,22
18815,40,18.4,37
18815,41,9.65,24
18815,42,14.0,31
18815,43,46.0,39
18815,44,19.45,27
18815,46,12.0,26
18815,58,13.25,20
18815,60,34.0,19
18815,62,49.3,48
18815,63,43.9,5
18815,64,33.25,8
18815,66,17.0,38
18815,69,36.0,12
18815,70,15.0,23
18815,71,21.5,15
18889,1,18.0,39
18889,2,19.0,37
18889,3,10.0,34
18889,4,22.0,18
18889,6,25.0,15
18889,8,40.0,30
18889,10,31.0,1
18889,11,21.0,44
18889,12,38.0,38
18889,15,15.5,9
18889,16,17.45,22
18889,17,39.0,29
18889,18,62.5,27
18889,19,9.2,4
18889,20,81.0,32
18889,21,10.0,25
18889,23,9.0,41
18889,26,31.23,10
18889,27,43.9,9
18889,29,123.79,37
18889,30,25.89,17
18889,31,12.5,4
18889,34,14.0,42
18889,35,18.0,46
18889,37,26.0,17
18889,39,18.0,10
18889,40,18.4,19
18889,43,46.0,11
18889,44,19.45,21
18889,47,9.5,40
18889,50,16.25,39
18889,51,53.0,50
18889,53,32.8,38
18889,54,7.45,30
18889,55,24.0,26
18889,56,38.0,1
18889,57,19.5,50
18889,58,13.25,37
18889,59,55.0,10
18889,60,34.0,50
18889,61,28.5,32
18889,63,43.9,34
18889,65,21.05,28
18889,66,17.0,19
18889,69,36.0,3
18889,70,15.0,38
18889,72,34.8,50
18889,73,15.0,22
18889,74,10.0,35
18889,77,13.0,24
18891,1,18.0,14
18891,11,21.0,17
18891,13,6.0,27
18891,14,23.25,41
18891,16,17.45,30
18891,20,81.0,5
18891,25,14.0,34
18891,26,31.23,32
18891,29,123.79,27
18891,34,14.0,50
18891,36,19.0,10
18891,37,26.0,33
18891,39,18.0,2
18891,47,9.5,34
18891,50,16.25,9
18891,55,24.0,41
18891,57,19.5,37
18891,58,13.25,36
18891,60,34.0,9
18891,61,28.5,10
18891,62,49.3,2
18891,63,43.9,28
18891,67,14.0,21
18891,69,36.0,7
18891,70,15.0,20
18891,73,15.0,17
18891,77,13.0,36
18979,1,18.0,39
18979,2,19.0,26
18979,3,10.0,30
18979,4,22.0,29
18979,5,21.35,50
18979,6,25.0,19
18979,7,30.0,2
18979,8,40.0,39
18979,9,97.0,42
18979,10,31.0,31
18979,11,21.0,47
18979,12,38.0,18
18979,14,23.25,19
18979,16,17.45,34
18979,17,39.0,34
18979,18,62.5,45
18979,19,9.2,12
18979,20,81.0,42
18979,21,10.0,21
18979,22,21.0,3
18979,23,9.0,33
18979,24,4.5,45
18979,25,14.0,34
18979,27,43.9,41
18979,28,45.6,43
18979,30,25.89,15
18979,31,12.5,22
18979,32,32.0,42
18979,33,2.5,14
18979,34,14.0,30
18979,35,18.0,22
18979,36,19.0,34
18979,37,26.0,15
18979,38,263.5,26
18979,39,18.0,41
18979,40,18.4,4
18979,41,9.65,32
18979,42,14.0,32
18979,43,46.0,11
18979,44,19.45,7
18979,45,9.5,40
18979,46,12.0,43
18979,47,9.5,7
18979,48,12.75,18
18979,49,20.0,3
18979,50,16.25,43
18979,51,53.0,45
18979,52,7.0,49
18979,53,32.8,40
18979,54,7.45,9
18979,55,24.0,28
18979,57,19.5,5
18979,58,13.25,41
18979,59,55.0,6
18979,60,34.0,41
18979,63,43.9,5
18979,64,33.25,33
18979,65,21.05,49
18979,66,17.0,24
18979,67,14.0,46
18979,68,12.5,26
18979,70,15.0,6
18979,71,21.5,50
18979,72,34.8,36
18979,73,15.0,50
18979,75,7.75,14
18979,76,18.0,26
18979,77,13.0,15
18995,1,18.0,14
18995,2,19.0,32
18995,3,10.0,32
18995,5,21.35,19
18995,6,25.0,6
18995,7,30.0,8
18995,9,97.0,45
18995,10,31.0,30
18995,12,38.0,12
18995,13,6.0,9
18995,14,23.25,47
18995,15,15.5,11
18995,20,81.0,38
18995,22,21.0,38
18995,23,9.0,5
18995,24,4.5,45
18995,25,14.0,13
18995,26,31.23,24
18995,28,45.6,21
18995,32,32.0,11
18995,33,2.5,15
18995,35,18.0,24
18995,36,19.0,34
18995,37,26.0,50
18995,38,263.5,25
18995,39,18.0,13
18995,40,18.4,22
18995,43,46.0,40
18995,44,19.45,38
18995,47,9.5,41
18995,54,7.45,27
18995,56,38.0,13
18995,59,55.0,12
18995,61,28.5,38
18995,63,43.9,36
18995,64,33.25,42
18995,67,14.0,28
18995,68,12.5,5
18995,70,15.0,49
18995,71,21.5,9
18995,73,15.0,3
18995,74,10.0,30
18995,75,7.75,36
18995,76,18.0,25
18995,77,13.0,32
19067,1,18.0,42
19067,2,19.0,47
19067,3,10.0,19
19067,5,21.35,49
19067,6,25.0,34
19067,7,30.0,38
19067,8,40.0,31
19067,9,97.0,37
19067,11,21.0,20
19067,12,38.0,8
19067,14,23.25,21
19067,15,15.5,36
19067,16,17.45,5
19067,18,62.5,19
19067,19,9.2,44
19067,20,81.0,48
19067,21,10.0,23
19067,22,21.0,18
19067,23,9.0,1
19067,24,4.5,11
19067,26,31.23,7
19067,27,43.9,19
19067,28,45.6,31
19067,29,123.79,40
19067,31,12.5,10
19067,33,2.5,7
19067,34,14.0,27
19067,35,18.0,46
19067,36,19.0,11
19067,37,26.0,42
19067,38,263.5,40
19067,40,18.4,15
19067,41,9.65,24
19067,42,14.0,25
19067,43,46.0,21
19067,44,19.45,29
19067,45,9.5,15
19067,46,12.0,31
19067,47,9.5,39
19067,48,12.75,35
19067,50,16.25,16
19067,51,53.0,22
19067,52,7.0,4
19067,53,32.8,33
19067,55,24.0,42
19067,56,38.0,21
19067,57,19.5,45
19067,58,13.25,42
19067,60,34.0,6
19067,62,49.3,7
19067,63,43.9,16
19067,64,33.25,23
19067,65,21.05,38
19067,66,17.0,39
19067,68,12.5,20
19067,70,15.0,47
19067,71,21.5,36
19067,72,34.8,28
19067,73,15.0,1
19067,74,10.0,21
19067,75,7.75,34
19067,77,13.0,50
19088,2,19.0,34
19088,3,10.0,14
19088,5,21.35,38
19088,6,25.0,42
19088,8,40.0,11
19088,13,6.0,17
19088,25,14.0,38
19088,34,14.0,30
19088,40,18.4,27
19088,52,7.0,27
19088,53,32.8,2
19088,63,43.9,34
19088,66,17.0,4
19088,69,36.0,23
19088,70,15.0,35
19088,71,21.5,6
19088,73,15.0,42
19112,1,18.0,17
19112,2,19.0,20
19112,3,10.0,5
19112,4,22.0,16
19112,7,30.0,1
19112,8,40.0,27
19112,9,97.0,36
19112,10,31.0,21
19112,11,21.0,41
19112,12,38.0,10
19112,13,6.0,19
19112,15,15.5,8
19112,17,39.0,5
19112,18,62.5,27
19112,19,9.2,2
19112,20,81.0,6
19112,21,10.0,7
19112,23,9.0,49
19112,24,4.5,7
19112,25,14.0,8
19112,26,31.23,8
19112,27,43.9,41
19112,28,45.6,43
19112,29,123.79,47
19112,31,12.5,48
19112,32,32.0,34
19112,34,14.0,23
19112,36,19.0,42
19112,37,26.0,9
19112,38,263.5,9
19112,39,18.0,39
19112,41,9.65,1
19112,42,14.0,15
19112,43,46.0,14
19112,44,19.45,16
19112,45,9.5,8
19112,47,9.5,12
19112,48,12.75,36
19112,49,20.0,10
19112,52,7.0,36
19112,53,32.8,6
19112,54,7.45,14
19112,55,24.0,20
19112,57,19.5,7
19112,58,13.25,5
19112,59,55.0,26
19112,60,34.0,2
19112,61,28.5,36
19112,62,49.3,46
19112,63,43.9,29
19112,64,33.25,5
19112,65,21.05,22
19112,66,17.0,9
19112,67,14.0,4
19112,68,12.5,17
19112,69,36.0,45
19112,70,15.0,47
19112,71,21.5,16
19112,72,34.8,49
19112,73,15.0,23
19112,74,10.0,48
19112,77,13.0,25
19116,1,18.0,23
19116,8,40.0,46
19116,14,23.25,50
19116,17,39.0,2
19116,19,9.2,22
19116,20,81.0,30
19116,22,21.0,12
19116,23,9.0,5
19116,24,4.5,31
19116,25,14.0,37
19116,26,31.23,43
19116,33,2.5,41
19116,34,14.0,47
19116,37,26.0,35
19116,40,18.4,25
19116,41,9.65,13
19116,42,14.0,3
19116,43,46.0,36
19116,45,9.5,3
19116,48,12.75,4
19116,55,24.0,27
19116,56,38.0,45
19116,58,13.25,3
19116,62,49.3,6
19116,64,33.25,31
19116,65,21.05,18
19116,66,17.0,41
19116,71,21.5,42
19116,72,34.8,10
19116,74,10.0,25
19116,75,7.75,30
19141,6,25.0,26
19141,7,30.0,39
19141,30,25.89,34
19141,39,18.0,24
19141,43,46.0,9
19141,47,9.5,22
19141,53,32.8,20
19141,55,24.0,19
19141,58,13.25,13
19141,62,49.3,34
19141,64,33.25,48
19141,66,17.0,8
19141,73,15.0,39
19141,76,18.0,30
19153,1,18.0,8
19153,3,10.0,19
19153,5,21.35,27
19153,6,25.0,4
19153,7,30.0,45
19153,8,40.0,8
19153,9,97.0,11
19153,10,31.0,50
19153,11,21.0,17
19153,12,38.0,47
19153,14,23.25,1
19153,15,15.5,5
19153,17,39.0,39
19153,18,62.5,28
19153,21,10.0,4
19153,22,21.0,12
19153,24,4.5,45
19153,25,14.0,20
19153,27,43.9,36
19153,29,123.79,38
19153,30,25.89,45
19153,31,12.5,9
19153,32,32.0,7
19153,33,2.5,30
19153,34,14.0,25
19153,36,19.0,5
19153,37,26.0,9
19153,38,263.5,21
19153,40,18.4,24
19153,41,9.65,36
19153,43,46.0,4
19153,44,19.45,48
19153,46,12.0,28
19153,47,9.5,47
19153,49,20.0,45
19153,50,16.25,2
19153,51,53.0,29
19153,54,7.45,34
19153,55,24.0,27
19153,57,19.5,6
19153,58,13.25,43
19153,59,55.0,38
19153,60,34.0,36
19153,61,28.5,5
19153,62,49.3,36
19153,63,43.9,48
19153,64,33.25,1
19153,65,21.05,18
19153,66,17.0,36
19153,67,14.0,11
19153,68,12.5,15
19153,70,15.0,24
19153,71,21.5,49
19153,73,15.0,45
19153,75,7.75,30
19163,2,19.0,24
19163,4,22.0,49
19163,6,25.0,37
19163,11,21.0,21
19163,17,39.0,8
19163,20,81.0,23
19163,23,9.0,31
19163,29,123.79,27
19163,35,18.0,3
19163,39,18.0,27
19163,41,9.65,41
19163,42,14.0,23
19163,43,46.0,41
19163,45,9.5,8
19163,46,12.0,4
19163,47,9.5,49
19163,48,12.75,11
19163,49,20.0,4
19163,50,16.25,48
19163,51,53.0,30
19163,52,7.0,8
19163,53,32.8,40
19163,63,43.9,38
19163,64,33.25,16
19163,66,17.0,7
19163,68,12.5,22
19163,74,10.0,34
19163,75,7.75,40
19163,77,13.0,14
19262,2,19.0,39
19262,6,25.0,9
19262,9,97.0,34
19262,10,31.0,26
19262,11,21.0,38
19262,15,15.5,36
19262,17,39.0,17
19262,26,31.23,15
19262,29,123.79,21
19262,40,18.4,41
19262,44,19.45,48
19262,49,20.0,44
19262,50,16.25,7
19262,52,7.0,21
19262,54,7.45,14
19262,56,38.0,36
19262,63,43.9,15
19262,64,33.25,9
19262,66,17.0,10
19278,4,22.0,30
19278,5,21.35,42
19278,7,30.0,37
19278,8,40.0,48
19278,9,97.0,7
19278,10,31.0,24
19278,12,38.0,41
19278,16,17.45,1
19278,21,10.0,39
19278,24,4.5,21
19278,27,43.9,49
19278,30,25.89,8
19278,32,32.0,40
19278,34,14.0,25
19278,39,18.0,44
19278,42,14.0,4
19278,43,46.0,25
19278,44,19.45,10
19278,49,20.0,40
19278,50,16.25,23
19278,52,7.0,47
19278,56,38.0,11
19278,58,13.25,18
19278,60,34.0,15
19278,61,28.5,22
19278,64,33.25,13
19278,66,17.0,3
19278,72,34.8,49
19278,73,15.0,9
19278,74,10.0,3
19328,2,19.0,4
19328,3,10.0,17
19328,7,30.0,32
19328,8,40.0,17
19328,11,21.0,27
19328,13,6.0,13
19328,14,23.25,11
19328,17,39.0,18
19328,18,62.5,21
19328,19,9.2,20
19328,20,81.0,24
19328,24,4.5,20
19328,28,45.6,42
19328,29,123.79,21
19328,31,12.5,3
19328,33,2.5,27
19328,34,14.0,3
19328,35,18.0,29
19328,36,19.0,33
19328,37,26.0,7
19328,40,18.4,50
19328,46,12.0,23
19328,50,16.25,49
19328,51,53.0,39
19328,53,32.8,13
19328,55,24.0,39
19328,56,38.0,48
19328,57,19.5,42
19328,58,13.25,14
19328,59,55.0,31
19328,62,49.3,9
19328,63,43.9,24
19328,65,21.05,10
19328,66,17.0,50
19328,68,12.5,36
19328,69,36.0,16
19328,72,34.8,6
19328,75,7.75,16
19347,1,18.0,12
19347,2,19.0,17
19347,3,10.0,9
19347,4,22.0,30
19347,5,21.35,25
19347,6,25.0,30
19347,7,30.0,20
19347,9,97.0,18
19347,10,31.0,30
19347,12,38.0,12
19347,13,6.0,18
19347,14,23.25,43
19347,15,15.5,25
19347,19,9.2,4
19347,20,81.0,28
19347,21,10.0,11
19347,23,9.0,15
19347,24,4.5,30
19347,27,43.9,12
19347,28,45.6,44
19347,30,25.89,50
19347,32,32.0,8
19347,33,2.5,22
19347,34,14.0,37
19347,35,18.0,25
19347,36,19.0,29
19347,38,263.5,49
19347,39,18.0,36
19347,42,14.0,37
19347,43,46.0,14
19347,48,12.75,35
19347,49,20.0,50
19347,50,16.25,42
19347,51,53.0,10
19347,52,7.0,2
19347,54,7.45,2
19347,56,38.0,16
19347,57,19.5,19
19347,60,34.0,11
19347,62,49.3,27
19347,63,43.9,38
19347,68,12.5,4
19347,70,15.0,27
19347,71,21.5,5
19347,72,34.8,24
19347,73,15.0,12
19347,75,7.75,12
19347,76,18.0,10
19347,77,13.0,40
19369,1,18.0,20
19369,2,19.0,24
19369,3,10.0,26
19369,4,22.0,50
19369,6,25.0,18
19369,7,30.0,15
19369,8,40.0,20
19369,9,97.0,9
19369,10,31.0,9
19369,11,21.0,40
19369,14,23.25,8
19369,15,15.5,8
19369,16,17.45,33
19369,17,39.0,43
19369,18,62.5,50
19369,19,9.2,27
19369,20,81.0,16
19369,21,10.0,13
19369,22,21.0,50
19369,23,9.0,5
19369,24,4.5,46
19369,25,14.0,11
19369,26,31.23,18
19369,27,43.9,6
19369,29,123.79,6
19369,30,25.89,36
19369,31,12.5,42
19369,32,32.0,13
19369,34,14.0,38
19369,35,18.0,29
19369,36,19.0,10
19369,37,26.0,22
19369,38,263.5,8
19369,39,18.0,38
19369,40,18.4,48
19369,42,14.0,15
19369,43,46.0,49
19369,45,9.5,41
19369,46,12.0,22
19369,48,12.75,19
19369,49,20.0,21
19369,50,16.25,4
19369,52,7.0,26
19369,54,7.45,33
19369,55,24.0,11
19369,56,38.0,6
19369,57,19.5,31
19369,58,13.25,16
19369,64,33.25,33
19369,65,21.05,2
19369,66,17.0,22
19369,68,12.5,5
19369,70,15.0,22
19369,71,21.5,12
19369,72,34.8,13
19369,74,10.0,13
19369,75,7.75,26
19369,76,18.0,2
19369,77,13.0,42
19381,1,18.0,31
19381,2,19.0,10
19381,3,10.0,12
19381,4,22.0,46
19381,6,25.0,22
19381,8,40.0,46
19381,9,97.0,15
19381,10,31.0,36
19381,11,21.0,1
19381,12,38.0,9
19381,14,23.25,9
19381,15,15.5,34
19381,16,17.45,8
19381,17,39.0,11
19381,18,62.5,43
19381,19,9.2,26
19381,21,10.0,46
19381,22,21.0,20
19381,23,9.0,38
19381,24,4.5,10
19381,25,14.0,20
19381,26,31.23,14
19381,28,45.6,5
19381,29,123.79,2
19381,31,12.5,35
19381,32,32.0,18
19381,33,2.5,36
19381,35,18.0,27
19381,37,26.0,48
19381,38,263.5,29
19381,40,18.4,8
19381,41,9.65,7
19381,42,14.0,41
19381,43,46.0,11
19381,44,19.45,46
19381,45,9.5,32
19381,46,12.0,14
19381,47,9.5,3
19381,48,12.75,23
19381,49,20.0,45
19381,50,16.25,5
19381,51,53.0,44
19381,54,7.45,45
19381,55,24.0,11
19381,58,13.25,34
19381,59,55.0,10
19381,60,34.0,10
19381,62,49.3,16
19381,63,43.9,22
19381,64,33.25,14
19381,65,21.05,4
19381,66,17.0,37
19381,68,12.5,15
19381,69,36.0,22
19381,70,15.0,16
19381,71,21.5,2
19381,72,34.8,14
19381,73,15.0,9
19381,74,10.0,48
19381,75,7.75,18
19381,76,18.0,24
19381,77,13.0,24
19389,7,30.0,49
19389,18,62.5,24
19389,19,9.2,29
19389,20,81.0,11
19389,31,12.5,9
19389,32,32.0,3
19389,47,9.5,26
19389,48,12.75,2
19389,49,20.0,21
19389,56,38.0,43
19389,63,43.9,8
19389,68,12.5,44
19389,77,13.0,18
19517,1,18.0,18
19517,2,19.0,7
19517,3,10.0,3
19517,5,21.35,34
19517,6,25.0,25
19517,7,30.0,49
19517,8,40.0,47
19517,9,97.0,45
19517,10,31.0,19
19517,11,21.0,50
19517,12,38.0,16
19517,13,6.0,8
19517,14,23.25,48
19517,15,15.5,6
19517,16,17.45,38
19517,17,39.0,30
19517,18,62.5,6
19517,19,9.2,35
19517,20,81.0,14
19517,21,10.0,17
19517,22,21.0,48
19517,23,9.0,15
19517,24,4.5,18
19517,25,14.0,49
19517,26,31.23,7
19517,27,43.9,10
19517,28,45.6,20
19517,29,123.79,10
19517,30,25.89,46
19517,31,12.5,31
19517,32,32.0,39
19517,33,2.5,22
19517,34,14.0,47
19517,35,18.0,34
19517,36,19.0,12
19517,37,26.0,16
19517,38,263.5,34
19517,39,18.0,20
19517,40,18.4,31
19517,41,9.65,22
19517,42,14.0,40
19517,43,46.0,25
19517,44,19.45,25
19517,45,9.5,13
19517,46,12.0,23
19517,47,9.5,2
19517,48,12.75,49
19517,49,20.0,2
19517,50,16.25,24
19517,51,53.0,40
19517,52,7.0,47
19517,53,32.8,27
19517,54,7.45,33
19517,55,24.0,35
19517,56,38.0,49
19517,57,19.5,35
19517,58,13.25,14
19517,59,55.0,36
19517,60,34.0,42
19517,61,28.5,32
19517,62,49.3,28
19517,63,43.9,30
19517,64,33.25,36
19517,65,21.05,38
19517,66,17.0,37
19517,67,14.0,25
19517,68,12.5,18
19517,69,36.0,29
19517,70,15.0,6
19517,71,21.5,16
19517,72,34.8,22
19517,73,15.0,13
19517,74,10.0,49
19517,75,7.75,7
19517,76,18.0,11
19517,77,13.0,27
19537,1,18.0,30
19537,4,22.0,45
19537,5,21.35,42
19537,7,30.0,7
19537,8,40.0,42
19537,13,6.0,8
19537,14,23.25,44
19537,15,15.5,44
19537,16,17.45,10
19537,17,39.0,4
19537,19,9.2,41
19537,23,9.0,15
19537,25,14.0,45
19537,30,25.89,8
19537,35,18.0,48
19537,36,19.0,47
19537,37,26.0,45
19537,42,14.0,2
19537,44,19.45,15
19537,46,12.0,30
19537,47,9.5,46
19537,53,32.8,47
19537,56,38.0,22
19537,57,19.5,48
19537,58,13.25,10
19537,59,55.0,5
19537,60,34.0,28
19537,61,28.5,42
19537,62,49.3,36
19537,64,33.25,18
19537,65,21.05,1
19537,67,14.0,45
19537,68,12.5,23
19537,69,36.0,45
19537,70,15.0,13
19537,71,21.5,15
19537,76,18.0,23
19538,1,18.0,30
19538,3,10.0,8
19538,5,21.35,38
19538,6,25.0,12
19538,8,40.0,30
19538,10,31.0,40
19538,11,21.0,10
19538,14,23.25,43
19538,18,62.5,24
19538,19,9.2,1
19538,20,81.0,23
19538,28,45.6,21
19538,29,123.79,37
19538,41,9.65,43
19538,43,46.0,18
19538,47,9.5,49
19538,53,32.8,13
19538,55,24.0,23
19538,57,19.5,12
19538,59,55.0,49
19538,61,28.5,44
19538,65,21.05,19
19538,68,12.5,44
19538,69,36.0,41
19538,72,34.8,12
19590,2,19.0,13
19590,3,10.0,16
19590,4,22.0,10
19590,5,21.35,24
19590,6,25.0,23
19590,7,30.0,41
19590,8,40.0,46
19590,9,97.0,8
19590,11,21.0,18
19590,12,38.0,35
19590,13,6.0,36
19590,15,15.5,22
19590,16,17.45,12
19590,17,39.0,23
19590,18,62.5,49
19590,20,81.0,31
19590,21,10.0,22
19590,22,21.0,47
19590,23,9.0,33
19590,24,4.5,41
19590,25,14.0,21
19590,26,31.23,50
19590,27,43.9,38
19590,28,45.6,38
19590,29,123.79,6
19590,31,12.5,37
19590,32,32.0,14
19590,33,2.5,14
19590,34,14.0,32
19590,35,18.0,9
19590,37,26.0,29
19590,38,263.5,46
19590,39,18.0,49
19590,40,18.4,31
19590,41,9.65,21
19590,42,14.0,33
19590,43,46.0,26
19590,44,19.45,24
19590,45,9.5,27
19590,46,12.0,24
19590,47,9.5,3
19590,48,12.75,29
19590,49,20.0,34
19590,50,16.25,31
19590,51,53.0,49
19590,52,7.0,9
19590,53,32.8,37
19590,54,7.45,45
19590,55,24.0,4
19590,56,38.0,15
19590,57,19.5,36
19590,58,13.25,43
19590,59,55.0,42
19590,60,34.0,21
19590,62,49.3,28
19590,63,43.9,48
19590,64,33.25,49
19590,65,21.05,6
19590,66,17.0,3
19590,67,14.0,43
19590,68,12.5,35
19590,69,36.0,9
19590,70,15.0,17
19590,72,34.8,15
19590,73,15.0,34
19590,74,10.0,22
19590,75,7.75,28
19590,76,18.0,35
19590,77,13.0,20
19603,2,19.0,2
19603,19,9.2,20
19603,25,14.0,32
19603,31,12.5,45
19603,39,18.0,19
19603,54,7.45,14
19603,58,13.25,39
19603,59,55.0,17
19603,61,28.5,41
19603,67,14.0,47
19667,9,97.0,32
19667,10,31.0,10
19667,11,21.0,33
19667,18,62.5,44
19667,19,9.2,10
19667,25,14.0,7
19667,58,13.25,18
19667,61,28.5,11
19667,63,43.9,10
19667,64,33.25,16
19667,66,17.0,19
19718,1,18.0,46
19718,2,19.0,36
19718,3,10.0,48
19718,5,21.35,49
19718,6,25.0,46
19718,7,30.0,33
19718,8,40.0,50
19718,10,31.0,18
19718,11,21.0,4
19718,12,38.0,1
19718,13,6.0,28
19718,14,23.25,8
19718,15,15.5,16
19718,16,17.45,20
19718,17,39.0,46
19718,18,62.5,38
19718,19,9.2,44
19718,20,81.0,26
19718,21,10.0,46
19718,22,21.0,8
19718,23,9.0,31
19718,24,4.5,8
19718,25,14.0,50
19718,27,43.9,36
19718,28,45.6,14
19718,29,123.79,1
19718,30,25.89,22
19718,31,12.5,39
19718,32,32.0,1
19718,33,2.5,41
19718,35,18.0,18
19718,36,19.0,28
19718,37,26.0,44
19718,38,263.5,33
19718,40,18.4,21
19718,41,9.65,50
19718,42,14.0,29
19718,43,46.0,39
19718,44,19.45,47
19718,46,12.0,7
19718,47,9.5,40
19718,48,12.75,23
19718,49,20.0,11
19718,50,16.25,49
19718,51,53.0,29
19718,52,7.0,35
19718,53,32.8,45
19718,54,7.45,35
19718,55,24.0,32
19718,58,13.25,28
19718,59,55.0,35
19718,60,34.0,30
19718,61,28.5,49
19718,62,49.3,23
19718,63,43.9,29
19718,65,21.05,24
19718,66,17.0,31
19718,67,14.0,29
19718,68,12.5,13
19718,69,36.0,15
19718,70,15.0,18
19718,71,21.5,21
19718,74,10.0,19
19718,75,7.75,40
19718,77,13.0,9
19727,1,18.0,11
19727,5,21.35,35
19727,9,97.0,8
19727,18,62.5,12
19727,20,81.0,27
19727,22,21.0,7
19727,29,123.79,48
19727,31,12.5,21
19727,45,9.5,43
19727,49,20.0,30
19727,57,19.5,44
19727,72,34.8,50
19820,1,18.0,14
19820,2,19.0,6
19820,3,10.0,39
19820,4,22.0,47
19820,5,21.35,16
19820,6,25.0,29
19820,7,30.0,18
19820,8,40.0,47
19820,10,31.0,39
19820,13,6.0,37
19820,15,15.5,7
19820,16,17.45,7
19820,18,62.5,26
19820,19,9.2,7
19820,20,81.0,37
19820,22,21.0,37
19820,23,9.0,33
19820,24,4.5,19
19820,25,14.0,13
19820,26,31.23,37
19820,27,43.9,42
19820,28,45.6,4
19820,30,25.89,21
19820,31,12.5,17
19820,32,32.0,3
19820,35,18.0,36
19820,36,19.0,34
19820,37,26.0,12
19820,38,263.5,15
19820,39,18.0,48
19820,40,18.4,25
19820,41,9.65,46
19820,42,14.0,1
19820,43,46.0,23
19820,44,19.45,37
19820,45,9.5,35
19820,46,12.0,42
19820,47,9.5,3
19820,48,12.75,33
19820,49,20.0,31
19820,50,16.25,49
19820,51,53.0,14
19820,53,32.8,23
19820,54,7.45,1
19820,55,24.0,6
19820,57,19.5,41
19820,58,13.25,14
19820,59,55.0,17
19820,61,28.5,14
19820,62,49.3,29
19820,63,43.9,19
19820,64,33.25,42
19820,66,17.0,21
19820,67,14.0,45
19820,68,12.5,9
19820,69,36.0,33
19820,70,15.0,17
19820,73,15.0,26
19820,74,10.0,40
19820,75,7.75,45
19820,76,18.0,7
19820,77,13.0,32
19836,2,19.0,44
19836,3,10.0,48
19836,4,22.0,19
19836,5,21.35,33
19836,6,25.0,35
19836,7,30.0,2
19836,9,97.0,27
19836,10,31.0,32
19836,11,21.0,7
19836,12,38.0,14
19836,13,6.0,25
19836,14,23.25,30
19836,15,15.5,7
19836,16,17.45,35
19836,17,39.0,15
19836,19,9.2,9
19836,20,81.0,42
19836,21,10.0,38
19836,22,21.0,9
19836,23,9.0,12
19836,25,14.0,50
19836,26,31.23,34
19836,27,43.9,50
19836,28,45.6,24
19836,29,123.79,28
19836,30,25.89,36
19836,31,12.5,34
19836,32,32.0,40
19836,33,2.5,13
19836,35,18.0,48
19836,36,19.0,34
19836,37,26.0,26
19836,38,263.5,24
19836,39,18.0,21
19836,40,18.4,34
19836,41,9.65,2
19836,42,14.0,27
19836,43,46.0,50
19836,44,19.45,11
19836,45,9.5,47
19836,46,12.0,3
19836,47,9.5,10
19836,48,12.75,29
19836,49,20.0,44
19836,50,16.25,7
19836,51,53.0,13
19836,52,7.0,5
19836,53,32.8,20
19836,54,7.45,48
19836,55,24.0,19
19836,56,38.0,5
19836,57,19.5,25
19836,58,13.25,8
19836,59,55.0,27
19836,60,34.0,14
19836,61,28.5,14
19836,62,49.3,25
19836,64,33.25,26
19836,65,21.05,23
19836,66,17.0,2
19836,67,14.0,47
19836,68,12.5,22
19836,69,36.0,44
19836,71,21.5,16
19836,72,34.8,36
19836,73,15.0,48
19836,74,10.0,27
19836,75,7.75,25
19836,76,18.0,44
19836,77,13.0,29
19938,1,18.0,21
19938,2,19.0,18
19938,3,10.0,43
19938,4,22.0,41
19938,5,21.35,21
19938,6,25.0,32
19938,7,30.0,37
19938,9,97.0,47
19938,10,31.0,20
19938,11,21.0,16
19938,12,38.0,2
19938,13,6.0,50
19938,14,23.25,46
19938,15,15.5,7
19938,16,17.45,10
19938,17,39.0,34
19938,18,62.5,6
19938,19,9.2,17
19938,20,81.0,8
19938,21,10.0,5
19938,22,21.0,20
19938,23,9.0,48
19938,24,4.5,1
19938,25,14.0,18
19938,26,31.23,9
19938,27,43.9,7
19938,29,123.79,15
19938,30,25.89,36
19938,31,12.5,2
19938,33,2.5,12
19938,34,14.0,25
19938,37,26.0,1
19938,38,263.5,48
19938,39,18.0,29
19938,40,18.4,50
19938,41,9.65,9
19938,42,14.0,27
19938,43,46.0,14
19938,44,19.45,9
19938,45,9.5,26
19938,46,12.0,5
19938,47,9.5,24
19938,48,12.75,16
19938,50,16.25,6
19938,52,7.0,19
19938,53,32.8,5
19938,54,7.45,29
19938,55,24.0,48
19938,57,19.5,10
19938,58,13.25,15
19938,59,55.0,2
19938,60,34.0,44
19938,62,49.3,43
19938,64,33.25,48
19938,65,21.05,22
19938,66,17.0,15
19938,67,14.0,31
19938,68,12.5,29
19938,69,36.0,11
19938,70,15.0,1
19938,72,34.8,24
19938,73,15.0,5
19938,74,10.0,37
19938,76,18.0,35
19947,1,18.0,24
19947,4,22.0,48
19947,5,21.35,20
19947,10,31.0,5
19947,21,10.0,33
19947,28,45.6,37
19947,39,18.0,37
19947,40,18.4,14
19970,1,18.0,1
19970,2,19.0,1
19970,4,22.0,6
19970,5,21.35,44
19970,6,25.0,22
19970,7,30.0,24
19970,8,40.0,28
19970,9,97.0,14
19970,10,31.0,4
19970,11,21.0,49
19970,12,38.0,25
19970,13,6.0,44
19970,14,23.25,4
19970,15,15.5,13
19970,16,17.45,40
19970,17,39.0,2
19970,18,62.5,19
19970,19,9.2,14
19970,20,81.0,19
19970,21,10.0,48
19970,22,21.0,18
19970,23,9.0,24
19970,24,4.5,31
19970,25,14.0,26
19970,26,31.23,15
19970,27,43.9,36
19970,28,45.6,36
19970,29,123.79,49
19970,30,25.89,38
19970,31,12.5,21
19970,32,32.0,17
19970,33,2.5,45
19970,34,14.0,24
19970,35,18.0,37
19970,36,19.0,17
19970,37,26.0,16
19970,38,263.5,23
19970,39,18.0,6
19970,40,18.4,19
19970,41,9.65,4
19970,42,14.0,29
19970,43,46.0,24
19970,44,19.45,44
19970,45,9.5,47
19970,46,12.0,14
19970,47,9.5,17
19970,48,12.75,15
19970,49,20.0,15
19970,50,16.25,37
19970,51,53.0,33
19970,52,7.0,21
19970,53,32.8,13
19970,54,7.45,21
19970,55,24.0,12
19970,56,38.0,46
19970,57,19.5,35
19970,58,13.25,29
19970,59,55.0,45
19970,60,34.0,9
19970,61,28.5,41
19970,62,49.3,33
19970,63,43.9,50
19970,64,33.25,13
19970,65,21.05,41
19970,66,17.0,10
19970,67,14.0,26
19970,68,12.5,15
19970,69,36.0,11
19970,70,15.0,24
19970,71,21.5,16
19970,72,34.8,25
19970,73,15.0,14
19970,74,10.0,8
19970,75,7.75,18
19970,76,18.0,18
19970,77,13.0,10
19972,3,10.0,22
19972,5,21.35,21
19972,8,40.0,22
19972,9,97.0,9
19972,11,21.0,44
19972,13,6.0,22
19972,14,23.25,17
19972,15,15.5,32
19972,16,17.45,47
19972,19,9.2,40
19972,22,21.0,19
19972,25,14.0,14
19972,30,25.89,30
19972,31,12.5,27
19972,40,18.4,17
19972,41,9.65,24
19972,42,14.0,32
19972,44,19.45,48
19972,48,12.75,33
19972,51,53.0,25
19972,53,32.8,31
19972,56,38.0,34
19972,60,34.0,33
19972,62,49.3,22
19972,63,43.9,1
19972,65,21.05,1
19972,66,17.0,39
19972,68,12.5,1
19972,73,15.0,38
20000,32,32.0,12
20021,3,10.0,49
20021,4,22.0,32
20021,5,21.35,45
20021,11,21.0,40
20021,15,15.5,15
20021,19,9.2,16
20021,20,81.0,23
20021,23,9.0,13
20021,24,4.5,27
20021,25,14.0,36
20021,26,31.23,31
20021,27,43.9,28
20021,35,18.0,17
20021,38,263.5,21
20021,40,18.4,1
20021,41,9.65,13
20021,43,46.0,31
20021,58,13.25,27
20021,64,33.25,27
20021,69,36.0,4
20021,71,21.5,37
20021,76,18.0,11
20021,77,13.0,15
20054,1,18.0,34
20054,3,10.0,33
20054,4,22.0,29
20054,5,21.35,27
20054,10,31.0,8
20054,12,38.0,3
20054,14,23.25,30
20054,16,17.45,16
20054,19,9.2,35
20054,21,10.0,3
20054,29,123.79,37
20054,32,32.0,25
20054,33,2.5,28
20054,35,18.0,20
20054,36,19.0,23
20054,37,26.0,46
20054,38,263.5,5
20054,42,14.0,31
20054,47,9.5,13
20054,49,20.0,50
20054,50,16.25,33
20054,51,53.0,29
20054,54,7.45,39
20054,55,24.0,17
20054,56,38.0,2
20054,57,19.5,29
20054,58,13.25,28
20054,59,55.0,11
20054,60,34.0,8
20054,61,28.5,15
20054,62,49.3,50
20054,64,33.25,30
20054,69,36.0,44
20054,70,15.0,2
20054,75,7.75,50
20054,76,18.0,12
20054,77,13.0,8
20095,1,18.0,18
20095,3,10.0,25
20095,4,22.0,30
20095,5,21.35,37
20095,6,25.0,37
20095,7,30.0,26
20095,8,40.0,42
20095,9,97.0,4
20095,10,31.0,33
20095,11,21.0,11
20095,12,38.0,40
20095,13,6.0,28
20095,14,23.25,2
20095,15,15.5,18
20095,16,17.45,29
20095,17,39.0,44
20095,18,62.5,28
20095,19,9.2,12
20095,20,81.0,36
20095,21,10.0,31
20095,22,21.0,29
20095,24,4.5,50
20095,25,14.0,32
20095,26,31.23,48
20095,28,45.6,19
20095,29,123.79,41
20095,30,25.89,14
20095,31,12.5,47
20095,32,32.0,30
20095,33,2.5,15
20095,34,14.0,26
20095,35,18.0,18
20095,36,19.0,4
20095,37,26.0,50
20095,38,263.5,13
20095,39,18.0,34
20095,40,18.4,10
20095,41,9.65,26
20095,42,14.0,38
20095,43,46.0,39
20095,44,19.45,39
20095,45,9.5,29
20095,47,9.5,9
20095,48,12.75,42
20095,49,20.0,24
20095,50,16.25,2
20095,51,53.0,11
20095,52,7.0,35
20095,53,32.8,39
20095,54,7.45,3
20095,55,24.0,38
20095,56,38.0,35
20095,57,19.5,8
20095,59,55.0,27
20095,60,34.0,28
20095,61,28.5,11
20095,62,49.3,14
20095,63,43.9,18
20095,64,33.25,24
20095,65,21.05,23
20095,66,17.0,42
20095,67,14.0,17
20095,68,12.5,33
20095,69,36.0,20
20095,70,15.0,4
20095,71,21.5,11
20095,72,34.8,9
20095,73,15.0,22
20095,74,10.0,48
20095,75,7.75,12
20095,76,18.0,11
20095,77,13.0,7
20196,2,19.0,14
20196,3,10.0,36
20196,5,21.35,28
20196,6,25.0,16
20196,7,30.0,50
20196,9,97.0,15
20196,11,21.0,32
20196,12,38.0,6
20196,13,6.0,38
20196,14,23.25,31
20196,17,39.0,48
20196,18,62.5,40
20196,19,9.2,32
20196,20,81.0,48
20196,21,10.0,4
20196,22,21.0,46
20196,24,4.5,11
20196,25,14.0,9
20196,26,31.23,39
20196,28,45.6,26
20196,29,123.79,44
20196,30,25.89,33
20196,32,32.0,42
20196,33,2.5,18
20196,34,14.0,36
20196,35,18.0,46
20196,38,263.5,32
20196,40,18.4,35
20196,42,14.0,47
20196,43,46.0,4
20196,46,12.0,38
20196,48,12.75,2
20196,49,20.0,24
20196,50,16.25,32
20196,51,53.0,18
20196,53,32.8,42
20196,54,7.45,20
20196,55,24.0,42
20196,56,38.0,20
20196,57,19.5,43
20196,58,13.25,45
20196,59,55.0,2
20196,62,49.3,39
20196,66,17.0,26
20196,67,14.0,17
20196,68,12.5,36
20196,69,36.0,35
20196,73,15.0,29
20196,74,10.0,15
20196,75,7.75,27
20196,77,13.0,37
20204,1,18.0,27
20204,2,19.0,33
20204,3,10.0,41
20204,4,22.0,41
20204,5,21.35,32
20204,6,25.0,6
20204,7,30.0,22
20204,8,40.0,45
20204,9,97.0,5
20204,10,31.0,8
20204,11,21.0,2
20204,12,38.0,41
20204,13,6.0,16
20204,14,23.25,37
20204,15,15.5,41
20204,16,17.45,12
20204,17,39.0,22
20204,18,62.5,17
20204,19,9.2,18
20204,20,81.0,42
20204,21,10.0,9
20204,22,21.0,18
20204,23,9.0,32
20204,24,4.5,46
20204,26,31.23,26
20204,27,43.9,49
20204,28,45.6,36
20204,29,123.79,5
20204,30,25.89,35
20204,31,12.5,33
20204,34,14.0,30
20204,35,18.0,16
20204,36,19.0,11
20204,37,26.0,31
20204,38,263.5,46
20204,39,18.0,19
20204,40,18.4,23
20204,41,9.65,24
20204,42,14.0,2
20204,43,46.0,11
20204,44,19.45,47
20204,45,9.5,48
20204,46,12.0,17
20204,47,9.5,29
20204,48,12.75,24
20204,49,20.0,27
20204,50,16.25,6
20204,51,53.0,37
20204,52,7.0,15
20204,53,32.8,20
20204,54,7.45,21
20204,55,24.0,12
20204,56,38.0,31
20204,57,19.5,15
20204,58,13.25,25
20204,59,55.0,42
20204,60,34.0,18
20204,61,28.5,33
20204,62,49.3,36
20204,63,43.9,38
20204,64,33.25,1
20204,65,21.05,42
20204,66,17.0,35
20204,67,14.0,26
20204,68,12.5,17
20204,69,36.0,38
20204,70,15.0,36
20204,72,34.8,8
20204,73,15.0,29
20204,74,10.0,49
20204,75,7.75,28
20204,76,18.0,44
20204,77,13.0,24
20205,4,22.0,25
20205,7,30.0,3
20205,9,97.0,38
20205,11,21.0,33
20205,12,38.0,24
20205,14,23.25,44
20205,15,15.5,26
20205,21,10.0,24
20205,25,14.0,22
20205,27,43.9,2
20205,34,14.0,8
20205,38,263.5,11
20205,39,18.0,25
20205,40,18.4,15
20205,44,19.45,47
20205,46,12.0,4
20205,47,9.5,4
20205,53,32.8,43
20205,56,38.0,41
20205,58,13.25,8
20205,66,17.0,3
20205,75,7.75,32
20205,77,13.0,46
20234,1,18.0,3
20234,2,19.0,5
20234,3,10.0,32
20234,5,21.35,18
20234,6,25.0,45
20234,9,97.0,49
20234,10,31.0,45
20234,12,38.0,14
20234,14,23.25,39
20234,15,15.5,47
20234,16,17.45,5
20234,17,39.0,27
20234,19,9.2,25
20234,20,81.0,48
20234,21,10.0,21
20234,22,21.0,15
20234,23,9.0,49
20234,24,4.5,33
20234,27,43.9,6
20234,28,45.6,17
20234,30,25.89,34
20234,31,12.5,44
20234,34,14.0,8
20234,38,263.5,45
20234,40,18.4,11
20234,45,9.5,25
20234,46,12.0,9
20234,47,9.5,29
20234,50,16.25,44
20234,53,32.8,40
20234,57,19.5,17
20234,65,21.05,1
20234,66,17.0,40
20234,67,14.0,34
20234,70,15.0,10
20234,71,21.5,6
20234,72,34.8,33
20234,73,15.0,9
20234,75,7.75,41
20234,76,18.0,46
20317,1,18.0,46
20317,2,19.0,27
20317,4,22.0,35
20317,5,21.35,30
20317,8,40.0,25
20317,12,38.0,49
20317,13,6.0,11
20317,15,15.5,43
20317,18,62.5,17
20317,22,21.0,5
20317,30,25.89,48
20317,31,12.5,19
20317,41,9.65,22
20317,42,14.0,8
20317,43,46.0,50
20317,47,9.5,13
20317,53,32.8,44
20317,66,17.0,7
20317,67,14.0,24
20317,68,12.5,23
20317,71,21.5,7
20317,72,34.8,17
20317,77,13.0,49
20361,1,18.0,1
20361,2,19.0,32
20361,3,10.0,12
20361,4,22.0,10
20361,5,21.35,45
20361,6,25.0,14
20361,7,30.0,19
20361,8,40.0,24
20361,9,97.0,4
20361,10,31.0,34
20361,12,38.0,33
20361,13,6.0,47
20361,14,23.25,33
20361,15,15.5,5
20361,16,17.45,34
20361,17,39.0,49
20361,18,62.5,24
20361,19,9.2,4
20361,20,81.0,34
20361,21,10.0,48
20361,22,21.0,12
20361,23,9.0,7
20361,24,4.5,16
20361,25,14.0,4
20361,26,31.23,36
20361,27,43.9,24
20361,28,45.6,11
20361,29,123.79,50
20361,30,25.89,25
20361,31,12.5,26
20361,32,32.0,4
20361,33,2.5,32
20361,34,14.0,44
20361,35,18.0,48
20361,36,19.0,10
20361,38,263.5,6
20361,39,18.0,39
20361,40,18.4,16
20361,41,9.65,4
20361,43,46.0,26
20361,44,19.45,8
20361,45,9.5,14
20361,46,12.0,41
20361,47,9.5,35
20361,48,12.75,20
20361,49,20.0,50
20361,50,16.25,31
20361,51,53.0,40
20361,52,7.0,22
20361,53,32.8,27
20361,54,7.45,17
20361,55,24.0,4
20361,56,38.0,41
20361,57,19.5,45
20361,58,13.25,28
20361,59,55.0,8
20361,60,34.0,37
20361,61,28.5,32
20361,62,49.3,43
20361,63,43.9,42
20361,64,33.25,6
20361,65,21.05,40
20361,66,17.0,14
20361,67,14.0,27
20361,68,12.5,13
20361,69,36.0,39
20361,70,15.0,42
20361,71,21.5,14
20361,72,34.8,45
20361,73,15.0,40
20361,74,10.0,36
20361,75,7.75,7
20361,76,18.0,35
20361,77,13.0,20
20382,1,18.0,13
20382,2,19.0,37
20382,4,22.0,20
20382,10,31.0,2
20382,14,23.25,9
20382,17,39.0,50
20382,22,21.0,48
20382,25,14.0,38
20382,26,31.23,39
20382,28,45.6,26
20382,29,123.79,21
20382,31,12.5,34
20382,32,32.0,50
20382,33,2.5,41
20382,34,14.0,31
20382,36,19.0,41
20382,38,263.5,50
20382,40,18.4,42
20382,41,9.65,7
20382,44,19.45,11
20382,46,12.0,39
20382,49,20.0,50
20382,52,7.0,47
20382,56,38.0,37
20382,57,19.5,16
20382,59,55.0,17
20382,60,34.0,5
20382,63,43.9,33
20382,64,33.25,24
20382,65,21.05,31
20382,66,17.0,18
20382,69,36.0,28
20382,70,15.0,32
20382,72,34.8,22
20382,73,15.0,41
20382,75,7.75,44
20382,77,13.0,8
20397,1,18.0,49
20397,2,19.0,19
20397,3,10.0,33
20397,4,22.0,1
20397,5,21.35,2
20397,6,25.0,5
20397,7,30.0,41
20397,10,31.0,11
20397,12,38.0,26
20397,13,6.0,37
20397,14,23.25,42
20397,15,15.5,14
20397,16,17.45,49
20397,17,39.0,17
20397,18,62.5,8
20397,19,9.2,47
20397,20,81.0,39
20397,22,21.0,4
20397,23,9.0,43
20397,24,4.5,41
20397,25,14.0,18
20397,26,31.23,1
20397,28,45.6,50
20397,29,123.79,44
20397,30,25.89,2
20397,31,12.5,6
20397,32,32.0,4
20397,33,2.5,14
20397,34,14.0,5
20397,36,19.0,30
20397,37,26.0,35
20397,38,263.5,24
20397,39,18.0,7
20397,40,18.4,42
20397,41,9.65,2
20397,42,14.0,27
20397,43,46.0,14
20397,44,19.45,19
20397,46,12.0,41
20397,47,9.5,22
20397,48,12.75,22
20397,49,20.0,13
20397,50,16.25,4
20397,51,53.0,49
20397,53,32.8,6
20397,54,7.45,11
20397,55,24.0,8
20397,56,38.0,5
20397,57,19.5,2
20397,58,13.25,17
20397,59,55.0,12
20397,61,28.5,33
20397,62,49.3,7
20397,63,43.9,16
20397,65,21.05,43
20397,66,17.0,5
20397,67,14.0,10
20397,69,36.0,23
20397,70,15.0,16
20397,71,21.5,19
20397,72,34.8,32
20397,73,15.0,15
20397,74,10.0,42
20397,75,7.75,9
20397,76,18.0,28
20397,77,13.0,19
20426,1,18.0,16
20426,15,15.5,21
20426,20,81.0,47
20426,22,21.0,7
20426,23,9.0,26
20426,49,20.0,46
20426,56,38.0,46
20426,72,34.8,41
20496,3,10.0,28
20496,4,22.0,18
20496,6,25.0,35
20496,9,97.0,28
20496,11,21.0,35
20496,12,38.0,23
20496,13,6.0,3
20496,15,15.5,43
20496,18,62.5,15
20496,20,81.0,6
20496,22,21.0,6
20496,23,9.0,21
20496,25,14.0,11
20496,28,45.6,33
20496,29,123.79,38
20496,30,25.89,50
20496,32,32.0,43
20496,39,18.0,10
20496,41,9.65,20
20496,42,14.0,20
20496,43,46.0,24
20496,45,9.5,44
20496,48,12.75,7
20496,52,7.0,19
20496,55,24.0,21
20496,57,19.5,21
20496,58,13.25,19
20496,60,34.0,45
20496,66,17.0,24
20496,67,14.0,10
20496,68,12.5,20
20496,70,15.0,40
20496,71,21.5,46
20496,72,34.8,24
20496,75,7.75,43
20496,76,18.0,2
20501,6,25.0,3
20501,30,25.89,45
20501,39,18.0,34
20501,47,9.5,14
20501,50,16.25,25
20501,51,53.0,25
20501,59,55.0,45
20501,66,17.0,10
20501,68,12.5,12
20501,70,15.0,5
20509,1,18.0,45
20509,2,19.0,26
20509,3,10.0,39
20509,4,22.0,12
20509,5,21.35,49
20509,6,25.0,43
20509,7,30.0,25
20509,8,40.0,13
20509,9,97.0,5
20509,10,31.0,14
20509,11,21.0,11
20509,12,38.0,10
20509,13,6.0,22
20509,14,23.25,21
20509,15,15.5,7
20509,16,17.45,48
20509,17,39.0,28
20509,18,62.5,42
20509,19,9.2,2
20509,20,81.0,5
20509,21,10.0,40
20509,22,21.0,21
20509,23,9.0,19
20509,24,4.5,4
20509,25,14.0,9
20509,26,31.23,21
20509,27,43.9,18
20509,28,45.6,46
20509,29,123.79,10
20509,30,25.89,14
20509,31,12.5,35
20509,32,32.0,45
20509,34,14.0,46
20509,35,18.0,21
20509,36,19.0,13
20509,37,26.0,41
20509,38,263.5,17
20509,39,18.0,36
20509,40,18.4,43
20509,41,9.65,6
20509,42,14.0,49
20509,43,46.0,31
20509,44,19.45,15
20509,45,9.5,43
20509,46,12.0,8
20509,47,9.5,10
20509,48,12.75,36
20509,49,20.0,17
20509,51,53.0,41
20509,52,7.0,12
20509,53,32.8,49
20509,54,7.45,14
20509,55,24.0,35
20509,56,38.0,29
20509,57,19.5,40
20509,58,13.25,16
20509,59,55.0,27
20509,60,34.0,14
20509,61,28.5,17
20509,62,49.3,31
20509,63,43.9,46
20509,64,33.25,10
20509,65,21.05,14
20509,66,17.0,35
20509,67,14.0,24
20509,68,12.5,22
20509,69,36.0,12
20509,70,15.0,22
20509,71,21.5,38
20509,72,34.8,11
20509,73,15.0,2
20509,74,10.0,3
20509,75,7.75,49
20509,76,18.0,47
20509,77,13.0,40
20520,1,18.0,21
20520,2,19.0,2
20520,3,10.0,44
20520,4,22.0,3
20520,5,21.35,13
20520,6,25.0,34
20520,7,30.0,41
20520,8,40.0,49
20520,9,97.0,28
20520,10,31.0,11
20520,11,21.0,17
20520,12,38.0,49
20520,13,6.0,26
20520,14,23.25,13
20520,17,39.0,19
20520,18,62.5,40
20520,19,9.2,28
20520,20,81.0,18
20520,21,10.0,15
20520,24,4.5,10
20520,25,14.0,46
20520,26,31.23,11
20520,27,43.9,8
20520,28,45.6,39
20520,29,123.79,38
20520,30,25.89,7
20520,31,12.5,6
20520,32,32.0,29
20520,33,2.5,32
20520,35,18.0,43
20520,36,19.0,41
20520,37,26.0,2
20520,39,18.0,41
20520,40,18.4,49
20520,41,9.65,33
20520,42,14.0,50
20520,43,46.0,50
20520,44,19.45,49
20520,45,9.5,49
20520,47,9.5,10
20520,48,12.75,28
20520,49,20.0,35
20520,50,16.25,39
20520,51,53.0,12
20520,52,7.0,20
20520,53,32.8,46
20520,54,7.45,13
20520,55,24.0,48
20520,56,38.0,28
20520,58,13.25,17
20520,59,55.0,18
20520,60,34.0,38
20520,61,28.5,16
20520,62,49.3,2
20520,63,43.9,12
20520,64,33.25,8
20520,65,21.05,43
20520,66,17.0,14
20520,67,14.0,27
20520,68,12.5,49
20520,69,36.0,5
20520,70,15.0,29
20520,71,21.5,48
20520,72,34.8,13
20520,74,10.0,36
20520,75,7.75,2
20520,76,18.0,16
20520,77,13.0,41
20530,2,19.0,17
20530,6,25.0,46
20530,16,17.45,6
20530,18,62.5,29
20530,24,4.5,9
20530,26,31.23,39
20530,30,25.89,33
20530,34,14.0,3
20530,35,18.0,41
20530,46,12.0,34
20530,50,16.25,39
20530,55,24.0,10
20530,56,38.0,47
20530,65,21.05,25
20530,67,14.0,15
20530,68,12.5,30
20535,2,19.0,4
20535,4,22.0,14
20535,5,21.35,20
20535,6,25.0,34
20535,7,30.0,39
20535,11,21.0,28
20535,12,38.0,14
20535,13,6.0,29
20535,17,39.0,21
20535,21,10.0,6
20535,26,31.23,37
20535,31,12.5,36
20535,33,2.5,24
20535,34,14.0,26
20535,35,18.0,48
20535,36,19.0,43
20535,41,9.65,9
20535,43,46.0,24
20535,44,19.45,44
20535,47,9.5,16
20535,62,49.3,20
20535,63,43.9,43
20535,67,14.0,8
20535,70,15.0,27
20535,77,13.0,31
20562,2,19.0,8
20562,6,25.0,2
20562,16,17.45,19
20562,22,21.0,40
20562,33,2.5,42
20562,36,19.0,23
20562,46,12.0,6
20562,53,32.8,26
20562,58,13.25,27
20562,59,55.0,42
20562,61,28.5,3
20562,70,15.0,40
20562,74,10.0,18
20562,75,7.75,45
20613,33,2.5,46
20613,39,18.0,19
20613,49,20.0,48
20613,50,16.25,5
20613,69,36.0,36
20617,1,18.0,41
20617,2,19.0,19
20617,3,10.0,44
20617,4,22.0,48
20617,5,21.35,27
20617,6,25.0,35
20617,7,30.0,20
20617,8,40.0,41
20617,9,97.0,32
20617,10,31.0,30
20617,11,21.0,38
20617,12,38.0,43
20617,13,6.0,8
20617,14,23.25,22
20617,15,15.5,11
20617,16,17.45,32
20617,17,39.0,30
20617,19,9.2,30
20617,20,81.0,24
20617,21,10.0,8
20617,22,21.0,47
20617,23,9.0,23
20617,24,4.5,43
20617,25,14.0,3
20617,26,31.23,6
20617,27,43.9,34
20617,28,45.6,20
20617,29,123.79,49
20617,30,25.89,42
20617,31,12.5,2
20617,32,32.0,3
20617,33,2.5,44
20617,34,14.0,1
20617,35,18.0,24
20617,36,19.0,19
20617,37,26.0,43
20617,38,263.5,29
20617,39,18.0,47
20617,40,18.4,17
20617,41,9.65,36
20617,42,14.0,1
20617,43,46.0,18
20617,44,19.45,16
20617,45,9.5,9
20617,46,12.0,45
20617,47,9.5,18
20617,48,12.75,16
20617,49,20.0,47
20617,50,16.25,3
20617,51,53.0,7
20617,52,7.0,9
20617,53,32.8,8
20617,54,7.45,2
20617,55,24.0,5
20617,56,38.0,32
20617,57,19.5,36
20617,58,13.25,2
20617,59,55.0,35
20617,60,34.0,33
20617,61,28.5,11
20617,63,43.9,23
20617,64,33.25,38
20617,65,21.05,25
20617,66,17.0,25
20617,67,14.0,5
20617,68,12.5,19
20617,69,36.0,38
20617,70,15.0,21
20617,71,21.5,36
20617,72,34.8,10
20617,73,15.0,40
20617,74,10.0,2
20617,75,7.75,43
20617,76,18.0,15
20617,77,13.0,30
20619,1,18.0,14
20619,2,19.0,21
20619,3,10.0,15
20619,4,22.0,45
20619,5,21.35,43
20619,6,25.0,48
20619,7,30.0,8
20619,8,40.0,40
20619,9,97.0,41
20619,10,31.0,44
20619,11,21.0,34
20619,13,6.0,12
20619,14,23.25,4
20619,15,15.5,39
20619,16,17.45,4
20619,18,62.5,13
20619,19,9.2,11
20619,20,81.0,45
20619,21,10.0,41
20619,22,21.0,36
20619,23,9.0,49
20619,24,4.5,25
20619,25,14.0,1
20619,26,31.23,18
20619,27,43.9,47
20619,28,45.6,41
20619,29,123.79,35
20619,30,25.89,20
20619,31,12.5,33
20619,32,32.0,17
20619,33,2.5,9
20619,34,14.0,22
20619,35,18.0,21
20619,37,26.0,31
20619,38,263.5,50
20619,39,18.0,16
20619,40,18.4,9
20619,41,9.65,21
20619,42,14.0,32
20619,43,46.0,21
20619,44,19.45,23
20619,45,9.5,1
20619,46,12.0,6
20619,47,9.5,34
20619,48,12.75,15
20619,49,20.0,3
20619,50,16.25,15
20619,51,53.0,8
20619,52,7.0,43
20619,53,32.8,47
20619,54,7.45,18
20619,55,24.0,41
20619,56,38.0,45
20619,57,19.5,45
20619,58,13.25,45
20619,60,34.0,3
20619,61,28.5,20
20619,62,49.3,34
20619,63,43.9,12
20619,64,33.25,40
20619,65,21.05,27
20619,66,17.0,28
20619,67,14.0,4
20619,68,12.5,17
20619,69,36.0,35
20619,70,15.0,17
20619,71,21.5,2
20619,72,34.8,34
20619,74,10.0,12
20619,75,7.75,14
20619,76,18.0,39
20619,77,13.0,33
20649,1,18.0,15
20649,2,19.0,3
20649,3,10.0,2
20649,4,22.0,36
20649,6,25.0,36
20649,8,40.0,6
20649,9,97.0,26
20649,10,31.0,22
20649,13,6.0,39
20649,14,23.25,11
20649,15,15.5,15
20649,16,17.45,38
20649,17,39.0,29
20649,18,62.5,48
20649,19,9.2,22
20649,20,81.0,33
20649,21,10.0,23
20649,22,21.0,31
20649,23,9.0,34
20649,24,4.5,7
20649,25,14.0,15
20649,26,31.23,49
20649,27,43.9,41
20649,28,45.6,27
20649,29,123.79,45
20649,30,25.89,9
20649,34,14.0,17
20649,36,19.0,40
20649,37,26.0,15
20649,38,263.5,2
20649,39,18.0,4
20649,40,18.4,39
20649,41,9.65,21
20649,43,46.0,49
20649,45,9.5,35
20649,46,12.0,12
20649,49,20.0,5
20649,50,16.25,30
20649,51,53.0,4
20649,52,7.0,30
20649,54,7.45,6
20649,57,19.5,43
20649,58,13.25,23
20649,59,55.0,7
20649,60,34.0,17
20649,61,28.5,10
20649,62,49.3,28
20649,63,43.9,8
20649,64,33.25,11
20649,66,17.0,3
20649,67,14.0,13
20649,68,12.5,34
20649,69,36.0,25
20649,71,21.5,45
20649,72,34.8,11
20649,74,10.0,50
20649,76,18.0,42
20680,6,25.0,13
20680,7,30.0,5
20680,11,21.0,35
20680,14,23.25,30
20680,18,62.5,33
20680,19,9.2,49
20680,20,81.0,48
20680,21,10.0,36
20680,36,19.0,23
20680,45,9.5,25
20680,60,34.0,45
20680,66,17.0,32
20680,68,12.5,46
20680,76,18.0,26
20747,21,10.0,44
20747,32,32.0,24
20747,64,33.25,29
20770,76,18.0,42
20798,1,18.0,42
20798,2,19.0,34
20798,3,10.0,8
20798,4,22.0,23
20798,5,21.35,20
20798,6,25.0,12
20798,7,30.0,5
20798,8,40.0,42
20798,9,97.0,49
20798,10,31.0,38
20798,11,21.0,4
20798,12,38.0,44
20798,13,6.0,10
20798,15,15.5,48
20798,16,17.45,22
20798,17,39.0,24
20798,18,62.5,22
20798,19,9.2,50
20798,20,81.0,38
20798,21,10.0,19
20798,22,21.0,43
20798,23,9.0,34
20798,24,4.5,40
20798,25,14.0,2
20798,26,31.23,38
20798,27,43.9,42
20798,28,45.6,30
20798,29,123.79,29
20798,30,25.89,33
20798,31,12.5,33
20798,32,32.0,2
20798,33,2.5,31
20798,34,14.0,40
20798,35,18.0,5
20798,36,19.0,25
20798,37,26.0,32
20798,38,263.5,12
20798,39,18.0,49
20798,40,18.4,32
20798,41,9.65,42
20798,42,14.0,26
20798,43,46.0,36
20798,44,19.45,35
20798,45,9.5,32
20798,46,12.0,25
20798,47,9.5,7
20798,49,20.0,26
20798,50,16.25,16
20798,51,53.0,26
20798,52,7.0,36
20798,53,32.8,17
20798,54,7.45,31
20798,55,24.0,9
20798,56,38.0,10
20798,57,19.5,37
20798,59,55.0,5
20798,60,34.0,19
20798,61,28.5,30
20798,62,49.3,47
20798,63,43.9,24
20798,64,33.25,14
20798,65,21.05,1
20798,66,17.0,48
20798,67,14.0,11
20798,68,12.5,13
20798,69,36.0,34
20798,71,21.5,23
20798,73,15.0,7
20798,74,10.0,22
20798,75,7.75,19
20798,76,18.0,40
20798,77,13.0,17
20813,3,10.0,33
20813,4,22.0,38
20813,7,30.0,22
20813,8,40.0,23
20813,13,6.0,25
20813,14,23.25,41
20813,15,15.5,28
20813,17,39.0,4
20813,19,9.2,1
20813,23,9.0,22
20813,27,43.9,5
20813,28,45.6,33
20813,33,2.5,40
20813,46,12.0,29
20813,48,12.75,3
20813,50,16.25,38
20813,51,53.0,1
20813,52,7.0,8
20813,53,32.8,20
20813,55,24.0,38
20813,56,38.0,40
20813,57,19.5,33
20813,60,34.0,21
20813,63,43.9,5
20813,65,21.05,35
20813,66,17.0,25
20813,74,10.0,27
20813,75,7.75,36
20813,77,13.0,37
20895,2,19.0,14
20895,3,10.0,22
20895,4,22.0,8
20895,7,30.0,24
20895,8,40.0,16
20895,9,97.0,37
20895,10,31.0,35
20895,11,21.0,18
20895,14,23.25,19
20895,18,62.5,44
20895,19,9.2,39
20895,20,81.0,23
20895,21,10.0,30
20895,22,21.0,18
20895,23,9.0,23
20895,24,4.5,24
20895,25,14.0,38
20895,26,31.23,17
20895,27,43.9,38
20895,28,45.6,44
20895,29,123.79,2
20895,30,25.89,33
20895,31,12.5,42
20895,34,14.0,6
20895,35,18.0,29
20895,36,19.0,41
20895,37,26.0,12
20895,38,263.5,22
20895,39,18.0,41
20895,40,18.4,45
20895,41,9.65,46
20895,42,14.0,31
20895,43,46.0,49
20895,45,9.5,20
20895,47,9.5,41
20895,48,12.75,21
20895,51,53.0,21
20895,52,7.0,47
20895,54,7.45,6
20895,55,24.0,39
20895,56,38.0,9
20895,57,19.5,40
20895,59,55.0,15
20895,60,34.0,18
20895,61,28.5,27
20895,62,49.3,43
20895,64,33.25,2
20895,67,14.0,42
20895,68,12.5,32
20895,72,34.8,3
20895,73,15.0,38
20895,74,10.0,21
20895,75,7.75,24
20895,76,18.0,14
20895,77,13.0,29
20914,7,30.0,50
20914,10,31.0,39
20914,14,23.25,34
20914,17,39.0,20
20914,23,9.0,34
20914,24,4.5,43
20914,28,45.6,16
20914,31,12.5,32
20914,34,14.0,28
20914,39,18.0,30
20914,45,9.5,31
20914,56,38.0,34
20914,63,43.9,40
20914,67,14.0,16
20914,68,12.5,4
20914,73,15.0,36
20914,75,7.75,40
20919,38,263.5,15
20919,51,53.0,48
20919,58,13.25,23
20919,63,43.9,3
20919,64,33.25,43
20919,65,21.05,28
20926,1,18.0,18
20926,2,19.0,37
20926,3,10.0,36
20926,4,22.0,13
20926,5,21.35,37
20926,6,25.0,43
20926,7,30.0,36
20926,8,40.0,25
20926,9,97.0,20
20926,10,31.0,35
20926,11,21.0,20
20926,12,38.0,27
20926,13,6.0,14
20926,14,23.25,17
20926,15,15.5,29
20926,16,17.45,27
20926,17,39.0,37
20926,18,62.5,33
20926,20,81.0,20
20926,21,10.0,40
20926,22,21.0,8
20926,23,9.0,30
20926,24,4.5,44
20926,25,14.0,28
20926,26,31.23,37
20926,27,43.9,15
20926,29,123.79,16
20926,30,25.89,20
20926,31,12.5,44
20926,32,32.0,20
20926,33,2.5,4
20926,34,14.0,48
20926,35,18.0,4
20926,36,19.0,4
20926,37,26.0,44
20926,38,263.5,41
20926,39,18.0,30
20926,42,14.0,28
20926,43,46.0,14
20926,44,19.45,49
20926,45,9.5,35
20926,47,9.5,27
20926,48,12.75,21
20926,49,20.0,18
20926,52,7.0,25
20926,54,7.45,22
20926,55,24.0,8
20926,56,38.0,20
20926,57,19.5,9
20926,58,13.25,27
20926,59,55.0,32
20926,60,34.0,15
20926,61,28.5,44
20926,62,49.3,47
20926,63,43.9,11
20926,64,33.25,27
20926,65,21.05,49
20926,66,17.0,13
20926,67,14.0,23
20926,69,36.0,20
20926,70,15.0,3
20926,71,21.5,43
20926,72,34.8,16
20926,73,15.0,3
20926,74,10.0,6
20926,75,7.75,9
20926,76,18.0,28
20926,77,13.0,47
20995,1,18.0,6
20995,2,19.0,28
20995,3,10.0,19
20995,4,22.0,43
20995,5,21.35,20
20995,7,30.0,50
20995,8,40.0,19
20995,9,97.0,11
20995,10,31.0,47
20995,11,21.0,48
20995,13,6.0,10
20995,14,23.25,47
20995,15,15.5,29
20995,16,17.45,45
20995,17,39.0,29
20995,18,62.5,45
20995,19,9.2,25
20995,20,81.0,26
20995,21,10.0,17
20995,22,21.0,12
20995,23,9.0,25
20995,24,4.5,22
20995,25,14.0,6
20995,26,31.23,9
20995,27,43.9,39
20995,29,123.79,41
20995,30,25.89,7
20995,31,12.5,42
20995,32,32.0,3
20995,33,2.5,12
20995,35,18.0,9
20995,36,19.0,2
20995,37,26.0,3
20995,38,263.5,21
20995,39,18.0,44
20995,40,18.4,50
20995,41,9.65,28
20995,42,14.0,32
20995,43,46.0,9
20995,45,9.5,23
20995,46,12.0,24
20995,48,12.75,21
20995,49,20.0,18
20995,50,16.25,8
20995,52,7.0,45
20995,54,7.45,44
20995,56,38.0,34
20995,57,19.5,4
20995,58,13.25,50
20995,59,55.0,6
20995,60,34.0,17
20995,61,28.5,3
20995,62,49.3,3
20995,63,43.9,30
20995,64,33.25,40
20995,65,21.05,30
20995,66,17.0,7
20995,67,14.0,14
20995,68,12.5,32
20995,69,36.0,6
20995,70,15.0,15
20995,71,21.5,31
20995,72,34.8,46
20995,73,15.0,44
20995,74,10.0,18
20995,75,7.75,12
20995,76,18.0,48
20995,77,13.0,23
21009,1,18.0,7
21009,2,19.0,45
21009,3,10.0,45
21009,6,25.0,32
21009,7,30.0,26
21009,8,40.0,29
21009,9,97.0,12
21009,10,31.0,21
21009,11,21.0,2
21009,12,38.0,41
21009,13,6.0,30
21009,14,23.25,1
21009,15,15.5,29
21009,19,9.2,38
21009,20,81.0,6
21009,22,21.0,15
21009,23,9.0,29
21009,25,14.0,49
21009,26,31.23,10
21009,28,45.6,25
21009,29,123.79,16
21009,31,12.5,17
21009,32,32.0,22
21009,33,2.5,23
21009,34,14.0,19
21009,35,18.0,11
21009,36,19.0,16
21009,38,263.5,36
21009,39,18.0,39
21009,40,18.4,19
21009,41,9.65,45
21009,42,14.0,12
21009,43,46.0,40
21009,44,19.45,35
21009,45,9.5,41
21009,46,12.0,35
21009,47,9.5,16
21009,48,12.75,20
21009,49,20.0,17
21009,50,16.25,47
21009,51,53.0,29
21009,52,7.0,46
21009,53,32.8,29
21009,54,7.45,7
21009,56,38.0,3
21009,59,55.0,32
21009,60,34.0,37
21009,61,28.5,29
21009,62,49.3,29
21009,65,21.05,38
21009,66,17.0,25
21009,68,12.5,16
21009,69,36.0,39
21009,71,21.5,1
21009,72,34.8,20
21009,73,15.0,17
21009,74,10.0,35
21009,75,7.75,43
21009,76,18.0,28
21009,77,13.0,32
21053,49,20.0,31
21053,63,43.9,8
21053,72,34.8,15
21053,75,7.75,11
21058,3,10.0,34
21058,9,97.0,10
21058,12,38.0,49
21058,14,23.25,36
21058,23,9.0,32
21058,25,14.0,2
21058,28,45.6,16
21058,29,123.79,13
21058,30,25.89,15
21058,31,12.5,41
21058,36,19.0,6
21058,39,18.0,3
21058,43,46.0,13
21058,47,9.5,1
21058,55,24.0,47
21058,62,49.3,13
21058,67,14.0,26
21058,68,12.5,8
21058,70,15.0,28
21058,71,21.5,32
21127,2,19.0,7
21127,4,22.0,32
21127,5,21.35,40
21127,6,25.0,46
21127,8,40.0,21
21127,10,31.0,1
21127,13,6.0,29
21127,14,23.25,33
21127,15,15.5,37
21127,16,17.45,35
21127,17,39.0,35
21127,18,62.5,47
21127,19,9.2,8
21127,20,81.0,26
21127,21,10.0,1
21127,22,21.0,8
21127,23,9.0,6
21127,24,4.5,15
21127,25,14.0,33
21127,28,45.6,3
21127,29,123.79,38
21127,31,12.5,1
21127,32,32.0,40
21127,33,2.5,42
21127,34,14.0,32
21127,35,18.0,33
21127,36,19.0,40
21127,38,263.5,39
21127,40,18.4,24
21127,41,9.65,26
21127,42,14.0,18
21127,45,9.5,46
21127,48,12.75,21
21127,50,16.25,45
21127,54,7.45,4
21127,55,24.0,26
21127,56,38.0,20
21127,57,19.5,7
21127,60,34.0,13
21127,61,28.5,28
21127,62,49.3,32
21127,63,43.9,31
21127,65,21.05,30
21127,66,17.0,50
21127,67,14.0,26
21127,69,36.0,21
21127,71,21.5,13
21127,73,15.0,16
21127,74,10.0,35
21127,76,18.0,47
21127,77,13.0,35
21154,1,18.0,44
21154,2,19.0,27
21154,3,10.0,1
21154,5,21.35,16
21154,6,25.0,11
21154,7,30.0,29
21154,8,40.0,37
21154,10,31.0,44
21154,12,38.0,19
21154,13,6.0,40
21154,14,23.25,17
21154,15,15.5,35
21154,17,39.0,50
21154,18,62.5,32
21154,19,9.2,23
21154,20,81.0,42
21154,22,21.0,21
21154,23,9.0,37
21154,24,4.5,45
21154,25,14.0,1
21154,27,43.9,16
21154,28,45.6,50
21154,29,123.79,8
21154,30,25.89,35
21154,31,12.5,11
21154,33,2.5,47
21154,35,18.0,41
21154,36,19.0,40
21154,37,26.0,4
21154,38,263.5,1
21154,39,18.0,23
21154,40,18.4,43
21154,41,9.65,9
21154,42,14.0,35
21154,43,46.0,35
21154,44,19.45,44
21154,45,9.5,19
21154,46,12.0,15
21154,47,9.5,44
21154,48,12.75,14
21154,50,16.25,27
21154,51,53.0,10
21154,52,7.0,8
21154,53,32.8,35
21154,54,7.45,42
21154,55,24.0,47
21154,56,38.0,29
21154,57,19.5,7
21154,58,13.25,46
21154,59,55.0,50
21154,60,34.0,7
21154,61,28.5,39
21154,62,49.3,27
21154,63,43.9,23
21154,64,33.25,46
21154,65,21.05,50
21154,66,17.0,25
21154,67,14.0,30
21154,68,12.5,49
21154,69,36.0,12
21154,70,15.0,21
21154,71,21.5,40
21154,74,10.0,35
21154,75,7.75,46
21154,76,18.0,39
21154,77,13.0,41
21158,1,18.0,6
21158,2,19.0,45
21158,3,10.0,1
21158,4,22.0,28
21158,5,21.35,10
21158,7,30.0,34
21158,8,40.0,20
21158,9,97.0,49
21158,11,21.0,50
21158,12,38.0,26
21158,13,6.0,33
21158,14,23.25,14
21158,15,15.5,12
21158,19,9.2,18
21158,20,81.0,26
21158,21,10.0,7
21158,22,21.0,30
21158,23,9.0,7
21158,24,4.5,50
21158,25,14.0,20
21158,26,31.23,21
21158,30,25.89,16
21158,32,32.0,44
21158,34,14.0,38
21158,35,18.0,37
21158,36,19.0,31
21158,37,26.0,29
21158,38,263.5,41
21158,39,18.0,45
21158,46,12.0,23
21158,47,9.5,44
21158,48,12.75,12
21158,49,20.0,26
21158,50,16.25,41
21158,53,32.8,3
21158,55,24.0,20
21158,56,38.0,27
21158,57,19.5,35
21158,59,55.0,5
21158,60,34.0,24
21158,61,28.5,8
21158,64,33.25,9
21158,65,21.05,38
21158,68,12.5,40
21158,70,15.0,32
21158,72,34.8,17
21158,74,10.0,43
21158,76,18.0,16
21158,77,13.0,7
21160,2,19.0,20
21160,4,22.0,46
21160,5,21.35,5
21160,6,25.0,40
21160,9,97.0,28
21160,10,31.0,39
21160,12,38.0,46
21160,13,6.0,31
21160,15,15.5,48
21160,16,17.45,42
21160,17,39.0,40
21160,19,9.2,42
21160,20,81.0,29
21160,23,9.0,40
21160,25,14.0,18
21160,26,31.23,17
21160,27,43.9,25
21160,28,45.6,26
21160,29,123.79,24
21160,31,12.5,40
21160,34,14.0,23
21160,35,18.0,14
21160,36,19.0,37
21160,37,26.0,39
21160,39,18.0,33
21160,40,18.4,29
21160,44,19.45,14
21160,45,9.5,21
21160,46,12.0,21
21160,47,9.5,35
21160,48,12.75,28
21160,50,16.25,11
21160,52,7.0,45
21160,53,32.8,17
21160,54,7.45,6
21160,56,38.0,38
21160,57,19.5,47
21160,58,13.25,28
21160,59,55.0,21
21160,60,34.0,11
21160,63,43.9,14
21160,67,14.0,36
21160,72,34.8,50
21160,74,10.0,49
21160,76,18.0,34
21160,77,13.0,30
21178,2,19.0,17
21178,14,23.25,41
21178,27,43.9,46
21178,34,14.0,36
21178,40,18.4,6
21178,46,12.0,45
21178,48,12.75,12
21178,50,16.25,47
21178,56,38.0,35
21178,57,19.5,24
21178,60,34.0,39
21178,67,14.0,23
21178,69,36.0,29
21178,73,15.0,46
21183,4,22.0,17
21183,7,30.0,41
21183,12,38.0,41
21183,14,23.25,9
21183,19,9.2,11
21183,20,81.0,22
21183,21,10.0,15
21183,25,14.0,29
21183,27,43.9,48
21183,31,12.5,2
21183,35,18.0,43
21183,37,26.0,5
21183,39,18.0,2
21183,41,9.65,29
21183,44,19.45,3
21183,46,12.0,45
21183,47,9.5,16
21183,49,20.0,6
21183,51,53.0,25
21183,53,32.8,6
21183,54,7.45,5
21183,57,19.5,50
21183,58,13.25,26
21183,62,49.3,21
21183,64,33.25,39
21183,67,14.0,41
21183,69,36.0,27
21183,72,34.8,33
21183,74,10.0,3
21190,3,10.0,1
21190,4,22.0,21
21190,5,21.35,9
21190,10,31.0,5
21190,19,9.2,15
21190,20,81.0,12
21190,22,21.0,3
21190,23,9.0,48
21190,24,4.5,34
21190,25,14.0,26
21190,26,31.23,21
21190,27,43.9,22
21190,28,45.6,19
21190,29,123.79,28
21190,30,25.89,18
21190,32,32.0,37
21190,33,2.5,8
21190,35,18.0,1
21190,39,18.0,10
21190,43,46.0,19
21190,49,20.0,18
21190,50,16.25,4
21190,51,53.0,2
21190,53,32.8,24
21190,54,7.45,1
21190,55,24.0,18
21190,59,55.0,28
21190,60,34.0,23
21190,63,43.9,45
21190,67,14.0,31
21190,69,36.0,23
21190,70,15.0,23
21190,72,34.8,42
21190,73,15.0,37
21190,77,13.0,17
21270,3,10.0,47
21270,8,40.0,1
21270,10,31.0,23
21270,12,38.0,24
21270,15,15.5,8
21270,22,21.0,8
21270,32,32.0,10
21270,33,2.5,24
21270,52,7.0,8
21270,57,19.5,41
21279,3,10.0,17
21279,4,22.0,1
21279,5,21.35,9
21279,9,97.0,5
21279,14,23.25,29
21279,15,15.5,3
21279,16,17.45,37
21279,18,62.5,28
21279,19,9.2,37
21279,21,10.0,9
21279,24,4.5,42
21279,26,31.23,39
21279,30,25.89,34
21279,37,26.0,36
21279,39,18.0,29
21279,40,18.4,46
21279,41,9.65,24
21279,42,14.0,17
21279,46,12.0,28
21279,48,12.75,28
21279,52,7.0,5
21279,53,32.8,37
21279,55,24.0,44
21279,59,55.0,39
21279,64,33.25,46
21279,67,14.0,49
21279,68,12.5,18
21279,71,21.5,1
21279,72,34.8,28
21279,73,15.0,16
21300,1,18.0,27
21300,2,19.0,18
21300,3,10.0,21
21300,6,25.0,4
21300,7,30.0,21
21300,8,40.0,47
21300,9,97.0,15
21300,10,31.0,20
21300,11,21.0,37
21300,12,38.0,25
21300,13,6.0,9
21300,14,23.25,30
21300,15,15.5,5
21300,16,17.45,43
21300,17,39.0,15
21300,19,9.2,20
21300,20,81.0,16
21300,22,21.0,19
21300,24,4.5,6
21300,25,14.0,19
21300,26,31.23,6
21300,27,43.9,18
21300,28,45.6,27
21300,30,25.89,17
21300,31,12.5,46
21300,32,32.0,47
21300,33,2.5,22
21300,34,14.0,25
21300,35,18.0,30
21300,37,26.0,15
21300,38,263.5,33
21300,41,9.65,21
21300,43,46.0,14
21300,44,19.45,24
21300,46,12.0,9
21300,48,12.75,11
21300,49,20.0,2
21300,50,16.25,31
21300,52,7.0,24
21300,53,32.8,10
21300,54,7.45,32
21300,55,24.0,11
21300,56,38.0,37
21300,57,19.5,3
21300,58,13.25,20
21300,59,55.0,23
21300,61,28.5,1
21300,62,49.3,46
21300,64,33.25,18
21300,65,21.05,33
21300,66,17.0,12
21300,67,14.0,26
21300,70,15.0,39
21300,71,21.5,40
21300,72,34.8,35
21300,73,15.0,36
21300,74,10.0,34
21300,75,7.75,36
21300,76,18.0,47
21300,77,13.0,2
21315,1,18.0,23
21315,2,19.0,20
21315,3,10.0,26
21315,5,21.35,3
21315,8,40.0,32
21315,15,15.5,25
21315,18,62.5,27
21315,20,81.0,26
21315,22,21.0,26
21315,24,4.5,8
21315,25,14.0,1
21315,26,31.23,46
21315,27,43.9,50
21315,31,12.5,31
21315,34,14.0,14
21315,35,18.0,44
21315,37,26.0,6
21315,38,263.5,36
21315,39,18.0,5
21315,41,9.65,50
21315,45,9.5,18
21315,48,12.75,37
21315,49,20.0,28
21315,51,53.0,18
21315,52,7.0,7
21315,54,7.45,33
21315,55,24.0,35
21315,56,38.0,31
21315,58,13.25,9
21315,59,55.0,42
21315,61,28.5,16
21315,64,33.25,35
21315,68,12.5,9
21315,69,36.0,49
21315,70,15.0,44
21315,71,21.5,2
21315,73,15.0,18
21315,74,10.0,14
21316,7,30.0,42
21316,16,17.45,4
21316,32,32.0,18
21316,33,2.5,46
21316,38,263.5,4
21316,50,16.25,43
21316,53,32.8,8
21316,54,7.45,40
21316,56,38.0,42
21316,57,19.5,36
21316,60,34.0,19
21316,62,49.3,24
21316,74,10.0,17
21316,75,7.75,41
21316,76,18.0,11
21318,1,18.0,27
21318,3,10.0,23
21318,4,22.0,6
21318,7,30.0,31
21318,8,40.0,30
21318,9,97.0,24
21318,10,31.0,43
21318,11,21.0,33
21318,12,38.0,10
21318,13,6.0,33
21318,14,23.25,13
21318,15,15.5,15
21318,16,17.45,16
21318,17,39.0,2
21318,19,9.2,29
21318,22,21.0,18
21318,24,4.5,32
21318,27,43.9,7
21318,29,123.79,4
21318,30,25.89,36
21318,32,32.0,29
21318,33,2.5,9
21318,34,14.0,36
21318,35,18.0,38
21318,39,18.0,44
21318,40,18.4,43
21318,41,9.65,19
21318,42,14.0,4
21318,44,19.45,47
21318,46,12.0,17
21318,47,9.5,14
21318,49,20.0,42
21318,53,32.8,44
21318,54,7.45,48
21318,56,38.0,34
21318,58,13.25,38
21318,59,55.0,19
21318,61,28.5,34
21318,63,43.9,34
21318,65,21.05,42
21318,66,17.0,16
21318,68,12.5,20
21318,69,36.0,31
21318,71,21.5,35
21318,72,34.8,25
21318,73,15.0,40
21318,74,10.0,29
21318,76,18.0,29
21318,77,13.0,36
21326,4,22.0,16
21326,6,25.0,27
21326,15,15.5,48
21326,18,62.5,32
21326,19,9.2,26
21326,25,14.0,44
21326,29,123.79,28
21326,30,25.89,8
21326,32,32.0,26
21326,38,263.5,39
21326,41,9.65,49
21326,46,12.0,43
21326,51,53.0,10
21326,55,24.0,31
21326,57,19.5,49
21326,58,13.25,9
21326,61,28.5,15
21326,64,33.25,38
21326,67,14.0,1
21326,70,15.0,5
21326,75,7.75,21
21326,77,13.0,4
21395,2,19.0,14
21395,3,10.0,30
21395,4,22.0,44
21395,5,21.35,6
21395,8,40.0,24
21395,9,97.0,48
21395,13,6.0,28
21395,14,23.25,2
21395,15,15.5,28
21395,16,17.45,39
21395,17,39.0,19
21395,19,9.2,30
21395,20,81.0,19
21395,21,10.0,47
21395,22,21.0,38
21395,23,9.0,47
21395,24,4.5,44
21395,25,14.0,33
21395,26,31.23,48
21395,29,123.79,33
21395,30,25.89,12
21395,31,12.5,22
21395,32,32.0,13
21395,33,2.5,26
21395,34,14.0,30
21395,35,18.0,4
21395,36,19.0,35
21395,37,26.0,4
21395,39,18.0,25
21395,40,18.4,39
21395,41,9.65,15
21395,43,46.0,24
21395,44,19.45,41
21395,46,12.0,14
21395,47,9.5,22
21395,48,12.75,35
21395,49,20.0,19
21395,50,16.25,40
21395,51,53.0,6
21395,52,7.0,40
21395,53,32.8,29
21395,54,7.45,14
21395,55,24.0,37
21395,56,38.0,32
21395,57,19.5,12
21395,58,13.25,22
21395,60,34.0,21
21395,61,28.5,21
21395,62,49.3,17
21395,63,43.9,44
21395,64,33.25,17
21395,65,21.05,50
21395,66,17.0,12
21395,67,14.0,22
21395,69,36.0,41
21395,70,15.0,2
21395,71,21.5,20
21395,72,34.8,23
21395,73,15.0,16
21395,74,10.0,15
21395,75,7.75,33
21395,76,18.0,46
21395,77,13.0,29
21493,1,18.0,11
21493,2,19.0,1
21493,4,22.0,14
21493,8,40.0,9
21493,10,31.0,25
21493,11,21.0,31
21493,12,38.0,45
21493,14,23.25,33
21493,18,62.5,29
21493,19,9.2,13
21493,22,21.0,42
21493,23,9.0,14
21493,29,123.79,6
21493,31,12.5,43
21493,33,2.5,1
21493,35,18.0,18
21493,36,19.0,47
21493,37,26.0,29
21493,38,263.5,7
21493,39,18.0,27
21493,42,14.0,23
21493,44,19.45,38
21493,45,9.5,36
21493,47,9.5,11
21493,48,12.75,50
21493,51,53.0,35
21493,52,7.0,44
21493,54,7.45,36
21493,57,19.5,31
21493,58,13.25,27
21493,60,34.0,3
21493,63,43.9,37
21493,64,33.25,31
21493,65,21.05,42
21493,69,36.0,7
21493,70,15.0,21
21493,71,21.5,16
21493,73,15.0,26
21493,75,7.75,29
21493,76,18.0,21
21516,6,25.0,31
21516,7,30.0,32
21516,9,97.0,21
21516,14,23.25,30
21516,16,17.45,14
21516,19,9.2,50
21516,26,31.23,50
21516,46,12.0,34
21516,56,38.0,46
21516,58,13.25,19
21516,67,14.0,26
21519,1,18.0,43
21519,2,19.0,31
21519,3,10.0,23
21519,4,22.0,21
21519,6,25.0,50
21519,13,6.0,35
21519,15,15.5,44
21519,18,62.5,44
21519,19,9.2,47
21519,21,10.0,37
21519,23,9.0,11
21519,24,4.5,35
21519,25,14.0,25
21519,26,31.23,3
21519,29,123.79,34
21519,31,12.5,15
21519,32,32.0,21
21519,37,26.0,18
21519,38,263.5,44
21519,39,18.0,13
21519,40,18.4,34
21519,41,9.65,45
21519,42,14.0,3
21519,44,19.45,7
21519,46,12.0,10
21519,47,9.5,37
21519,48,12.75,10
21519,52,7.0,45
21519,56,38.0,36
21519,57,19.5,9
21519,59,55.0,5
21519,60,34.0,7
21519,61,28.5,16
21519,63,43.9,38
21519,68,12.5,5
21519,73,15.0,44
21519,75,7.75,25
21521,11,21.0,6
21521,26,31.23,12
21521,33,2.5,30
21521,52,7.0,31
21521,59,55.0,9
21521,60,34.0,34
21528,2,19.0,7
21528,3,10.0,13
21528,27,43.9,29
21528,33,2.5,12
21528,39,18.0,5
21528,42,14.0,37
21528,55,24.0,15
21595,1,18.0,16
21595,2,19.0,6
21595,3,10.0,46
21595,4,22.0,33
21595,5,21.35,14
21595,6,25.0,15
21595,8,40.0,48
21595,9,97.0,13
21595,10,31.0,28
21595,11,21.0,41
21595,12,38.0,50
21595,13,6.0,15
21595,14,23.25,41
21595,15,15.5,21
21595,16,17.45,24
21595,17,39.0,40
21595,18,62.5,21
21595,19,9.2,44
21595,20,81.0,9
21595,21,10.0,1
21595,22,21.0,32
21595,23,9.0,45
21595,24,4.5,22
21595,25,14.0,17
21595,26,31.23,35
21595,27,43.9,22
21595,28,45.6,25
21595,29,123.79,16
21595,30,25.89,16
21595,31,12.5,12
21595,32,32.0,4
21595,34,14.0,27
21595,36,19.0,12
21595,40,18.4,3
21595,41,9.65,43
21595,42,14.0,39
21595,43,46.0,27
21595,44,19.45,30
21595,45,9.5,46
21595,46,12.0,42
21595,48,12.75,26
21595,49,20.0,47
21595,50,16.25,45
21595,51,53.0,15
21595,52,7.0,3
21595,53,32.8,9
21595,54,7.45,19
21595,55,24.0,26
21595,56,38.0,49
21595,58,13.25,46
21595,60,34.0,38
21595,61,28.5,31
21595,62,49.3,33
21595,63,43.9,15
21595,64,33.25,36
21595,66,17.0,36
21595,67,14.0,12
21595,68,12.5,50
21595,69,36.0,11
21595,70,15.0,35
21595,72,34.8,2
21595,73,15.0,14
21595,74,10.0,19
21595,75,7.75,14
21595,76,18.0,19
21595,77,13.0,30
21627,1,18.0,8
21627,2,19.0,11
21627,3,10.0,24
21627,4,22.0,34
21627,5,21.35,19
21627,7,30.0,6
21627,9,97.0,9
21627,10,31.0,34
21627,11,21.0,22
21627,12,38.0,28
21627,15,15.5,30
21627,17,39.0,36
21627,18,62.5,47
21627,19,9.2,16
21627,20,81.0,7
21627,21,10.0,6
21627,22,21.0,37
21627,23,9.0,12
21627,24,4.5,19
21627,25,14.0,40
21627,26,31.23,27
21627,27,43.9,34
21627,29,123.79,1
21627,32,32.0,38
21627,33,2.5,36
21627,34,14.0,6
21627,35,18.0,5
21627,36,19.0,22
21627,38,263.5,21
21627,40,18.4,27
21627,42,14.0,25
21627,43,46.0,35
21627,44,19.45,16
21627,45,9.5,32
21627,46,12.0,26
21627,48,12.75,21
21627,49,20.0,33
21627,50,16.25,25
21627,51,53.0,50
21627,54,7.45,46
21627,55,24.0,24
21627,56,38.0,22
21627,58,13.25,35
21627,59,55.0,25
21627,60,34.0,46
21627,61,28.5,37
21627,62,49.3,45
21627,63,43.9,13
21627,65,21.05,37
21627,66,17.0,20
21627,68,12.5,47
21627,71,21.5,24
21627,72,34.8,9
21627,73,15.0,23
21627,74,10.0,5
21627,75,7.75,31
21627,77,13.0,21
21643,4,22.0,37
21643,5,21.35,22
21643,8,40.0,4
21643,9,97.0,22
21643,10,31.0,39
21643,13,6.0,13
21643,14,23.25,11
21643,15,15.5,21
21643,19,9.2,50
21643,20,81.0,12
21643,21,10.0,43
21643,22,21.0,20
21643,23,9.0,16
21643,25,14.0,37
21643,27,43.9,11
21643,28,45.6,47
21643,29,123.79,39
21643,30,25.89,32
21643,32,32.0,6
21643,35,18.0,46
21643,38,263.5,42
21643,39,18.0,5
21643,43,46.0,11
21643,45,9.5,28
21643,46,12.0,36
21643,47,9.5,30
21643,48,12.75,46
21643,49,20.0,22
21643,50,16.25,37
21643,52,7.0,25
21643,53,32.8,49
21643,55,24.0,17
21643,57,19.5,40
21643,59,55.0,21
21643,61,28.5,16
21643,62,49.3,38
21643,64,33.25,36
21643,65,21.05,43
21643,68,12.5,32
21643,70,15.0,11
21643,71,21.5,24
21643,72,34.8,3
21643,74,10.0,38
21658,3,10.0,14
21658,4,22.0,47
21658,7,30.0,26
21658,8,40.0,2
21658,10,31.0,12
21658,11,21.0,10
21658,12,38.0,50
21658,13,6.0,25
21658,14,23.25,11
21658,15,15.5,27
21658,16,17.45,23
21658,17,39.0,31
21658,18,62.5,13
21658,20,81.0,50
21658,21,10.0,33
21658,22,21.0,33
21658,23,9.0,32
21658,24,4.5,43
21658,25,14.0,18
21658,27,43.9,24
21658,29,123.79,6
21658,31,12.5,50
21658,32,32.0,22
21658,33,2.5,43
21658,34,14.0,29
21658,35,18.0,26
21658,36,19.0,12
21658,37,26.0,43
21658,38,263.5,7
21658,39,18.0,7
21658,41,9.65,10
21658,44,19.45,25
21658,48,12.75,7
21658,49,20.0,21
21658,51,53.0,6
21658,52,7.0,35
21658,54,7.45,8
21658,55,24.0,27
21658,56,38.0,48
21658,57,19.5,44
21658,59,55.0,15
21658,60,34.0,11
21658,62,49.3,43
21658,70,15.0,16
21658,72,34.8,20
21658,73,15.0,38
21658,74,10.0,46
21658,75,7.75,44
21658,77,13.0,36
21667,7,30.0,35
21667,11,21.0,18
21667,12,38.0,16
21667,19,9.2,22
21667,30,25.89,5
21667,42,14.0,4
21667,45,9.5,8
21667,47,9.5,1
21667,59,55.0,44
21667,61,28.5,50
21667,63,43.9,43
21667,74,10.0,9
21668,1,18.0,1
21668,2,19.0,4
21668,3,10.0,24
21668,4,22.0,14
21668,5,21.35,32
21668,6,25.0,30
21668,7,30.0,15
21668,8,40.0,29
21668,10,31.0,26
21668,11,21.0,42
21668,14,23.25,17
21668,15,15.5,37
21668,17,39.0,23
21668,18,62.5,19
21668,19,9.2,13
21668,23,9.0,21
21668,24,4.5,29
21668,25,14.0,25
21668,26,31.23,19
21668,28,45.6,44
21668,29,123.79,14
21668,30,25.89,18
21668,32,32.0,43
21668,34,14.0,31
21668,36,19.0,7
21668,37,26.0,36
21668,38,263.5,10
21668,39,18.0,6
21668,40,18.4,11
21668,41,9.65,17
21668,43,46.0,3
21668,44,19.45,14
21668,45,9.5,11
21668,46,12.0,47
21668,47,9.5,32
21668,48,12.75,5
21668,49,20.0,29
21668,51,53.0,49
21668,53,32.8,49
21668,54,7.45,10
21668,55,24.0,20
21668,56,38.0,4
21668,60,34.0,45
21668,61,28.5,44
21668,62,49.3,24
21668,63,43.9,49
21668,64,33.25,32
21668,65,21.05,43
21668,67,14.0,40
21668,68,12.5,48
21668,72,34.8,24
21668,73,15.0,20
21668,75,7.75,41
21668,76,18.0,7
21668,77,13.0,20
21674,1,18.0,17
21674,2,19.0,11
21674,3,10.0,43
21674,4,22.0,4
21674,5,21.35,15
21674,6,25.0,30
21674,7,30.0,30
21674,8,40.0,17
21674,9,97.0,40
21674,10,31.0,19
21674,11,21.0,35
21674,12,38.0,45
21674,13,6.0,35
21674,14,23.25,8
21674,15,15.5,43
21674,16,17.45,17
21674,17,39.0,49
21674,18,62.5,14
21674,21,10.0,40
21674,24,4.5,11
21674,26,31.23,30
21674,29,123.79,18
21674,30,25.89,50
21674,32,32.0,38
21674,33,2.5,7
21674,34,14.0,16
21674,35,18.0,47
21674,36,19.0,4
21674,38,263.5,7
21674,39,18.0,26
21674,41,9.65,15
21674,43,46.0,2
21674,45,9.5,7
21674,46,12.0,15
21674,50,16.25,50
21674,51,53.0,9
21674,53,32.8,39
21674,54,7.45,49
21674,55,24.0,10
21674,56,38.0,24
21674,57,19.5,10
21674,58,13.25,3
21674,59,55.0,11
21674,60,34.0,48
21674,61,28.5,27
21674,62,49.3,16
21674,63,43.9,39
21674,64,33.25,38
21674,65,21.05,23
21674,67,14.0,33
21674,68,12.5,8
21674,69,36.0,36
21674,71,21.5,25
21674,72,34.8,45
21674,73,15.0,24
21674,74,10.0,8
21674,75,7.75,38
21674,76,18.0,19
21674,77,13.0,10
21702,1,18.0,21
21702,3,10.0,50
21702,4,22.0,47
21702,5,21.35,30
21702,6,25.0,50
21702,7,30.0,21
21702,9,97.0,48
21702,10,31.0,19
21702,13,6.0,33
21702,15,15.5,29
21702,18,62.5,20
21702,25,14.0,23
21702,28,45.6,8
21702,30,25.89,25
21702,31,12.5,44
21702,32,32.0,1
21702,34,14.0,1
21702,36,19.0,3
21702,39,18.0,10
21702,40,18.4,29
21702,44,19.45,33
21702,45,9.5,44
21702,46,12.0,11
21702,49,20.0,30
21702,50,16.25,31
21702,53,32.8,21
21702,57,19.5,48
21702,61,28.5,15
21702,62,49.3,1
21702,64,33.25,6
21702,66,17.0,27
21702,69,36.0,36
21702,70,15.0,46
21702,72,34.8,36
21702,73,15.0,6
21702,74,10.0,33
21702,75,7.75,30
21726,1,18.0,28
21726,2,19.0,46
21726,3,10.0,33
21726,4,22.0,11
21726,5,21.35,41
21726,6,25.0,12
21726,7,30.0,40
21726,8,40.0,49
21726,9,97.0,8
21726,10,31.0,21
21726,11,21.0,12
21726,12,38.0,42
21726,13,6.0,42
21726,14,23.25,48
21726,15,15.5,15
21726,16,17.45,34
21726,17,39.0,47
21726,18,62.5,38
21726,19,9.2,47
21726,21,10.0,38
21726,22,21.0,22
21726,23,9.0,4
21726,24,4.5,42
21726,25,14.0,38
21726,26,31.23,49
21726,28,45.6,38
21726,29,123.79,14
21726,30,25.89,1
21726,31,12.5,1
21726,32,32.0,31
21726,34,14.0,16
21726,35,18.0,42
21726,36,19.0,19
21726,37,26.0,27
21726,38,263.5,19
21726,39,18.0,3
21726,40,18.4,38
21726,41,9.65,16
21726,42,14.0,44
21726,43,46.0,25
21726,44,19.45,32
21726,45,9.5,21
21726,46,12.0,20
21726,47,9.5,10
21726,49,20.0,46
21726,50,16.25,11
21726,51,53.0,13
21726,52,7.0,7
21726,53,32.8,21
21726,54,7.45,2
21726,55,24.0,23
21726,56,38.0,49
21726,58,13.25,41
21726,59,55.0,47
21726,60,34.0,32
21726,61,28.5,42
21726,62,49.3,20
21726,63,43.9,24
21726,64,33.25,18
21726,65,21.05,11
21726,66,17.0,18
21726,67,14.0,35
21726,69,36.0,29
21726,70,15.0,11
21726,71,21.5,34
21726,72,34.8,12
21726,73,15.0,30
21726,74,10.0,42
21726,75,7.75,16
21726,76,18.0,13
21726,77,13.0,10
21732,9,97.0,19
21732,11,21.0,8
21732,12,38.0,2
21732,15,15.5,42
21732,17,39.0,17
21732,24,4.5,26
21732,25,14.0,48
21732,26,31.23,15
21732,32,32.0,30
21732,34,14.0,48
21732,47,9.5,1
21732,49,20.0,44
21732,55,24.0,16
21732,56,38.0,25
21732,70,15.0,1
21732,76,18.0,36
21732,77,13.0,26
21734,2,19.0,32
21734,4,22.0,14
21734,5,21.35,46
21734,7,30.0,45
21734,8,40.0,48
21734,9,97.0,30
21734,10,31.0,11
21734,11,21.0,5
21734,12,38.0,28
21734,13,6.0,49
21734,14,23.25,46
21734,15,15.5,1
21734,17,39.0,7
21734,18,62.5,45
21734,19,9.2,10
21734,20,81.0,32
21734,21,10.0,38
21734,22,21.0,42
21734,23,9.0,40
21734,24,4.5,49
21734,25,14.0,22
21734,26,31.23,6
21734,29,123.79,7
21734,31,12.5,8
21734,32,32.0,29
21734,34,14.0,28
21734,35,18.0,50
21734,36,19.0,4
21734,37,26.0,9
21734,38,263.5,28
21734,39,18.0,1
21734,40,18.4,9
21734,42,14.0,13
21734,43,46.0,45
21734,44,19.45,46
21734,46,12.0,47
21734,47,9.5,40
21734,48,12.75,49
21734,49,20.0,11
21734,51,53.0,21
21734,52,7.0,11
21734,53,32.8,2
21734,54,7.45,40
21734,56,38.0,47
21734,57,19.5,46
21734,58,13.25,10
21734,59,55.0,48
21734,61,28.5,39
21734,63,43.9,23
21734,64,33.25,27
21734,65,21.05,10
21734,67,14.0,48
21734,68,12.5,1
21734,70,15.0,4
21734,71,21.5,35
21734,72,34.8,5
21734,73,15.0,5
21734,75,7.75,35
21734,76,18.0,38
21734,77,13.0,1
21759,1,18.0,32
21759,3,10.0,33
21759,4,22.0,21
21759,5,21.35,18
21759,6,25.0,44
21759,7,30.0,5
21759,8,40.0,41
21759,9,97.0,46
21759,11,21.0,4
21759,12,38.0,15
21759,13,6.0,26
21759,15,15.5,37
21759,16,17.45,25
21759,17,39.0,7
21759,18,62.5,16
21759,19,9.2,39
21759,20,81.0,10
21759,23,9.0,31
21759,25,14.0,26
21759,26,31.23,49
21759,27,43.9,22
21759,28,45.6,35
21759,29,123.79,20
21759,30,25.89,23
21759,31,12.5,26
21759,32,32.0,9
21759,33,2.5,50
21759,34,14.0,8
21759,35,18.0,23
21759,36,19.0,27
21759,37,26.0,25
21759,38,263.5,47
21759,39,18.0,39
21759,40,18.4,16
21759,41,9.65,3
21759,42,14.0,47
21759,43,46.0,24
21759,44,19.45,6
21759,45,9.5,39
21759,46,12.0,5
21759,47,9.5,33
21759,48,12.75,20
21759,49,20.0,24
21759,50,16.25,4
21759,51,53.0,19
21759,52,7.0,5
21759,53,32.8,49
21759,55,24.0,7
21759,56,38.0,32
21759,57,19.5,8
21759,59,55.0,41
21759,60,34.0,27
21759,61,28.5,37
21759,62,49.3,48
21759,64,33.25,39
21759,65,21.05,32
21759,66,17.0,30
21759,67,14.0,39
21759,68,12.5,50
21759,69,36.0,34
21759,70,15.0,19
21759,71,21.5,48
21759,72,34.8,30
21759,73,15.0,21
21759,75,7.75,18
21759,76,18.0,16
21759,77,13.0,28
21776,1,18.0,50
21776,2,19.0,19
21776,3,10.0,50
21776,4,22.0,28
21776,5,21.35,24
21776,6,25.0,23
21776,7,30.0,10
21776,8,40.0,48
21776,9,97.0,31
21776,10,31.0,30
21776,11,21.0,16
21776,12,38.0,7
21776,13,6.0,20
21776,14,23.25,13
21776,15,15.5,35
21776,16,17.45,9
21776,17,39.0,40
21776,18,62.5,42
21776,19,9.2,50
21776,20,81.0,17
21776,21,10.0,36
21776,22,21.0,20
21776,23,9.0,3
21776,24,4.5,10
21776,25,14.0,37
21776,26,31.23,48
21776,27,43.9,4
21776,28,45.6,36
21776,30,25.89,23
21776,31,12.5,24
21776,32,32.0,25
21776,33,2.5,27
21776,34,14.0,39
21776,35,18.0,12
21776,36,19.0,21
21776,37,26.0,30
21776,38,263.5,39
21776,39,18.0,35
21776,40,18.4,26
21776,41,9.65,29
21776,42,14.0,48
21776,43,46.0,45
21776,44,19.45,35
21776,45,9.5,41
21776,46,12.0,14
21776,47,9.5,9
21776,48,12.75,47
21776,49,20.0,24
21776,50,16.25,10
21776,51,53.0,28
21776,52,7.0,11
21776,53,32.8,39
21776,54,7.45,38
21776,55,24.0,13
21776,56,38.0,12
21776,57,19.5,47
21776,60,34.0,12
21776,61,28.5,23
21776,62,49.3,15
21776,63,43.9,1
21776,64,33.25,41
21776,65,21.05,36
21776,66,17.0,12
21776,67,14.0,38
21776,68,12.5,18
21776,69,36.0,47
21776,70,15.0,43
21776,71,21.5,33
21776,72,34.8,5
21776,73,15.0,14
21776,74,10.0,17
21776,75,7.75,22
21776,76,18.0,32
21776,77,13.0,10
21792,2,19.0,48
21792,6,25.0,30
21792,7,30.0,5
21792,9,97.0,6
21792,10,31.0,41
21792,11,21.0,14
21792,15,15.5,3
21792,20,81.0,43
21792,22,21.0,31
21792,25,14.0,27
21792,29,123.79,37
21792,30,25.89,12
21792,31,12.5,19
21792,40,18.4,45
21792,41,9.65,34
21792,44,19.45,13
21792,46,12.0,15
21792,48,12.75,14
21792,55,24.0,22
21792,56,38.0,31
21792,58,13.25,5
21792,61,28.5,26
21792,63,43.9,29
21792,76,18.0,8
21792,77,13.0,50
21830,1,18.0,45
21830,2,19.0,35
21830,4,22.0,7
21830,5,21.35,5
21830,7,30.0,1
21830,10,31.0,11
21830,11,21.0,43
21830,12,38.0,8
21830,13,6.0,6
21830,16,17.45,14
21830,17,39.0,34
21830,18,62.5,10
21830,20,81.0,26
21830,21,10.0,30
21830,22,21.0,3
21830,25,14.0,26
21830,26,31.23,41
21830,27,43.9,50
21830,32,32.0,27
21830,34,14.0,10
21830,37,26.0,12
21830,38,263.5,40
21830,39,18.0,46
21830,40,18.4,40
21830,41,9.65,26
21830,42,14.0,39
21830,43,46.0,32
21830,46,12.0,9
21830,48,12.75,49
21830,49,20.0,38
21830,50,16.25,34
21830,51,53.0,4
21830,52,7.0,11
21830,54,7.45,33
21830,55,24.0,45
21830,56,38.0,23
21830,58,13.25,41
21830,59,55.0,36
21830,60,34.0,11
21830,61,28.5,30
21830,62,49.3,22
21830,63,43.9,37
21830,64,33.25,33
21830,65,21.05,29
21830,69,36.0,31
21830,71,21.5,32
21830,72,34.8,50
21830,73,15.0,44
21830,74,10.0,25
21844,1,18.0,33
21844,2,19.0,33
21844,3,10.0,35
21844,4,22.0,26
21844,6,25.0,3
21844,8,40.0,35
21844,9,97.0,25
21844,11,21.0,2
21844,12,38.0,23
21844,14,23.25,17
21844,17,39.0,6
21844,18,62.5,6
21844,19,9.2,49
21844,20,81.0,28
21844,21,10.0,27
21844,23,9.0,27
21844,24,4.5,24
21844,25,14.0,2
21844,26,31.23,49
21844,27,43.9,7
21844,28,45.6,34
21844,29,123.79,48
21844,30,25.89,28
21844,31,12.5,21
21844,32,32.0,40
21844,33,2.5,14
21844,34,14.0,41
21844,35,18.0,47
21844,36,19.0,19
21844,37,26.0,13
21844,38,263.5,44
21844,39,18.0,5
21844,40,18.4,43
21844,41,9.65,24
21844,42,14.0,37
21844,43,46.0,40
21844,44,19.45,36
21844,45,9.5,25
21844,46,12.0,42
21844,47,9.5,40
21844,48,12.75,42
21844,49,20.0,10
21844,51,53.0,31
21844,53,32.8,22
21844,55,24.0,25
21844,56,38.0,2
21844,57,19.5,47
21844,59,55.0,45
21844,60,34.0,22
21844,61,28.5,37
21844,63,43.9,34
21844,65,21.05,4
21844,67,14.0,22
21844,68,12.5,34
21844,70,15.0,37
21844,71,21.5,32
21844,72,34.8,12
21844,73,15.0,12
21844,74,10.0,5
21844,75,7.75,37
21844,76,18.0,11
21844,77,13.0,37
21943,1,18.0,50
21943,2,19.0,47
21943,3,10.0,49
21943,4,22.0,40
21943,5,21.35,45
21943,6,25.0,28
21943,7,30.0,11
21943,8,40.0,33
21943,9,97.0,17
21943,12,38.0,12
21943,14,23.25,24
21943,15,15.5,2
21943,16,17.45,37
21943,17,39.0,2
21943,18,62.5,24
21943,19,9.2,48
21943,20,81.0,29
21943,21,10.0,24
21943,22,21.0,29
21943,23,9.0,7
21943,24,4.5,47
21943,26,31.23,29
21943,29,123.79,8
21943,30,25.89,31
21943,31,12.5,46
21943,32,32.0,21
21943,33,2.5,10
21943,38,263.5,30
21943,40,18.4,32
21943,41,9.65,14
21943,44,19.45,26
21943,45,9.5,41
21943,46,12.0,44
21943,47,9.5,6
21943,49,20.0,48
21943,53,32.8,18
21943,57,19.5,49
21943,58,13.25,13
21943,61,28.5,42
21943,62,49.3,13
21943,63,43.9,7
21943,65,21.05,9
21943,68,12.5,27
21943,69,36.0,4
21943,73,15.0,29
22035,2,19.0,37
22035,5,21.35,5
22035,6,25.0,27
22035,7,30.0,21
22035,9,97.0,31
22035,14,23.25,42
22035,16,17.45,20
22035,18,62.5,31
22035,22,21.0,22
22035,24,4.5,26
22035,25,14.0,10
22035,28,45.6,23
22035,29,123.79,9
22035,32,32.0,37
22035,33,2.5,6
22035,34,14.0,15
22035,44,19.45,21
22035,48,12.75,25
22035,49,20.0,38
22035,50,16.25,48
22035,51,53.0,3
22035,54,7.45,40
22035,55,24.0,47
22035,64,33.25,3
22035,67,14.0,49
22035,69,36.0,15
22035,70,15.0,3
22035,74,10.0,20
22035,77,13.0,37
22061,3,10.0,49
22061,5,21.35,6
22061,6,25.0,16
22061,7,30.0,9
22061,8,40.0,9
22061,11,21.0,1
22061,13,6.0,14
22061,20,81.0,24
22061,29,123.79,35
22061,30,25.89,49
22061,32,32.0,3
22061,34,14.0,18
22061,37,26.0,13
22061,39,18.0,20
22061,40,18.4,30
22061,43,46.0,1
22061,44,19.45,8
22061,45,9.5,47
22061,52,7.0,18
22061,61,28.5,48
22061,62,49.3,41
22061,64,33.25,10
22061,68,12.5,49
22061,71,21.5,19
22061,74,10.0,25
22061,76,18.0,30
22064,6,25.0,43
22064,9,97.0,36
22064,15,15.5,8
22064,16,17.45,27
22064,24,4.5,44
22064,30,25.89,21
22064,32,32.0,8
22064,33,2.5,5
22064,38,263.5,44
22064,42,14.0,27
22064,43,46.0,10
22064,48,12.75,2
22064,49,20.0,40
22064,53,32.8,31
22064,55,24.0,50
22064,59,55.0,3
22064,63,43.9,16
22064,67,14.0,9
22064,69,36.0,20
22064,70,15.0,36
22064,74,10.0,40
22064,75,7.75,25
22064,77,13.0,49
22084,1,18.0,23
22084,3,10.0,44
22084,5,21.35,38
22084,6,25.0,37
22084,8,40.0,38
22084,11,21.0,6
22084,12,38.0,13
22084,14,23.25,10
22084,15,15.5,41
22084,16,17.45,38
22084,19,9.2,34
22084,21,10.0,12
22084,22,21.0,18
22084,24,4.5,20
22084,25,14.0,33
22084,26,31.23,48
22084,28,45.6,45
22084,30,25.89,28
22084,32,32.0,14
22084,36,19.0,42
22084,37,26.0,10
22084,39,18.0,14
22084,43,46.0,8
22084,45,9.5,42
22084,46,12.0,25
22084,47,9.5,26
22084,50,16.25,1
22084,51,53.0,48
22084,52,7.0,43
22084,54,7.45,16
22084,55,24.0,37
22084,56,38.0,39
22084,57,19.5,31
22084,58,13.25,19
22084,59,55.0,18
22084,60,34.0,8
22084,61,28.5,22
22084,62,49.3,39
22084,63,43.9,32
22084,66,17.0,22
22084,68,12.5,35
22084,69,36.0,47
22084,71,21.5,40
22084,72,34.8,28
22084,73,15.0,18
22084,74,10.0,29
22084,75,7.75,8
22084,76,18.0,33
22084,77,13.0,41
22155,1,18.0,20
22155,2,19.0,46
22155,6,25.0,50
22155,7,30.0,38
22155,9,97.0,46
22155,14,23.25,32
22155,15,15.5,40
22155,16,17.45,33
22155,19,9.2,21
22155,20,81.0,11
22155,22,21.0,26
22155,23,9.0,33
22155,25,14.0,7
22155,26,31.23,41
22155,28,45.6,26
22155,30,25.89,50
22155,31,12.5,18
22155,34,14.0,9
22155,36,19.0,18
22155,38,263.5,33
22155,40,18.4,22
22155,47,9.5,26
22155,48,12.75,25
22155,49,20.0,10
22155,51,53.0,19
22155,53,32.8,37
22155,54,7.45,42
22155,56,38.0,27
22155,58,13.25,8
22155,61,28.5,25
22155,63,43.9,38
22155,65,21.05,49
22155,67,14.0,9
22155,68,12.5,30
22155,70,15.0,43
22155,71,21.5,20
22155,76,18.0,7
22155,77,13.0,27
22158,1,18.0,19
22158,12,38.0,1
22158,20,81.0,7
22158,25,14.0,27
22158,45,9.5,4
22158,49,20.0,20
22158,54,7.45,39
22158,62,49.3,8
22158,65,21.05,50
22158,67,14.0,37
22158,71,21.5,19
22280,14,23.25,23
22280,16,17.45,44
22280,20,81.0,2
22280,21,10.0,45
22280,22,21.0,9
22280,31,12.5,46
22280,32,32.0,18
22280,33,2.5,41
22280,37,26.0,9
22280,40,18.4,11
22280,42,14.0,31
22280,44,19.45,24
22280,46,12.0,26
22280,51,53.0,1
22280,52,7.0,25
22280,53,32.8,10
22280,54,7.45,35
22280,57,19.5,40
22280,70,15.0,9
22280,71,21.5,23
22280,72,34.8,29
22329,9,97.0,24
22329,12,38.0,32
22329,13,6.0,22
22329,14,23.25,11
22329,15,15.5,43
22329,16,17.45,50
22329,18,62.5,36
22329,19,9.2,11
22329,20,81.0,20
22329,23,9.0,32
22329,26,31.23,30
22329,28,45.6,39
22329,31,12.5,42
22329,32,32.0,10
22329,34,14.0,25
22329,36,19.0,5
22329,39,18.0,21
22329,40,18.4,47
22329,44,19.45,17
22329,45,9.5,35
22329,46,12.0,36
22329,47,9.5,49
22329,48,12.75,10
22329,49,20.0,19
22329,50,16.25,9
22329,51,53.0,45
22329,52,7.0,25
22329,53,32.8,13
22329,55,24.0,34
22329,56,38.0,29
22329,57,19.5,1
22329,58,13.25,23
22329,59,55.0,11
22329,60,34.0,47
22329,61,28.5,3
22329,64,33.25,45
22329,65,21.05,40
22329,66,17.0,33
22329,67,14.0,5
22329,70,15.0,4
22329,71,21.5,11
22329,72,34.8,5
22329,73,15.0,13
22329,74,10.0,19
22329,75,7.75,21
22329,76,18.0,49
22329,77,13.0,23
22330,9,97.0,6
22330,56,38.0,49
22382,4,22.0,34
22382,6,25.0,16
22382,16,17.45,41
22382,43,46.0,8
22382,63,43.9,13
22382,66,17.0,43
22382,68,12.5,44
22382,73,15.0,12
22435,2,19.0,38
22435,4,22.0,39
22435,5,21.35,6
22435,6,25.0,27
22435,8,40.0,48
22435,9,97.0,2
22435,10,31.0,33
22435,12,38.0,17
22435,16,17.45,5
22435,19,9.2,2
22435,20,81.0,14
22435,22,21.0,33
22435,23,9.0,5
22435,26,31.23,2
22435,29,123.79,30
22435,33,2.5,12
22435,35,18.0,25
22435,37,26.0,1
22435,41,9.65,42
22435,42,14.0,26
22435,43,46.0,7
22435,45,9.5,30
22435,46,12.0,8
22435,48,12.75,1
22435,49,20.0,29
22435,55,24.0,20
22435,57,19.5,1
22435,58,13.25,25
22435,59,55.0,2
22435,60,34.0,39
22435,62,49.3,1
22435,64,33.25,14
22435,69,36.0,48
22435,70,15.0,20
22435,74,10.0,9
22435,76,18.0,23
22534,1,18.0,20
22534,2,19.0,13
22534,3,10.0,17
22534,8,40.0,6
22534,9,97.0,7
22534,11,21.0,19
22534,12,38.0,26
22534,13,6.0,4
22534,16,17.45,16
22534,17,39.0,42
22534,21,10.0,6
22534,23,9.0,50
22534,25,14.0,6
22534,27,43.9,42
22534,29,123.79,48
22534,30,25.89,37
22534,31,12.5,25
22534,32,32.0,10
22534,33,2.5,11
22534,34,14.0,37
22534,35,18.0,22
22534,36,19.0,26
22534,37,26.0,2
22534,41,9.65,38
22534,42,14.0,50
22534,44,19.45,30
22534,46,12.0,11
22534,47,9.5,39
22534,50,16.25,20
22534,52,7.0,27
22534,55,24.0,9
22534,56,38.0,43
22534,58,13.25,47
22534,59,55.0,31
22534,60,34.0,11
22534,63,43.9,36
22534,64,33.25,26
22534,71,21.5,48
22534,74,10.0,45
22534,77,13.0,35
22554,1,18.0,19
22554,5,21.35,8
22554,8,40.0,27
22554,10,31.0,42
22554,12,38.0,9
22554,13,6.0,4
22554,15,15.5,50
22554,20,81.0,10
22554,21,10.0,38
22554,22,21.0,44
22554,24,4.5,42
22554,25,14.0,38
22554,29,123.79,48
22554,30,25.89,2
22554,31,12.5,9
22554,32,32.0,37
22554,34,14.0,19
22554,35,18.0,22
22554,36,19.0,27
22554,38,263.5,48
22554,40,18.4,4
22554,43,46.0,9
22554,45,9.5,9
22554,46,12.0,39
22554,49,20.0,36
22554,51,53.0,11
22554,54,7.45,6
22554,58,13.25,39
22554,60,34.0,45
22554,61,28.5,27
22554,62,49.3,12
22554,66,17.0,47
22554,70,15.0,14
22554,76,18.0,39
22607,2,19.0,50
22607,3,10.0,4
22607,4,22.0,14
22607,5,21.35,44
22607,7,30.0,48
22607,8,40.0,40
22607,9,97.0,43
22607,10,31.0,45
22607,12,38.0,25
22607,13,6.0,35
22607,14,23.25,23
22607,16,17.45,23
22607,17,39.0,32
22607,20,81.0,40
22607,22,21.0,29
22607,23,9.0,7
22607,25,14.0,21
22607,26,31.23,4
22607,27,43.9,28
22607,29,123.79,24
22607,33,2.5,35
22607,34,14.0,33
22607,35,18.0,19
22607,38,263.5,25
22607,39,18.0,34
22607,41,9.65,41
22607,42,14.0,36
22607,43,46.0,36
22607,44,19.45,35
22607,51,53.0,22
22607,52,7.0,36
22607,54,7.45,18
22607,55,24.0,14
22607,57,19.5,14
22607,58,13.25,44
22607,59,55.0,9
22607,60,34.0,40
22607,62,49.3,44
22607,64,33.25,43
22607,67,14.0,27
22607,69,36.0,38
22607,72,34.8,27
22607,74,10.0,18
22607,77,13.0,25
22609,1,18.0,29
22609,2,19.0,37
22609,3,10.0,12
22609,4,22.0,30
22609,5,21.35,23
22609,6,25.0,41
22609,11,21.0,38
22609,12,38.0,33
22609,13,6.0,20
22609,14,23.25,29
22609,15,15.5,34
22609,17,39.0,18
22609,18,62.5,5
22609,19,9.2,14
22609,21,10.0,42
22609,22,21.0,31
22609,23,9.0,39
22609,25,14.0,32
22609,26,31.23,48
22609,28,45.6,27
22609,29,123.79,38
22609,30,25.89,20
22609,31,12.5,16
22609,32,32.0,41
22609,33,2.5,35
22609,34,14.0,10
22609,36,19.0,41
22609,37,26.0,40
22609,38,263.5,33
22609,39,18.0,17
22609,40,18.4,3
22609,41,9.65,42
22609,43,46.0,24
22609,44,19.45,6
22609,45,9.5,13
22609,46,12.0,9
22609,47,9.5,43
22609,48,12.75,48
22609,49,20.0,48
22609,50,16.25,22
22609,51,53.0,18
22609,52,7.0,44
22609,53,32.8,5
22609,56,38.0,31
22609,57,19.5,37
22609,58,13.25,6
22609,61,28.5,17
22609,62,49.3,24
22609,63,43.9,6
22609,65,21.05,2
22609,66,17.0,24
22609,68,12.5,28
22609,69,36.0,2
22609,70,15.0,43
22609,72,34.8,6
22609,73,15.0,43
22609,74,10.0,15
22609,76,18.0,49
22630,5,21.35,8
22630,10,31.0,38
22630,15,15.5,1
22630,17,39.0,29
22630,21,10.0,33
22630,26,31.23,25
22630,33,2.5,44
22630,34,14.0,9
22630,35,18.0,11
22630,36,19.0,28
22630,37,26.0,20
22630,52,7.0,33
22630,57,19.5,46
22630,61,28.5,28
22630,62,49.3,16
22630,64,33.25,3
22630,65,21.05,1
22630,73,15.0,14
22636,1,18.0,38
22636,2,19.0,45
22636,4,22.0,11
22636,5,21.35,10
22636,8,40.0,15
22636,9,97.0,16
22636,10,31.0,15
22636,12,38.0,2
22636,13,6.0,24
22636,18,62.5,28
22636,20,81.0,14
22636,21,10.0,27
22636,22,21.0,17
22636,24,4.5,11
22636,26,31.23,2
22636,27,43.9,10
22636,29,123.79,9
22636,31,12.5,12
22636,33,2.5,38
22636,35,18.0,5
22636,38,263.5,45
22636,39,18.0,47
22636,40,18.4,8
22636,42,14.0,11
22636,43,46.0,25
22636,44,19.45,18
22636,46,12.0,35
22636,47,9.5,17
22636,48,12.75,14
22636,49,20.0,42
22636,50,16.25,29
22636,51,53.0,11
22636,52,7.0,46
22636,53,32.8,33
22636,54,7.45,50
22636,55,24.0,23
22636,56,38.0,20
22636,57,19.5,2
22636,60,34.0,30
22636,61,28.5,9
22636,64,33.25,20
22636,65,21.05,33
22636,72,34.8,49
22636,73,15.0,6
22683,10,31.0,44
22683,21,10.0,17
22683,47,9.5,20
22683,56,38.0,17
22683,60,34.0,49
22683,63,43.9,31
22683,66,17.0,12
22738,1,18.0,14
22738,3,10.0,14
22738,4,22.0,29
22738,6,25.0,19
22738,11,21.0,36
22738,19,9.2,15
22738,20,81.0,40
22738,22,21.0,12
22738,24,4.5,50
22738,25,14.0,31
22738,26,31.23,38
22738,29,123.79,26
22738,31,12.5,27
22738,32,32.0,47
22738,33,2.5,35
22738,34,14.0,40
22738,39,18.0,24
22738,40,18.4,48
22738,41,9.65,35
22738,45,9.5,47
22738,46,12.0,40
22738,47,9.5,31
22738,48,12.75,49
22738,49,20.0,37
22738,52,7.0,35
22738,53,32.8,5
22738,60,34.0,45
22738,62,49.3,16
22738,63,43.9,41
22738,68,12.5,30
22738,72,34.8,37
22738,74,10.0,41
22738,75,7.75,4
22738,76,18.0,24
22743,10,31.0,48
22743,13,6.0,31
22743,15,15.5,37
22743,24,4.5,17
22743,25,14.0,42
22743,29,123.79,7
22743,37,26.0,4
22743,44,19.45,14
22743,49,20.0,21
22743,51,53.0,13
22743,53,32.8,48
22743,55,24.0,14
22743,64,33.25,32
22743,76,18.0,49
22787,4,22.0,47
22787,7,30.0,39
22787,15,15.5,48
22787,17,39.0,38
22787,19,9.2,7
22787,23,9.0,1
22787,24,4.5,43
22787,25,14.0,47
22787,27,43.9,3
22787,31,12.5,13
22787,38,263.5,4
22787,39,18.0,46
22787,40,18.4,46
22787,47,9.5,37
22787,53,32.8,50
22787,62,49.3,42
22787,69,36.0,9
22787,75,7.75,23
22787,77,13.0,22
22798,1,18.0,2
22798,4,22.0,17
22798,7,30.0,19
22798,8,40.0,48
22798,12,38.0,26
22798,22,21.0,8
22798,36,19.0,48
22798,45,9.5,29
22798,56,38.0,17
22798,57,19.5,45
22798,58,13.25,22
22798,64,33.25,38
22798,66,17.0,28
22798,68,12.5,32
22798,73,15.0,38
22798,74,10.0,10
22798,77,13.0,30
22855,2,19.0,4
22855,3,10.0,1
22855,4,22.0,26
22855,5,21.35,37
22855,6,25.0,10
22855,7,30.0,40
22855,8,40.0,29
22855,9,97.0,14
22855,10,31.0,32
22855,11,21.0,39
22855,12,38.0,42
22855,13,6.0,4
22855,14,23.25,28
22855,15,15.5,48
22855,16,17.45,50
22855,17,39.0,47
22855,18,62.5,19
22855,19,9.2,16
22855,20,81.0,15
22855,21,10.0,4
22855,22,21.0,21
22855,23,9.0,33
22855,24,4.5,29
22855,25,14.0,28
22855,26,31.23,1
22855,27,43.9,39
22855,28,45.6,1
22855,29,123.79,41
22855,30,25.89,15
22855,31,12.5,5
22855,32,32.0,2
22855,33,2.5,3
22855,34,14.0,5
22855,35,18.0,45
22855,36,19.0,14
22855,37,26.0,48
22855,38,263.5,25
22855,39,18.0,35
22855,40,18.4,25
22855,41,9.65,40
22855,42,14.0,47
22855,43,46.0,38
22855,44,19.45,48
22855,45,9.5,1
22855,46,12.0,26
22855,47,9.5,36
22855,48,12.75,27
22855,49,20.0,14
22855,51,53.0,18
22855,52,7.0,14
22855,53,32.8,43
22855,54,7.45,9
22855,55,24.0,40
22855,56,38.0,48
22855,57,19.5,17
22855,58,13.25,32
22855,59,55.0,2
22855,61,28.5,29
22855,63,43.9,36
22855,64,33.25,1
22855,66,17.0,15
22855,67,14.0,9
22855,68,12.5,11
22855,69,36.0,13
22855,70,15.0,32
22855,71,21.5,31
22855,72,34.8,16
22855,73,15.0,47
22855,74,10.0,13
22855,76,18.0,9
22855,77,13.0,45
22864,1,18.0,26
22864,4,22.0,28
22864,6,25.0,10
22864,7,30.0,28
22864,8,40.0,19
22864,9,97.0,43
22864,10,31.0,21
22864,11,21.0,50
22864,12,38.0,15
22864,13,6.0,35
22864,14,23.25,24
22864,15,15.5,2
22864,16,17.45,5
22864,17,39.0,4
22864,18,62.5,24
22864,19,9.2,43
22864,20,81.0,38
22864,21,10.0,19
22864,22,21.0,24
22864,23,9.0,6
22864,24,4.5,18
22864,25,14.0,6
22864,26,31.23,10
22864,27,43.9,39
22864,30,25.89,23
22864,31,12.5,17
22864,33,2.5,40
22864,34,14.0,50
22864,36,19.0,24
22864,37,26.0,44
22864,38,263.5,9
22864,39,18.0,41
22864,40,18.4,33
22864,41,9.65,43
22864,42,14.0,20
22864,43,46.0,4
22864,44,19.45,27
22864,45,9.5,30
22864,46,12.0,27
22864,48,12.75,37
22864,49,20.0,39
22864,51,53.0,19
22864,52,7.0,5
22864,54,7.45,2
22864,55,24.0,16
22864,56,38.0,24
22864,57,19.5,42
22864,58,13.25,22
22864,61,28.5,44
22864,63,43.9,10
22864,64,33.25,20
22864,65,21.05,48
22864,66,17.0,26
22864,67,14.0,31
22864,68,12.5,45
22864,69,36.0,32
22864,70,15.0,6
22864,71,21.5,42
22864,72,34.8,4
22864,73,15.0,16
22864,74,10.0,11
22872,4,22.0,19
22872,16,17.45,46
22872,41,9.65,37
22872,43,46.0,17
22872,44,19.45,11
22879,1,18.0,1
22879,2,19.0,22
22879,12,38.0,22
22879,13,6.0,43
22879,18,62.5,43
22879,22,21.0,4
22879,23,9.0,30
22879,26,31.23,31
22879,30,25.89,50
22879,33,2.5,14
22879,34,14.0,42
22879,35,18.0,8
22879,36,19.0,40
22879,40,18.4,6
22879,45,9.5,2
22879,46,12.0,11
22879,51,53.0,14
22879,53,32.8,50
22879,54,7.45,31
22879,55,24.0,6
22879,56,38.0,44
22879,57,19.5,44
22879,59,55.0,5
22879,60,34.0,39
22879,63,43.9,17
22879,67,14.0,25
22879,70,15.0,50
22879,72,34.8,31
22879,74,10.0,25
22891,1,18.0,24
22891,2,19.0,34
22891,5,21.35,49
22891,6,25.0,9
22891,7,30.0,1
22891,8,40.0,27
22891,10,31.0,43
22891,11,21.0,7
22891,12,38.0,27
22891,13,6.0,4
22891,14,23.25,3
22891,16,17.45,22
22891,17,39.0,27
22891,18,62.5,13
22891,19,9.2,43
22891,20,81.0,45
22891,21,10.0,50
22891,22,21.0,37
22891,24,4.5,28
22891,25,14.0,1
22891,26,31.23,49
22891,27,43.9,8
22891,28,45.6,47
22891,29,123.79,41
22891,31,12.5,45
22891,32,32.0,10
22891,33,2.5,6
22891,34,14.0,38
22891,35,18.0,48
22891,36,19.0,8
22891,37,26.0,21
22891,38,263.5,19
22891,39,18.0,46
22891,40,18.4,47
22891,41,9.65,45
22891,42,14.0,36
22891,43,46.0,22
22891,44,19.45,24
22891,45,9.5,42
22891,47,9.5,47
22891,48,12.75,19
22891,49,20.0,15
22891,50,16.25,21
22891,51,53.0,31
22891,53,32.8,48
22891,54,7.45,21
22891,55,24.0,40
22891,56,38.0,41
22891,57,19.5,38
22891,58,13.25,39
22891,59,55.0,19
22891,60,34.0,49
22891,61,28.5,27
22891,62,49.3,8
22891,63,43.9,16
22891,64,33.25,9
22891,65,21.05,23
22891,66,17.0,2
22891,67,14.0,13
22891,68,12.5,33
22891,69,36.0,26
22891,70,15.0,24
22891,71,21.5,13
22891,72,34.8,10
22891,73,15.0,45
22891,74,10.0,49
22891,75,7.75,21
22891,76,18.0,11
22891,77,13.0,14
22958,1,18.0,8
22958,2,19.0,4
22958,3,10.0,28
22958,5,21.35,27
22958,7,30.0,7
22958,8,40.0,33
22958,9,97.0,42
22958,12,38.0,9
22958,15,15.5,7
22958,16,17.45,16
22958,17,39.0,34
22958,18,62.5,3
22958,19,9.2,45
22958,20,81.0,32
22958,21,10.0,28
22958,22,21.0,14
22958,23,9.0,28
22958,25,14.0,44
22958,27,43.9,49
22958,28,45.6,17
22958,29,123.79,1
22958,31,12.5,24
22958,32,32.0,4
22958,33,2.5,36
22958,34,14.0,23
22958,35,18.0,36
22958,36,19.0,15
22958,37,26.0,23
22958,38,263.5,25
22958,39,18.0,39
22958,40,18.4,26
22958,41,9.65,22
22958,42,14.0,27
22958,44,19.45,22
22958,45,9.5,24
22958,46,12.0,8
22958,47,9.5,20
22958,48,12.75,34
22958,50,16.25,34
22958,51,53.0,21
22958,52,7.0,16
22958,53,32.8,49
22958,54,7.45,10
22958,55,24.0,32
22958,56,38.0,7
22958,57,19.5,28
22958,58,13.25,37
22958,59,55.0,2
22958,60,34.0,33
22958,61,28.5,4
22958,62,49.3,45
22958,63,43.9,25
22958,64,33.25,16
22958,67,14.0,37
22958,68,12.5,42
22958,70,15.0,39
22958,72,34.8,29
22958,73,15.0,31
22958,74,10.0,10
22958,76,18.0,30
22958,77,13.0,14
23033,1,18.0,39
23033,2,19.0,47
23033,3,10.0,17
23033,4,22.0,22
23033,5,21.35,8
23033,6,25.0,12
23033,7,30.0,22
23033,8,40.0,22
23033,9,97.0,22
23033,10,31.0,26
23033,11,21.0,23
23033,12,38.0,45
23033,13,6.0,12
23033,14,23.25,19
23033,15,15.5,30
23033,16,17.45,34
23033,17,39.0,16
23033,18,62.5,45
23033,19,9.2,28
23033,20,81.0,50
23033,21,10.0,32
23033,22,21.0,34
23033,23,9.0,38
23033,24,4.5,24
23033,25,14.0,48
23033,26,31.23,45
23033,27,43.9,41
23033,28,45.6,12
23033,29,123.79,15
23033,30,25.89,29
23033,31,12.5,9
23033,32,32.0,32
23033,34,14.0,14
23033,35,18.0,17
23033,36,19.0,20
23033,37,26.0,38
23033,38,263.5,42
23033,39,18.0,45
23033,40,18.4,32
23033,41,9.65,11
23033,42,14.0,15
23033,43,46.0,30
23033,44,19.45,16
23033,45,9.5,38
23033,46,12.0,12
23033,47,9.5,11
23033,48,12.75,50
23033,49,20.0,50
23033,50,16.25,28
23033,51,53.0,18
23033,52,7.0,21
23033,53,32.8,39
23033,54,7.45,31
23033,55,24.0,30
23033,56,38.0,3
23033,57,19.5,16
23033,58,13.25,15
23033,59,55.0,35
23033,60,34.0,18
23033,61,28.5,21
23033,62,49.3,30
23033,63,43.9,7
23033,64,33.25,16
23033,65,21.05,17
23033,66,17.0,13
23033,67,14.0,50
23033,68,12.5,8
23033,69,36.0,11
23033,70,15.0,43
23033,71,21.5,6
23033,72,34.8,11
23033,73,15.0,50
23033,74,10.0,3
23033,75,7.75,10
23033,76,18.0,6
23033,77,13.0,21
23047,2,19.0,6
23047,3,10.0,33
23047,4,22.0,41
23047,5,21.35,12
23047,6,25.0,11
23047,8,40.0,9
23047,10,31.0,41
23047,11,21.0,42
23047,12,38.0,13
23047,14,23.25,22
23047,15,15.5,18
23047,19,9.2,16
23047,21,10.0,32
23047,26,31.23,49
23047,28,45.6,1
23047,30,25.89,50
23047,32,32.0,6
23047,33,2.5,13
23047,34,14.0,18
23047,35,18.0,26
23047,38,263.5,25
23047,39,18.0,28
23047,40,18.4,17
23047,41,9.65,7
23047,42,14.0,36
23047,43,46.0,7
23047,44,19.45,32
23047,45,9.5,40
23047,47,9.5,37
23047,49,20.0,13
23047,50,16.25,34
23047,52,7.0,29
23047,53,32.8,47
23047,55,24.0,10
23047,57,19.5,50
23047,59,55.0,45
23047,60,34.0,10
23047,62,49.3,45
23047,63,43.9,21
23047,64,33.25,6
23047,66,17.0,4
23047,71,21.5,8
23047,72,34.8,50
23047,74,10.0,9
23047,75,7.75,6
23047,76,18.0,5
23047,77,13.0,30
23197,1,18.0,2
23197,3,10.0,25
23197,5,21.35,20
23197,7,30.0,29
23197,8,40.0,22
23197,9,97.0,18
23197,10,31.0,28
23197,11,21.0,48
23197,12,38.0,17
23197,13,6.0,10
23197,14,23.25,6
23197,17,39.0,36
23197,19,9.2,28
23197,20,81.0,44
23197,21,10.0,44
23197,24,4.5,18
23197,27,43.9,14
23197,28,45.6,29
23197,29,123.79,33
23197,30,25.89,45
23197,31,12.5,10
23197,32,32.0,49
23197,33,2.5,32
23197,34,14.0,24
23197,35,18.0,49
23197,38,263.5,17
23197,40,18.4,1
23197,41,9.65,11
23197,43,46.0,46
23197,44,19.45,38
23197,45,9.5,2
23197,46,12.0,41
23197,47,9.5,48
23197,49,20.0,47
23197,50,16.25,31
23197,52,7.0,19
23197,53,32.8,11
23197,55,24.0,23
23197,57,19.5,19
23197,58,13.25,20
23197,59,55.0,36
23197,60,34.0,9
23197,61,28.5,12
23197,62,49.3,23
23197,63,43.9,40
23197,66,17.0,34
23197,67,14.0,26
23197,68,12.5,7
23197,69,36.0,35
23197,70,15.0,41
23197,71,21.5,13
23197,72,34.8,42
23197,73,15.0,31
23197,75,7.75,28
23197,76,18.0,48
23197,77,13.0,43
23199,1,18.0,48
23199,2,19.0,44
23199,3,10.0,22
23199,4,22.0,15
23199,5,21.35,4
23199,6,25.0,34
23199,7,30.0,11
23199,8,40.0,18
23199,9,97.0,27
23199,10,31.0,13
23199,11,21.0,31
23199,12,38.0,2
23199,13,6.0,7
23199,14,23.25,39
23199,15,15.5,30
23199,16,17.45,19
23199,17,39.0,18
23199,18,62.5,48
23199,19,9.2,40
23199,20,81.0,34
23199,21,10.0,40
23199,22,21.0,13
23199,23,9.0,19
23199,24,4.5,29
23199,25,14.0,42
23199,26,31.23,45
23199,27,43.9,5
23199,28,45.6,1
23199,29,123.79,32
23199,30,25.89,35
23199,31,12.5,13
23199,32,32.0,23
23199,33,2.5,26
23199,34,14.0,7
23199,35,18.0,1
23199,36,19.0,15
23199,37,26.0,8
23199,38,263.5,12
23199,39,18.0,45
23199,40,18.4,8
23199,41,9.65,1
23199,42,14.0,2
23199,43,46.0,38
23199,44,19.45,4
23199,45,9.5,15
23199,46,12.0,50
23199,47,9.5,7
23199,48,12.75,38
23199,49,20.0,19
23199,51,53.0,29
23199,52,7.0,13
23199,53,32.8,33
23199,54,7.45,27
23199,55,24.0,17
23199,56,38.0,26
23199,57,19.5,37
23199,58,13.25,43
23199,59,55.0,11
23199,60,34.0,22
23199,61,28.5,20
23199,62,49.3,12
23199,63,43.9,19
23199,64,33.25,37
23199,65,21.05,37
23199,66,17.0,47
23199,68,12.5,16
23199,69,36.0,30
23199,70,15.0,11
23199,71,21.5,22
23199,72,34.8,37
23199,73,15.0,29
23199,74,10.0,10
23199,75,7.75,24
23199,76,18.0,9
23199,77,13.0,21
23283,3,10.0,42
23283,5,21.35,34
23283,16,17.45,12
23283,19,9.2,8
23283,24,4.5,39
23283,27,43.9,13
23283,31,12.5,47
23283,33,2.5,46
23283,40,18.4,12
23283,48,12.75,15
23283,50,16.25,48
23283,52,7.0,25
23283,53,32.8,10
23283,55,24.0,9
23283,63,43.9,48
23283,71,21.5,23
23283,73,15.0,35
23291,11,21.0,1
23291,13,6.0,11
23291,16,17.45,45
23291,18,62.5,33
23291,21,10.0,23
23291,22,21.0,16
23291,26,31.23,49
23291,41,9.65,25
23291,44,19.45,19
23291,49,20.0,9
23291,51,53.0,28
23291,59,55.0,18
23291,63,43.9,24
23291,64,33.25,17
23291,67,14.0,29
23291,68,12.5,7
23291,70,15.0,9
23291,71,21.5,18
23326,1,18.0,47
23326,5,21.35,13
23326,6,25.0,17
23326,8,40.0,26
23326,10,31.0,22
23326,12,38.0,15
23326,14,23.25,30
23326,15,15.5,38
23326,16,17.45,7
23326,17,39.0,22
23326,18,62.5,45
23326,20,81.0,47
23326,22,21.0,50
23326,27,43.9,29
23326,28,45.6,31
23326,29,123.79,44
23326,31,12.5,41
23326,33,2.5,17
23326,34,14.0,6
23326,38,263.5,25
23326,39,18.0,34
23326,40,18.4,11
23326,41,9.65,6
23326,43,46.0,39
23326,44,19.45,22
23326,45,9.5,15
23326,49,20.0,29
23326,51,53.0,48
23326,56,38.0,40
23326,59,55.0,1
23326,61,28.5,17
23326,62,49.3,41
23326,69,36.0,10
23326,72,34.8,2
23326,73,15.0,48
23373,4,22.0,17
23373,7,30.0,3
23373,9,97.0,16
23373,15,15.5,38
23373,17,39.0,40
23373,19,9.2,26
23373,20,81.0,41
23373,21,10.0,9
23373,28,45.6,12
23373,29,123.79,7
23373,31,12.5,28
23373,32,32.0,44
23373,33,2.5,40
23373,36,19.0,2
23373,37,26.0,13
23373,40,18.4,36
23373,42,14.0,33
23373,44,19.45,17
23373,45,9.5,23
23373,46,12.0,38
23373,47,9.5,23
23373,49,20.0,30
23373,50,16.25,22
23373,53,32.8,26
23373,67,14.0,49
23373,68,12.5,1
23373,73,15.0,49
23373,76,18.0,48
23405,1,18.0,37
23405,2,19.0,30
23405,3,10.0,16
23405,9,97.0,46
23405,11,21.0,31
23405,16,17.45,14
23405,17,39.0,29
23405,19,9.2,22
23405,24,4.5,10
23405,27,43.9,45
23405,29,123.79,6
23405,33,2.5,11
23405,34,14.0,25
23405,35,18.0,42
23405,39,18.0,48
23405,40,18.4,39
23405,43,46.0,41
23405,46,12.0,27
23405,50,16.25,18
23405,51,53.0,22
23405,55,24.0,32
23405,58,13.25,38
23405,59,55.0,16
23405,60,34.0,20
23405,63,43.9,10
23405,74,10.0,31
23405,76,18.0,16
23424,2,19.0,33
23424,4,22.0,13
23424,5,21.35,39
23424,6,25.0,26
23424,9,97.0,43
23424,11,21.0,27
23424,12,38.0,33
23424,13,6.0,49
23424,15,15.5,32
23424,17,39.0,23
23424,19,9.2,17
23424,21,10.0,39
23424,23,9.0,22
23424,24,4.5,50
23424,26,31.23,10
23424,27,43.9,12
23424,28,45.6,23
23424,29,123.79,45
23424,30,25.89,29
23424,31,12.5,44
23424,32,32.0,29
23424,34,14.0,29
23424,36,19.0,7
23424,37,26.0,41
23424,38,263.5,20
23424,39,18.0,15
23424,41,9.65,28
23424,42,14.0,31
23424,43,46.0,14
23424,44,19.45,41
23424,47,9.5,26
23424,49,20.0,16
23424,50,16.25,20
23424,51,53.0,11
23424,54,7.45,30
23424,57,19.5,29
23424,58,13.25,15
23424,59,55.0,40
23424,60,34.0,21
23424,61,28.5,3
23424,64,33.25,36
23424,65,21.05,15
23424,66,17.0,43
23424,68,12.5,34
23424,70,15.0,43
23424,71,21.5,41
23424,72,34.8,42
23424,73,15.0,19
23424,75,7.75,46
23424,76,18.0,47
23424,77,13.0,38
23458,16,17.45,20
23458,59,55.0,10
23458,70,15.0,35
23458,77,13.0,16
23509,2,19.0,46
23509,6,25.0,4
23509,10,31.0,42
23509,11,21.0,28
23509,15,15.5,48
23509,18,62.5,26
23509,22,21.0,27
23509,24,4.5,40
23509,29,123.79,8
23509,34,14.0,44
23509,35,18.0,42
23509,38,263.5,33
23509,39,18.0,49
23509,43,46.0,20
23509,44,19.45,25
23509,45,9.5,49
23509,46,12.0,35
23509,49,20.0,31
23509,52,7.0,6
23509,53,32.8,14
23509,57,19.5,18
23509,58,13.25,50
23509,61,28.5,17
23509,63,43.9,50
23509,67,14.0,13
23509,69,36.0,3
23509,74,10.0,15
23536,2,19.0,20
23536,3,10.0,24
23536,5,21.35,3
23536,6,25.0,37
23536,7,30.0,50
23536,8,40.0,15
23536,9,97.0,25
23536,10,31.0,26
23536,12,38.0,24
23536,13,6.0,14
23536,14,23.25,38
23536,15,15.5,23
23536,19,9.2,33
23536,23,9.0,43
23536,24,4.5,11
23536,25,14.0,13
23536,27,43.9,48
23536,30,25.89,46
23536,31,12.5,50
23536,32,32.0,33
23536,33,2.5,6
23536,34,14.0,34
23536,36,19.0,22
23536,37,26.0,41
23536,38,263.5,16
23536,39,18.0,1
23536,42,14.0,47
23536,44,19.45,24
23536,45,9.5,7
23536,46,12.0,14
23536,47,9.5,1
23536,48,12.75,34
23536,51,53.0,36
23536,53,32.8,43
23536,55,24.0,11
23536,56,38.0,43
23536,57,19.5,46
23536,58,13.25,13
23536,59,55.0,32
23536,60,34.0,32
23536,61,28.5,29
23536,62,49.3,47
23536,63,43.9,24
23536,65,21.05,36
23536,66,17.0,44
23536,67,14.0,40
23536,70,15.0,40
23536,71,21.5,46
23536,73,15.0,27
23536,74,10.0,30
23560,2,19.0,14
23560,3,10.0,32
23560,6,25.0,2
23560,7,30.0,3
23560,12,38.0,15
23560,13,6.0,15
23560,15,15.5,27
23560,16,17.45,21
23560,18,62.5,1
23560,20,81.0,50
23560,23,9.0,41
23560,24,4.5,18
23560,32,32.0,5
23560,34,14.0,16
23560,36,19.0,30
23560,37,26.0,14
23560,38,263.5,7
23560,39,18.0,18
23560,43,46.0,32
23560,44,19.45,38
23560,46,12.0,12
23560,47,9.5,34
23560,48,12.75,6
23560,50,16.25,6
23560,51,53.0,14
23560,53,32.8,15
23560,57,19.5,21
23560,58,13.25,18
23560,61,28.5,3
23560,62,49.3,20
23560,65,21.05,30
23560,69,36.0,28
23560,71,21.5,27
23560,73,15.0,9
23566,14,23.25,49
23566,15,15.5,30
23566,33,2.5,13
23566,67,14.0,24
23686,1,18.0,30
23686,3,10.0,38
23686,4,22.0,46
23686,6,25.0,50
23686,11,21.0,43
23686,13,6.0,45
23686,16,17.45,43
23686,19,9.2,32
23686,24,4.5,49
23686,25,14.0,27
23686,27,43.9,15
23686,29,123.79,29
23686,30,25.89,50
23686,39,18.0,48
23686,40,18.4,29
23686,42,14.0,4
23686,43,46.0,22
23686,46,12.0,28
23686,53,32.8,33
23686,55,24.0,40
23686,56,38.0,41
23686,59,55.0,40
23686,60,34.0,22
23686,61,28.5,2
23686,65,21.05,27
23686,66,17.0,19
23686,68,12.5,2
23686,69,36.0,16
23686,70,15.0,5
23686,71,21.5,38
23686,72,34.8,5
23686,73,15.0,5
23686,76,18.0,46
23688,23,9.0,28
23688,26,31.23,1
23688,29,123.79,20
23688,35,18.0,29
23688,37,26.0,13
23688,47,9.5,14
23688,53,32.8,37
23688,66,17.0,23
23688,68,12.5,36
23702,1,18.0,33
23702,2,19.0,7
23702,3,10.0,30
23702,4,22.0,11
23702,5,21.35,11
23702,6,25.0,19
23702,7,30.0,3
23702,8,40.0,12
23702,9,97.0,18
23702,11,21.0,41
23702,12,38.0,1
23702,13,6.0,38
23702,14,23.25,33
23702,15,15.5,47
23702,16,17.45,31
23702,17,39.0,27
23702,18,62.5,20
23702,19,9.2,47
23702,20,81.0,17
23702,21,10.0,10
23702,22,21.0,12
23702,23,9.0,45
23702,24,4.5,47
23702,25,14.0,49
23702,27,43.9,22
23702,28,45.6,29
23702,29,123.79,48
23702,30,25.89,31
23702,31,12.5,44
23702,32,32.0,41
23702,33,2.5,25
23702,34,14.0,33
23702,35,18.0,34
23702,36,19.0,28
23702,37,26.0,42
23702,38,263.5,48
23702,39,18.0,23
23702,40,18.4,2
23702,41,9.65,13
23702,42,14.0,50
23702,43,46.0,31
23702,44,19.45,50
23702,45,9.5,3
23702,46,12.0,8
23702,47,9.5,25
23702,48,12.75,43
23702,49,20.0,8
23702,50,16.25,12
23702,51,53.0,7
23702,52,7.0,21
23702,53,32.8,31
23702,54,7.45,45
23702,55,24.0,22
23702,56,38.0,32
23702,57,19.5,6
23702,58,13.25,32
23702,59,55.0,31
23702,60,34.0,31
23702,61,28.5,30
23702,62,49.3,31
23702,63,43.9,31
23702,64,33.25,3
23702,65,21.05,18
23702,66,17.0,14
23702,67,14.0,27
23702,68,12.5,28
23702,69,36.0,35
23702,70,15.0,30
23702,71,21.5,46
23702,72,34.8,6
23702,73,15.0,25
23702,74,10.0,7
23702,75,7.75,42
23702,77,13.0,42
23715,3,10.0,5
23715,4,22.0,32
23715,8,40.0,20
23715,9,97.0,44
23715,10,31.0,33
23715,11,21.0,49
23715,14,23.25,5
23715,15,15.5,15
23715,20,81.0,39
23715,21,10.0,14
23715,22,21.0,31
23715,23,9.0,34
23715,24,4.5,31
23715,27,43.9,14
23715,28,45.6,8
23715,29,123.79,12
23715,32,32.0,42
23715,33,2.5,19
23715,37,26.0,7
23715,38,263.5,34
23715,39,18.0,23
23715,41,9.65,3
23715,42,14.0,34
23715,43,46.0,19
23715,44,19.45,47
23715,45,9.5,29
23715,46,12.0,35
23715,47,9.5,42
23715,48,12.75,45
23715,49,20.0,14
23715,50,16.25,14
23715,52,7.0,7
23715,53,32.8,18
23715,54,7.45,20
23715,56,38.0,7
23715,57,19.5,23
23715,58,13.25,34
23715,59,55.0,42
23715,62,49.3,12
23715,64,33.25,25
23715,66,17.0,7
23715,68,12.5,41
23715,69,36.0,40
23715,70,15.0,31
23715,71,21.5,50
23715,72,34.8,27
23715,73,15.0,27
23715,74,10.0,18
23715,75,7.75,20
23715,76,18.0,40
23723,1,18.0,46
23723,2,19.0,38
23723,3,10.0,35
23723,5,21.35,2
23723,6,25.0,35
23723,9,97.0,29
23723,10,31.0,41
23723,12,38.0,48
23723,15,15.5,22
23723,17,39.0,15
23723,18,62.5,38
23723,20,81.0,27
23723,21,10.0,11
23723,24,4.5,29
23723,25,14.0,23
23723,27,43.9,1
23723,28,45.6,46
23723,29,123.79,21
23723,30,25.89,40
23723,31,12.5,1
23723,32,32.0,5
23723,35,18.0,15
23723,38,263.5,39
23723,39,18.0,12
23723,40,18.4,48
23723,41,9.65,30
23723,43,46.0,8
23723,46,12.0,31
23723,47,9.5,31
23723,48,12.75,45
23723,49,20.0,21
23723,51,53.0,36
23723,53,32.8,9
23723,54,7.45,22
23723,55,24.0,25
23723,56,38.0,39
23723,57,19.5,17
23723,58,13.25,37
23723,59,55.0,23
23723,62,49.3,11
23723,64,33.25,33
23723,65,21.05,32
23723,67,14.0,19
23723,70,15.0,8
23723,71,21.5,30
23723,72,34.8,46
23723,76,18.0,1
23723,77,13.0,23
23769,9,97.0,40
23769,58,13.25,38
23769,69,36.0,34
23769,77,13.0,48
23774,1,18.0,2
23774,2,19.0,45
23774,4,22.0,29
23774,5,21.35,31
23774,6,25.0,18
23774,7,30.0,13
23774,8,40.0,7
23774,9,97.0,28
23774,10,31.0,5
23774,11,21.0,47
23774,12,38.0,11
23774,13,6.0,15
23774,14,23.25,12
23774,15,15.5,28
23774,16,17.45,29
23774,17,39.0,35
23774,18,62.5,14
23774,19,9.2,19
23774,20,81.0,48
23774,21,10.0,50
23774,22,21.0,15
23774,23,9.0,42
23774,24,4.5,45
23774,25,14.0,36
23774,26,31.23,18
23774,28,45.6,4
23774,29,123.79,26
23774,30,25.89,8
23774,31,12.5,23
23774,32,32.0,40
23774,33,2.5,21
23774,34,14.0,22
23774,35,18.0,45
23774,36,19.0,1
23774,37,26.0,8
23774,39,18.0,43
23774,42,14.0,20
23774,43,46.0,38
23774,44,19.45,49
23774,47,9.5,3
23774,48,12.75,37
23774,49,20.0,19
23774,50,16.25,6
23774,51,53.0,48
23774,52,7.0,4
23774,53,32.8,47
23774,54,7.45,14
23774,55,24.0,33
23774,56,38.0,7
23774,57,19.5,24
23774,58,13.25,3
23774,59,55.0,41
23774,60,34.0,21
23774,61,28.5,48
23774,63,43.9,39
23774,66,17.0,46
23774,67,14.0,6
23774,68,12.5,39
23774,69,36.0,37
23774,70,15.0,37
23774,71,21.5,30
23774,73,15.0,13
23774,74,10.0,11
23774,75,7.75,6
23774,76,18.0,36
23774,77,13.0,38
23866,1,18.0,6
23866,2,19.0,14
23866,3,10.0,33
23866,4,22.0,10
23866,9,97.0,9
23866,10,31.0,37
23866,11,21.0,26
23866,13,6.0,29
23866,15,15.5,10
23866,16,17.45,45
23866,19,9.2,34
23866,22,21.0,33
23866,24,4.5,48
23866,25,14.0,49
23866,27,43.9,7
23866,28,45.6,34
23866,29,123.79,9
23866,31,12.5,30
23866,33,2.5,24
23866,34,14.0,3
23866,36,19.0,18
23866,37,26.0,5
23866,38,263.5,40
23866,39,18.0,13
23866,40,18.4,38
23866,41,9.65,32
23866,42,14.0,2
23866,44,19.45,4
23866,46,12.0,5
23866,48,12.75,26
23866,49,20.0,35
23866,52,7.0,37
23866,54,7.45,31
23866,55,24.0,23
23866,56,38.0,3
23866,58,13.25,18
23866,59,55.0,18
23866,62,49.3,23
23866,65,21.05,31
23866,66,17.0,33
23866,68,12.5,8
23866,69,36.0,48
23866,70,15.0,11
23866,71,21.5,46
23866,72,34.8,6
23866,74,10.0,45
23866,76,18.0,37
23866,77,13.0,33
23870,1,18.0,3
23870,2,19.0,41
23870,3,10.0,44
23870,4,22.0,6
23870,6,25.0,3
23870,7,30.0,44
23870,8,40.0,2
23870,9,97.0,20
23870,10,31.0,47
23870,11,21.0,14
23870,12,38.0,40
23870,13,6.0,49
23870,14,23.25,41
23870,15,15.5,4
23870,16,17.45,12
23870,17,39.0,38
23870,18,62.5,19
23870,19,9.2,2
23870,20,81.0,42
23870,21,10.0,40
23870,22,21.0,26
23870,23,9.0,9
23870,24,4.5,43
23870,25,14.0,40
23870,26,31.23,40
23870,27,43.9,22
23870,28,45.6,16
23870,29,123.79,3
23870,30,25.89,45
23870,31,12.5,19
23870,32,32.0,8
23870,33,2.5,50
23870,34,14.0,26
23870,35,18.0,33
23870,36,19.0,36
23870,37,26.0,14
23870,38,263.5,17
23870,39,18.0,30
23870,40,18.4,32
23870,41,9.65,42
23870,42,14.0,49
23870,43,46.0,42
23870,44,19.45,18
23870,45,9.5,23
23870,47,9.5,38
23870,48,12.75,11
23870,49,20.0,36
23870,50,16.25,20
23870,51,53.0,39
23870,52,7.0,39
23870,53,32.8,50
23870,54,7.45,30
23870,55,24.0,32
23870,56,38.0,31
23870,57,19.5,5
23870,58,13.25,11
23870,62,49.3,36
23870,63,43.9,32
23870,64,33.25,38
23870,65,21.05,24
23870,66,17.0,38
23870,67,14.0,35
23870,68,12.5,41
23870,69,36.0,44
23870,70,15.0,41
23870,71,21.5,16
23870,72,34.8,26
23870,73,15.0,33
23870,74,10.0,3
23870,75,7.75,35
23870,76,18.0,49
23870,77,13.0,35
23900,1,18.0,49
23900,5,21.35,5
23900,7,30.0,49
23900,9,97.0,41
23900,13,6.0,7
23900,16,17.45,45
23900,19,9.2,30
23900,20,81.0,13
23900,22,21.0,17
23900,31,12.5,40
23900,33,2.5,45
23900,34,14.0,10
23900,35,18.0,22
23900,49,20.0,11
23900,51,53.0,20
23900,52,7.0,30
23900,54,7.45,38
23900,55,24.0,18
23900,58,13.25,33
23900,59,55.0,45
23900,61,28.5,33
23900,65,21.05,44
23900,68,12.5,28
23900,71,21.5,1
23900,72,34.8,11
23900,73,15.0,20
23900,74,10.0,31
23941,6,25.0,31
23941,21,10.0,16
23941,28,45.6,14
23941,41,9.65,37
23941,44,19.45,24
23941,46,12.0,4
23941,73,15.0,45
23941,77,13.0,8
23958,1,18.0,47
23958,6,25.0,43
23958,42,14.0,29
23958,43,46.0,22
23958,46,12.0,33
23958,48,12.75,36
23958,56,38.0,33
23958,61,28.5,25
24009,5,21.35,31
24009,6,25.0,16
24009,7,30.0,1
24009,8,40.0,49
24009,11,21.0,25
24009,13,6.0,45
24009,15,15.5,2
24009,17,39.0,47
24009,19,9.2,50
24009,23,9.0,28
24009,26,31.23,40
24009,28,45.6,21
24009,29,123.79,45
24009,30,25.89,24
24009,32,32.0,6
24009,36,19.0,39
24009,38,263.5,17
24009,39,18.0,11
24009,40,18.4,20
24009,41,9.65,46
24009,43,46.0,8
24009,45,9.5,37
24009,46,12.0,49
24009,48,12.75,14
24009,49,20.0,45
24009,50,16.25,43
24009,51,53.0,38
24009,53,32.8,1
24009,55,24.0,3
24009,56,38.0,30
24009,59,55.0,49
24009,61,28.5,6
24009,64,33.25,35
24009,65,21.05,1
24009,67,14.0,12
24009,70,15.0,18
24009,72,34.8,36
24009,73,15.0,9
24009,74,10.0,37
24028,1,18.0,28
24028,2,19.0,38
24028,3,10.0,16
24028,5,21.35,27
24028,7,30.0,18
24028,9,97.0,29
24028,10,31.0,45
24028,11,21.0,22
24028,14,23.25,33
24028,16,17.45,40
24028,20,81.0,11
24028,21,10.0,26
24028,22,21.0,23
24028,25,14.0,43
24028,29,123.79,18
24028,31,12.5,6
24028,32,32.0,32
24028,33,2.5,43
24028,34,14.0,25
24028,35,18.0,28
24028,36,19.0,50
24028,37,26.0,12
24028,38,263.5,20
24028,42,14.0,31
24028,44,19.45,49
24028,45,9.5,23
24028,47,9.5,14
24028,48,12.75,21
24028,49,20.0,34
24028,50,16.25,11
24028,52,7.0,34
24028,53,32.8,43
24028,54,7.45,46
24028,55,24.0,32
24028,57,19.5,27
24028,59,55.0,1
24028,60,34.0,45
24028,65,21.05,10
24028,68,12.5,6
24028,72,34.8,25
24028,73,15.0,12
24028,75,7.75,45
24028,77,13.0,8
24073,1,18.0,30
24073,2,19.0,17
24073,3,10.0,7
24073,4,22.0,8
24073,5,21.35,37
24073,7,30.0,46
24073,8,40.0,39
24073,9,97.0,21
24073,10,31.0,26
24073,11,21.0,39
24073,12,38.0,10
24073,13,6.0,50
24073,15,15.5,23
24073,16,17.45,22
24073,17,39.0,42
24073,18,62.5,3
24073,19,9.2,35
24073,20,81.0,24
24073,21,10.0,10
24073,22,21.0,45
24073,23,9.0,50
24073,24,4.5,46
24073,25,14.0,36
24073,26,31.23,10
24073,27,43.9,17
24073,28,45.6,34
24073,29,123.79,14
24073,30,25.89,29
24073,31,12.5,45
24073,32,32.0,14
24073,33,2.5,38
24073,34,14.0,19
24073,35,18.0,35
24073,36,19.0,1
24073,37,26.0,2
24073,38,263.5,28
24073,39,18.0,11
24073,40,18.4,30
24073,42,14.0,20
24073,43,46.0,23
24073,44,19.45,30
24073,45,9.5,40
24073,46,12.0,46
24073,47,9.5,19
24073,48,12.75,30
24073,49,20.0,48
24073,50,16.25,42
24073,51,53.0,47
24073,52,7.0,20
24073,53,32.8,42
24073,54,7.45,39
24073,55,24.0,49
24073,56,38.0,37
24073,57,19.5,16
24073,58,13.25,6
24073,60,34.0,49
24073,61,28.5,45
24073,62,49.3,3
24073,63,43.9,16
24073,64,33.25,29
24073,65,21.05,29
24073,66,17.0,34
24073,67,14.0,14
24073,68,12.5,43
24073,69,36.0,26
24073,70,15.0,36
24073,71,21.5,49
24073,72,34.8,39
24073,73,15.0,1
24073,74,10.0,40
24073,75,7.75,18
24073,77,13.0,45
24088,1,18.0,35
24088,2,19.0,11
24088,3,10.0,23
24088,5,21.35,29
24088,6,25.0,18
24088,7,30.0,18
24088,11,21.0,50
24088,12,38.0,8
24088,13,6.0,15
24088,14,23.25,44
24088,15,15.5,49
24088,17,39.0,1
24088,22,21.0,22
24088,23,9.0,26
24088,24,4.5,40
24088,25,14.0,46
24088,29,123.79,40
24088,30,25.89,16
24088,31,12.5,26
24088,32,32.0,50
24088,33,2.5,47
24088,37,26.0,20
24088,39,18.0,1
24088,41,9.65,40
24088,42,14.0,14
24088,43,46.0,27
24088,44,19.45,1
24088,47,9.5,10
24088,49,20.0,4
24088,51,53.0,36
24088,53,32.8,40
24088,54,7.45,17
24088,55,24.0,25
24088,56,38.0,20
24088,57,19.5,22
24088,58,13.25,33
24088,59,55.0,46
24088,60,34.0,50
24088,63,43.9,20
24088,64,33.25,27
24088,66,17.0,6
24088,67,14.0,15
24088,68,12.5,25
24088,69,36.0,1
24088,70,15.0,5
24088,71,21.5,27
24088,72,34.8,25
24088,73,15.0,20
24088,74,10.0,3
24088,76,18.0,22
24088,77,13.0,35
24099,15,15.5,9
24099,16,17.45,46
24099,17,39.0,45
24099,24,4.5,24
24099,29,123.79,4
24099,38,263.5,3
24099,46,12.0,22
24099,54,7.45,43
24099,56,38.0,16
24099,62,49.3,1
24099,63,43.9,16
24099,65,21.05,20
24099,66,17.0,38
24099,70,15.0,33
24099,71,21.5,45
24099,73,15.0,41
24099,75,7.75,21
24111,1,18.0,5
24111,2,19.0,12
24111,3,10.0,43
24111,4,22.0,13
24111,5,21.35,20
24111,6,25.0,23
24111,7,30.0,34
24111,8,40.0,9
24111,9,97.0,29
24111,10,31.0,28
24111,11,21.0,35
24111,12,38.0,29
24111,13,6.0,23
24111,14,23.25,34
24111,15,15.5,36
24111,16,17.45,34
24111,17,39.0,42
24111,18,62.5,6
24111,20,81.0,31
24111,21,10.0,30
24111,22,21.0,1
24111,23,9.0,3
24111,24,4.5,19
24111,25,14.0,47
24111,26,31.23,48
24111,27,43.9,20
24111,28,45.6,48
24111,29,123.79,30
24111,30,25.89,23
24111,31,12.5,50
24111,32,32.0,43
24111,33,2.5,30
24111,34,14.0,45
24111,35,18.0,40
24111,36,19.0,27
24111,37,26.0,30
24111,38,263.5,8
24111,39,18.0,1
24111,40,18.4,12
24111,41,9.65,6
24111,42,14.0,31
24111,43,46.0,27
24111,45,9.5,47
24111,46,12.0,19
24111,47,9.5,50
24111,48,12.75,32
24111,49,20.0,36
24111,50,16.25,21
24111,51,53.0,3
24111,52,7.0,4
24111,54,7.45,29
24111,55,24.0,28
24111,56,38.0,18
24111,57,19.5,48
24111,58,13.25,13
24111,59,55.0,20
24111,61,28.5,45
24111,62,49.3,40
24111,63,43.9,35
24111,64,33.25,5
24111,65,21.05,32
24111,66,17.0,24
24111,68,12.5,4
24111,69,36.0,7
24111,70,15.0,49
24111,71,21.5,26
24111,72,34.8,6
24111,73,15.0,5
24111,75,7.75,21
24111,76,18.0,49
24111,77,13.0,28
24112,2,19.0,9
24112,3,10.0,27
24112,4,22.0,1
24112,8,40.0,20
24112,12,38.0,44
24112,17,39.0,8
24112,21,10.0,23
24112,26,31.23,35
24112,27,43.9,18
24112,28,45.6,13
24112,29,123.79,45
24112,31,12.5,45
24112,35,18.0,31
24112,36,19.0,19
24112,37,26.0,47
24112,40,18.4,22
24112,41,9.65,13
24112,43,46.0,19
24112,50,16.25,9
24112,54,7.45,29
24112,59,55.0,5
24112,65,21.05,47
24112,67,14.0,49
24112,69,36.0,14
24112,76,18.0,13
24150,1,18.0,20
24150,2,19.0,49
24150,3,10.0,4
24150,4,22.0,26
24150,5,21.35,25
24150,6,25.0,39
24150,7,30.0,40
24150,8,40.0,36
24150,9,97.0,33
24150,10,31.0,49
24150,11,21.0,24
24150,12,38.0,28
24150,13,6.0,41
24150,14,23.25,45
24150,15,15.5,1
24150,16,17.45,41
24150,17,39.0,31
24150,18,62.5,29
24150,19,9.2,37
24150,20,81.0,19
24150,21,10.0,2
24150,22,21.0,31
24150,23,9.0,7
24150,24,4.5,10
24150,25,14.0,50
24150,26,31.23,7
24150,27,43.9,21
24150,28,45.6,12
24150,29,123.79,29
24150,30,25.89,14
24150,31,12.5,46
24150,32,32.0,33
24150,33,2.5,11
24150,34,14.0,34
24150,35,18.0,12
24150,36,19.0,4
24150,37,26.0,17
24150,38,263.5,26
24150,39,18.0,40
24150,40,18.4,48
24150,41,9.65,7
24150,42,14.0,50
24150,43,46.0,23
24150,44,19.45,23
24150,45,9.5,50
24150,46,12.0,7
24150,47,9.5,31
24150,48,12.75,12
24150,49,20.0,34
24150,50,16.25,25
24150,51,53.0,24
24150,52,7.0,48
24150,53,32.8,41
24150,54,7.45,27
24150,55,24.0,9
24150,56,38.0,2
24150,57,19.5,33
24150,58,13.25,21
24150,59,55.0,31
24150,60,34.0,16
24150,61,28.5,30
24150,62,49.3,48
24150,63,43.9,49
24150,64,33.25,22
24150,65,21.05,25
24150,66,17.0,22
24150,67,14.0,11
24150,68,12.5,46
24150,69,36.0,16
24150,70,15.0,9
24150,71,21.5,17
24150,72,34.8,24
24150,73,15.0,44
24150,74,10.0,11
24150,75,7.75,10
24150,76,18.0,7
24150,77,13.0,13
24168,2,19.0,44
24168,10,31.0,40
24168,12,38.0,4
24168,13,6.0,5
24168,15,15.5,14
24168,16,17.45,27
24168,17,39.0,25
24168,18,62.5,33
24168,20,81.0,40
24168,21,10.0,7
24168,23,9.0,15
24168,24,4.5,44
24168,26,31.23,19
24168,27,43.9,15
24168,31,12.5,42
24168,35,18.0,10
24168,37,26.0,6
24168,38,263.5,40
24168,41,9.65,34
24168,42,14.0,15
24168,45,9.5,20
24168,47,9.5,34
24168,48,12.75,22
24168,49,20.0,9
24168,53,32.8,15
24168,54,7.45,36
24168,56,38.0,28
24168,60,34.0,49
24168,66,17.0,8
24168,67,14.0,26
24168,69,36.0,39
24168,70,15.0,29
24168,74,10.0,42
24168,75,7.75,15
24168,76,18.0,27
24168,77,13.0,23
24178,1,18.0,39
24178,2,19.0,49
24178,3,10.0,9
24178,4,22.0,47
24178,6,25.0,17
24178,7,30.0,15
24178,8,40.0,40
24178,9,97.0,25
24178,10,31.0,34
24178,12,38.0,31
24178,13,6.0,13
24178,15,15.5,7
24178,16,17.45,15
24178,17,39.0,36
24178,18,62.5,14
24178,21,10.0,32
24178,22,21.0,15
24178,23,9.0,50
24178,25,14.0,19
24178,26,31.23,44
24178,32,32.0,2
24178,33,2.5,7
24178,34,14.0,28
24178,35,18.0,6
24178,37,26.0,1
24178,38,263.5,43
24178,39,18.0,38
24178,42,14.0,18
24178,43,46.0,41
24178,44,19.45,26
24178,47,9.5,22
24178,48,12.75,42
24178,54,7.45,23
24178,55,24.0,22
24178,56,38.0,8
24178,58,13.25,24
24178,59,55.0,18
24178,62,49.3,41
24178,63,43.9,15
24178,64,33.25,26
24178,65,21.05,37
24178,67,14.0,26
24178,68,12.5,30
24178,69,36.0,47
24178,73,15.0,28
24178,74,10.0,13
24178,76,18.0,10
24178,77,13.0,24
24212,1,18.0,19
24212,7,30.0,41
24212,10,31.0,23
24212,11,21.0,38
24212,43,46.0,4
24212,49,20.0,1
24212,57,19.5,3
24212,62,49.3,15
24234,2,19.0,24
24234,3,10.0,21
24234,4,22.0,46
24234,5,21.35,49
24234,6,25.0,10
24234,7,30.0,35
24234,8,40.0,12
24234,9,97.0,12
24234,10,31.0,40
24234,11,21.0,9
24234,12,38.0,8
24234,13,6.0,7
24234,14,23.25,18
24234,15,15.5,46
24234,16,17.45,8
24234,17,39.0,4
24234,18,62.5,3
24234,19,9.2,6
24234,20,81.0,14
24234,21,10.0,23
24234,22,21.0,42
24234,23,9.0,32
24234,24,4.5,18
24234,25,14.0,29
24234,26,31.23,50
24234,27,43.9,34
24234,29,123.79,46
24234,31,12.5,28
24234,32,32.0,31
24234,33,2.5,27
24234,34,14.0,12
24234,35,18.0,34
24234,36,19.0,12
24234,37,26.0,11
24234,39,18.0,34
24234,41,9.65,16
24234,43,46.0,1
24234,44,19.45,36
24234,46,12.0,24
24234,47,9.5,45
24234,48,12.75,50
24234,50,16.25,27
24234,51,53.0,6
24234,52,7.0,18
24234,53,32.8,41
24234,54,7.45,37
24234,55,24.0,15
24234,56,38.0,24
24234,57,19.5,35
24234,58,13.25,7
24234,59,55.0,46
24234,61,28.5,24
24234,62,49.3,35
24234,63,43.9,47
24234,64,33.25,33
24234,68,12.5,49
24234,70,15.0,27
24234,71,21.5,15
24234,72,34.8,46
24234,73,15.0,13
24234,74,10.0,27
24234,75,7.75,46
24234,76,18.0,2
24234,77,13.0,31
24235,4,22.0,4
24235,6,25.0,9
24235,11,21.0,29
24235,12,38.0,25
24235,19,9.2,11
24235,23,9.0,2
24235,25,14.0,14
24235,27,43.9,47
24235,31,12.5,36
24235,32,32.0,19
24235,33,2.5,6
24235,34,14.0,20
24235,37,26.0,35
24235,41,9.65,50
24235,45,9.5,36
24235,53,32.8,20
24235,59,55.0,7
24235,75,7.75,35
24235,76,18.0,35
24299,1,18.0,36
24299,2,19.0,12
24299,3,10.0,11
24299,4,22.0,45
24299,5,21.35,22
24299,6,25.0,35
24299,7,30.0,20
24299,8,40.0,18
24299,9,97.0,3
24299,11,21.0,28
24299,13,6.0,4
24299,15,15.5,39
24299,16,17.45,47
24299,17,39.0,4
24299,18,62.5,39
24299,20,81.0,2
24299,21,10.0,1
24299,24,4.5,8
24299,25,14.0,13
24299,28,45.6,18
24299,30,25.89,3
24299,31,12.5,13
24299,32,32.0,1
24299,33,2.5,21
24299,34,14.0,6
24299,35,18.0,36
24299,36,19.0,24
24299,37,26.0,40
24299,40,18.4,34
24299,41,9.65,36
24299,45,9.5,48
24299,46,12.0,5
24299,47,9.5,20
24299,48,12.75,41
24299,49,20.0,14
24299,50,16.25,46
24299,51,53.0,10
24299,53,32.8,36
24299,56,38.0,37
24299,59,55.0,10
24299,60,34.0,13
24299,62,49.3,43
24299,63,43.9,33
24299,64,33.25,31
24299,67,14.0,25
24299,70,15.0,31
24299,71,21.5,7
24299,72,34.8,46
24299,74,10.0,11
24299,76,18.0,31
24299,77,13.0,36
24318,1,18.0,20
24318,6,25.0,21
24318,9,97.0,38
24318,11,21.0,18
24318,21,10.0,20
24318,24,4.5,47
24318,26,31.23,5
24318,27,43.9,35
24318,29,123.79,12
24318,30,25.89,47
24318,32,32.0,18
24318,33,2.5,50
24318,35,18.0,42
24318,36,19.0,4
24318,40,18.4,37
24318,42,14.0,33
24318,44,19.45,11
24318,46,12.0,25
24318,52,7.0,47
24318,54,7.45,24
24318,57,19.5,18
24318,59,55.0,47
24318,60,34.0,13
24318,69,36.0,1
24318,71,21.5,48
24318,73,15.0,2
24367,1,18.0,22
24367,2,19.0,25
24367,3,10.0,3
24367,4,22.0,44
24367,5,21.35,29
24367,6,25.0,32
24367,7,30.0,39
24367,8,40.0,44
24367,9,97.0,25
24367,10,31.0,42
24367,12,38.0,47
24367,13,6.0,41
24367,14,23.25,37
24367,16,17.45,14
24367,17,39.0,30
24367,18,62.5,7
24367,19,9.2,47
24367,20,81.0,21
24367,21,10.0,43
24367,22,21.0,42
24367,23,9.0,18
24367,24,4.5,29
24367,25,14.0,23
24367,26,31.23,34
24367,28,45.6,20
24367,29,123.79,50
24367,30,25.89,31
24367,31,12.5,47
24367,32,32.0,42
24367,33,2.5,22
24367,34,14.0,4
24367,35,18.0,11
24367,36,19.0,41
24367,37,26.0,35
24367,39,18.0,39
24367,40,18.4,33
24367,41,9.65,8
24367,42,14.0,20
24367,43,46.0,11
24367,45,9.5,38
24367,46,12.0,18
24367,47,9.5,14
24367,48,12.75,28
24367,49,20.0,12
24367,50,16.25,42
24367,51,53.0,8
24367,52,7.0,29
24367,53,32.8,1
24367,54,7.45,10
24367,57,19.5,15
24367,58,13.25,37
24367,59,55.0,42
24367,60,34.0,17
24367,61,28.5,36
24367,62,49.3,29
24367,63,43.9,10
24367,65,21.05,40
24367,68,12.5,37
24367,69,36.0,16
24367,71,21.5,33
24367,72,34.8,13
24367,73,15.0,19
24367,74,10.0,45
24367,75,7.75,48
24367,76,18.0,1
24367,77,13.0,10
24451,2,19.0,29
24451,3,10.0,39
24451,4,22.0,18
24451,5,21.35,48
24451,6,25.0,2
24451,7,30.0,48
24451,8,40.0,48
24451,9,97.0,27
24451,11,21.0,27
24451,12,38.0,27
24451,13,6.0,36
24451,14,23.25,27
24451,15,15.5,29
24451,16,17.45,41
24451,17,39.0,31
24451,18,62.5,4
24451,19,9.2,31
24451,20,81.0,7
24451,23,9.0,32
24451,24,4.5,47
24451,25,14.0,19
24451,26,31.23,29
24451,27,43.9,5
24451,28,45.6,15
24451,29,123.79,17
24451,31,12.5,45
24451,35,18.0,31
24451,36,19.0,4
24451,37,26.0,9
24451,38,263.5,35
24451,39,18.0,38
24451,44,19.45,13
24451,48,12.75,21
24451,49,20.0,37
24451,50,16.25,8
24451,51,53.0,22
24451,53,32.8,7
24451,54,7.45,13
24451,55,24.0,28
24451,57,19.5,16
24451,59,55.0,26
24451,60,34.0,16
24451,61,28.5,31
24451,63,43.9,10
24451,64,33.25,25
24451,66,17.0,14
24451,68,12.5,14
24451,69,36.0,27
24451,71,21.5,6
24451,72,34.8,10
24451,73,15.0,14
24451,75,7.75,19
24451,76,18.0,2
24451,77,13.0,30
24456,1,18.0,21
24456,2,19.0,36
24456,3,10.0,8
24456,4,22.0,41
24456,5,21.35,18
24456,6,25.0,10
24456,7,30.0,38
24456,8,40.0,33
24456,15,15.5,46
24456,16,17.45,19
24456,17,39.0,23
24456,18,62.5,32
24456,19,9.2,14
24456,20,81.0,21
24456,21,10.0,44
24456,22,21.0,3
24456,23,9.0,27
24456,24,4.5,4
24456,26,31.23,49
24456,27,43.9,30
24456,29,123.79,44
24456,30,25.89,31
24456,31,12.5,27
24456,33,2.5,9
24456,35,18.0,15
24456,36,19.0,15
24456,40,18.4,30
24456,41,9.65,19
24456,42,14.0,39
24456,43,46.0,6
24456,46,12.0,32
24456,47,9.5,15
24456,48,12.75,21
24456,49,20.0,15
24456,50,16.25,24
24456,51,53.0,48
24456,54,7.45,18
24456,57,19.5,18
24456,58,13.25,27
24456,59,55.0,15
24456,60,34.0,34
24456,61,28.5,50
24456,62,49.3,1
24456,64,33.25,1
24456,65,21.05,41
24456,66,17.0,45
24456,67,14.0,24
24456,68,12.5,45
24456,72,34.8,16
24456,73,15.0,49
24456,74,10.0,45
24456,75,7.75,50
24456,76,18.0,17
24509,15,15.5,1
24509,25,14.0,42
24509,31,12.5,23
24509,37,26.0,15
24509,42,14.0,47
24509,53,32.8,1
24509,74,10.0,47
24509,76,18.0,45
24616,76,18.0,34
24635,2,19.0,2
24635,3,10.0,48
24635,5,21.35,8
24635,6,25.0,43
24635,7,30.0,17
24635,8,40.0,26
24635,9,97.0,23
24635,10,31.0,14
24635,11,21.0,44
24635,12,38.0,6
24635,15,15.5,14
24635,17,39.0,37
24635,18,62.5,35
24635,19,9.2,26
24635,22,21.0,5
24635,23,9.0,12
24635,26,31.23,27
24635,30,25.89,20
24635,33,2.5,43
24635,34,14.0,29
24635,36,19.0,48
24635,38,263.5,11
24635,39,18.0,17
24635,41,9.65,2
24635,43,46.0,50
24635,44,19.45,44
24635,48,12.75,16
24635,50,16.25,40
24635,51,53.0,31
24635,53,32.8,31
24635,57,19.5,9
24635,58,13.25,8
24635,59,55.0,30
24635,62,49.3,41
24635,64,33.25,29
24635,66,17.0,14
24635,67,14.0,26
24635,69,36.0,26
24635,70,15.0,45
24635,73,15.0,23
24635,74,10.0,11
24635,75,7.75,5
24635,77,13.0,47
24763,4,22.0,21
24763,6,25.0,29
24763,9,97.0,40
24763,10,31.0,11
24763,13,6.0,32
24763,17,39.0,40
24763,18,62.5,2
24763,19,9.2,17
24763,20,81.0,7
24763,21,10.0,46
24763,22,21.0,46
24763,28,45.6,2
24763,38,263.5,16
24763,40,18.4,30
24763,44,19.45,2
24763,47,9.5,16
24763,48,12.75,32
24763,54,7.45,1
24763,57,19.5,6
24763,65,21.05,11
24763,67,14.0,32
24763,68,12.5,46
24763,72,34.8,37
24763,73,15.0,6
24765,1,18.0,34
24765,2,19.0,14
24765,4,22.0,46
24765,10,31.0,28
24765,11,21.0,30
24765,15,15.5,15
24765,16,17.45,15
24765,17,39.0,24
24765,18,62.5,25
24765,19,9.2,24
24765,22,21.0,47
24765,25,14.0,20
24765,26,31.23,14
24765,27,43.9,9
24765,28,45.6,18
24765,29,123.79,50
24765,32,32.0,45
24765,34,14.0,5
24765,36,19.0,42
24765,37,26.0,20
24765,39,18.0,27
24765,40,18.4,26
24765,41,9.65,28
24765,44,19.45,16
24765,45,9.5,20
24765,50,16.25,19
24765,54,7.45,39
24765,55,24.0,16
24765,56,38.0,17
24765,63,43.9,19
24765,64,33.25,43
24765,68,12.5,11
24765,70,15.0,19
24765,75,7.75,40
24765,76,18.0,6
24804,1,18.0,13
24804,3,10.0,25
24804,5,21.35,50
24804,6,25.0,45
24804,8,40.0,13
24804,10,31.0,33
24804,11,21.0,28
24804,14,23.25,18
24804,15,15.5,15
24804,16,17.45,37
24804,18,62.5,2
24804,19,9.2,19
24804,21,10.0,39
24804,25,14.0,39
24804,26,31.23,3
24804,27,43.9,19
24804,31,12.5,24
24804,32,32.0,30
24804,35,18.0,18
24804,37,26.0,24
24804,38,263.5,7
24804,41,9.65,28
24804,42,14.0,44
24804,44,19.45,24
24804,46,12.0,32
24804,47,9.5,34
24804,50,16.25,35
24804,51,53.0,44
24804,54,7.45,7
24804,56,38.0,40
24804,57,19.5,18
24804,58,13.25,35
24804,59,55.0,9
24804,60,34.0,7
24804,61,28.5,39
24804,62,49.3,35
24804,64,33.25,30
24804,66,17.0,25
24804,68,12.5,15
24804,69,36.0,42
24804,70,15.0,3
24804,71,21.5,11
24804,72,34.8,40
24804,73,15.0,1
24804,75,7.75,10
24804,76,18.0,4
24804,77,13.0,8
24885,2,19.0,29
24885,4,22.0,1
24885,7,30.0,36
24885,8,40.0,40
24885,9,97.0,32
24885,11,21.0,11
24885,12,38.0,9
24885,14,23.25,41
24885,15,15.5,17
24885,16,17.45,19
24885,17,39.0,46
24885,18,62.5,46
24885,19,9.2,10
24885,27,43.9,19
24885,30,25.89,11
24885,32,32.0,44
24885,33,2.5,38
24885,35,18.0,23
24885,41,9.65,7
24885,47,9.5,13
24885,55,24.0,16
24885,56,38.0,9
24885,57,19.5,44
24885,63,43.9,40
24885,67,14.0,49
24885,75,7.75,35
24885,76,18.0,17
24969,1,18.0,5
24969,3,10.0,37
24969,4,22.0,42
24969,5,21.35,43
24969,7,30.0,24
24969,8,40.0,42
24969,9,97.0,14
24969,10,31.0,50
24969,11,21.0,42
24969,12,38.0,46
24969,13,6.0,21
24969,14,23.25,9
24969,15,15.5,5
24969,16,17.45,36
24969,18,62.5,4
24969,19,9.2,49
24969,20,81.0,33
24969,21,10.0,41
24969,22,21.0,8
24969,23,9.0,23
24969,25,14.0,19
24969,26,31.23,25
24969,28,45.6,4
24969,29,123.79,33
24969,30,25.89,25
24969,31,12.5,42
24969,32,32.0,31
24969,33,2.5,44
24969,34,14.0,1
24969,35,18.0,39
24969,36,19.0,44
24969,37,26.0,29
24969,40,18.4,3
24969,41,9.65,8
24969,42,14.0,30
24969,43,46.0,37
24969,45,9.5,30
24969,46,12.0,31
24969,47,9.5,5
24969,48,12.75,12
24969,49,20.0,23
24969,51,53.0,30
24969,52,7.0,50
24969,54,7.45,12
24969,55,24.0,43
24969,56,38.0,26
24969,57,19.5,15
24969,58,13.25,21
24969,60,34.0,49
24969,62,49.3,16
24969,63,43.9,18
24969,64,33.25,36
24969,65,21.05,32
24969,66,17.0,23
24969,67,14.0,26
24969,68,12.5,28
24969,69,36.0,25
24969,70,15.0,32
24969,71,21.5,30
24969,72,34.8,22
24969,74,10.0,12
24969,75,7.75,37
24969,76,18.0,40
24969,77,13.0,32
24975,4,22.0,38
24975,7,30.0,42
24975,9,97.0,50
24975,11,21.0,30
24975,15,15.5,38
24975,17,39.0,30
24975,18,62.5,2
24975,27,43.9,37
24975,28,45.6,20
24975,32,32.0,18
24975,36,19.0,41
24975,37,26.0,30
24975,39,18.0,45
24975,42,14.0,43
24975,51,53.0,26
24975,55,24.0,30
24975,56,38.0,15
24975,58,13.25,31
24975,63,43.9,3
24975,66,17.0,41
24975,67,14.0,36
24975,69,36.0,19
24975,70,15.0,50
24975,71,21.5,50
24975,73,15.0,9
24975,77,13.0,1
25124,1,18.0,5
25124,2,19.0,1
25124,3,10.0,12
25124,4,22.0,31
25124,6,25.0,29
25124,7,30.0,14
25124,8,40.0,27
25124,10,31.0,49
25124,12,38.0,29
25124,13,6.0,45
25124,14,23.25,36
25124,15,15.5,23
25124,16,17.45,9
25124,17,39.0,16
25124,18,62.5,7
25124,19,9.2,33
25124,20,81.0,37
25124,21,10.0,11
25124,23,9.0,11
25124,25,14.0,35
25124,28,45.6,50
25124,29,123.79,24
25124,30,25.89,40
25124,33,2.5,43
25124,34,14.0,15
25124,35,18.0,31
25124,36,19.0,31
25124,39,18.0,46
25124,41,9.65,5
25124,42,14.0,35
25124,43,46.0,19
25124,44,19.45,22
25124,46,12.0,11
25124,47,9.5,21
25124,49,20.0,41
25124,51,53.0,17
25124,52,7.0,40
25124,53,32.8,33
25124,54,7.45,45
25124,55,24.0,12
25124,56,38.0,19
25124,58,13.25,41
25124,60,34.0,30
25124,61,28.5,37
25124,64,33.25,19
25124,67,14.0,44
25124,69,36.0,27
25124,72,34.8,4
25124,73,15.0,45
25124,74,10.0,35
25124,75,7.75,13
25124,77,13.0,1
25130,1,18.0,49
25130,2,19.0,45
25130,3,10.0,34
25130,4,22.0,19
25130,6,25.0,30
25130,7,30.0,23
25130,8,40.0,44
25130,9,97.0,37
25130,10,31.0,9
25130,11,21.0,47
25130,12,38.0,48
25130,13,6.0,35
25130,14,23.25,15
25130,15,15.5,48
25130,16,17.45,44
25130,17,39.0,6
25130,18,62.5,36
25130,19,9.2,24
25130,20,81.0,5
25130,21,10.0,8
25130,22,21.0,8
25130,23,9.0,20
25130,24,4.5,6
25130,25,14.0,13
25130,27,43.9,12
25130,28,45.6,6
25130,29,123.79,42
25130,30,25.89,40
25130,31,12.5,15
25130,32,32.0,27
25130,33,2.5,39
25130,34,14.0,9
25130,35,18.0,4
25130,36,19.0,6
25130,37,26.0,21
25130,38,263.5,38
25130,39,18.0,18
25130,40,18.4,33
25130,41,9.65,46
25130,42,14.0,4
25130,43,46.0,42
25130,44,19.45,37
25130,45,9.5,11
25130,46,12.0,16
25130,47,9.5,49
25130,48,12.75,43
25130,49,20.0,45
25130,50,16.25,14
25130,51,53.0,28
25130,52,7.0,27
25130,53,32.8,39
25130,54,7.45,32
25130,55,24.0,19
25130,56,38.0,42
25130,57,19.5,30
25130,58,13.25,23
25130,59,55.0,29
25130,60,34.0,7
25130,61,28.5,33
25130,62,49.3,23
25130,63,43.9,10
25130,64,33.25,26
25130,65,21.05,19
25130,66,17.0,43
25130,67,14.0,3
25130,68,12.5,31
25130,69,36.0,29
25130,70,15.0,19
25130,71,21.5,50
25130,72,34.8,27
25130,73,15.0,23
25130,74,10.0,47
25130,76,18.0,38
25130,77,13.0,8
25144,3,10.0,27
25144,7,30.0,4
25144,8,40.0,47
25144,9,97.0,45
25144,10,31.0,23
25144,12,38.0,20
25144,16,17.45,43
25144,18,62.5,48
25144,22,21.0,30
25144,25,14.0,44
25144,28,45.6,9
25144,29,123.79,12
25144,30,25.89,20
25144,33,2.5,46
25144,35,18.0,29
25144,36,19.0,46
25144,37,26.0,40
25144,39,18.0,43
25144,41,9.65,2
25144,43,46.0,27
25144,44,19.45,23
25144,47,9.5,16
25144,51,53.0,36
25144,52,7.0,29
25144,53,32.8,46
25144,55,24.0,20
25144,57,19.5,37
25144,59,55.0,39
25144,60,34.0,20
25144,61,28.5,37
25144,62,49.3,35
25144,64,33.25,30
25144,66,17.0,2
25144,67,14.0,13
25144,68,12.5,14
25144,69,36.0,42
25144,71,21.5,37
25144,76,18.0,40
25182,1,18.0,2
25182,2,19.0,29
25182,3,10.0,27
25182,4,22.0,6
25182,6,25.0,45
25182,7,30.0,43
25182,8,40.0,30
25182,9,97.0,27
25182,10,31.0,23
25182,11,21.0,2
25182,12,38.0,3
25182,13,6.0,35
25182,14,23.25,16
25182,15,15.5,31
25182,16,17.45,43
25182,17,39.0,30
25182,18,62.5,12
25182,19,9.2,35
25182,20,81.0,14
25182,21,10.0,9
25182,22,21.0,19
25182,23,9.0,20
25182,24,4.5,42
25182,25,14.0,12
25182,26,31.23,4
25182,27,43.9,9
25182,28,45.6,22
25182,29,123.79,28
25182,30,25.89,42
25182,31,12.5,15
25182,32,32.0,29
25182,33,2.5,21
25182,34,14.0,3
25182,35,18.0,35
25182,36,19.0,49
25182,37,26.0,19
25182,38,263.5,33
25182,39,18.0,25
25182,41,9.65,21
25182,42,14.0,26
25182,43,46.0,41
25182,44,19.45,41
25182,45,9.5,7
25182,46,12.0,25
25182,47,9.5,33
25182,48,12.75,22
25182,49,20.0,23
25182,50,16.25,34
25182,51,53.0,2
25182,52,7.0,28
25182,53,32.8,11
25182,54,7.45,24
25182,55,24.0,42
25182,56,38.0,2
25182,57,19.5,9
25182,58,13.25,26
25182,59,55.0,36
25182,60,34.0,39
25182,61,28.5,4
25182,62,49.3,34
25182,63,43.9,4
25182,64,33.25,48
25182,65,21.05,41
25182,66,17.0,49
25182,67,14.0,43
25182,68,12.5,41
25182,69,36.0,15
25182,70,15.0,44
25182,72,34.8,13
25182,73,15.0,7
25182,74,10.0,12
25182,75,7.75,15
25182,76,18.0,49
25401,1,18.0,35
25401,2,19.0,22
25401,3,10.0,20
25401,4,22.0,9
25401,5,21.35,20
25401,6,25.0,50
25401,7,30.0,27
25401,8,40.0,5
25401,9,97.0,44
25401,10,31.0,10
25401,11,21.0,2
25401,12,38.0,10
25401,13,6.0,3
25401,14,23.25,43
25401,16,17.45,24
25401,17,39.0,39
25401,18,62.5,39
25401,19,9.2,43
25401,20,81.0,36
25401,21,10.0,13
25401,22,21.0,32
25401,23,9.0,36
25401,24,4.5,21
25401,25,14.0,20
25401,26,31.23,35
25401,27,43.9,5
25401,28,45.6,14
25401,29,123.79,33
25401,30,25.89,15
25401,31,12.5,32
25401,32,32.0,43
25401,33,2.5,2
25401,34,14.0,1
25401,35,18.0,13
25401,36,19.0,17
25401,37,26.0,26
25401,38,263.5,26
25401,39,18.0,19
25401,40,18.4,38
25401,41,9.65,42
25401,43,46.0,17
25401,44,19.45,32
25401,45,9.5,27
25401,46,12.0,37
25401,47,9.5,39
25401,48,12.75,25
25401,49,20.0,24
25401,50,16.25,12
25401,51,53.0,42
25401,52,7.0,37
25401,53,32.8,20
25401,54,7.45,12
25401,55,24.0,35
25401,56,38.0,42
25401,57,19.5,46
25401,58,13.25,32
25401,59,55.0,11
25401,60,34.0,21
25401,61,28.5,25
25401,62,49.3,43
25401,63,43.9,39
25401,64,33.25,5
25401,65,21.05,37
25401,66,17.0,44
25401,67,14.0,29
25401,68,12.5,42
25401,69,36.0,9
25401,70,15.0,28
25401,71,21.5,4
25401,72,34.8,4
25401,73,15.0,4
25401,74,10.0,38
25401,75,7.75,47
25401,76,18.0,26
25401,77,13.0,1
25416,2,19.0,30
25416,5,21.35,47
25416,8,40.0,1
25416,14,23.25,8
25416,15,15.5,5
25416,20,81.0,21
25416,22,21.0,4
25416,23,9.0,3
25416,27,43.9,9
25416,29,123.79,40
25416,30,25.89,43
25416,31,12.5,5
25416,33,2.5,39
25416,35,18.0,7
25416,36,19.0,50
25416,37,26.0,25
25416,38,263.5,15
25416,39,18.0,36
25416,40,18.4,47
25416,41,9.65,34
25416,42,14.0,7
25416,45,9.5,12
25416,48,12.75,45
25416,50,16.25,44
25416,51,53.0,1
25416,52,7.0,24
25416,54,7.45,41
25416,59,55.0,6
25416,60,34.0,45
25416,61,28.5,4
25416,63,43.9,42
25416,68,12.5,26
25416,69,36.0,15
25416,71,21.5,40
25416,72,34.8,26
25416,74,10.0,6
25416,76,18.0,35
25417,3,10.0,8
25417,6,25.0,50
25417,11,21.0,33
25417,12,38.0,19
25417,13,6.0,10
25417,15,15.5,22
25417,17,39.0,15
25417,19,9.2,17
25417,21,10.0,35
25417,27,43.9,30
25417,28,45.6,10
25417,31,12.5,10
25417,32,32.0,40
25417,34,14.0,10
25417,35,18.0,14
25417,36,19.0,39
25417,37,26.0,42
25417,39,18.0,41
25417,40,18.4,9
25417,41,9.65,38
25417,43,46.0,24
25417,44,19.45,50
25417,46,12.0,34
25417,48,12.75,33
25417,50,16.25,35
25417,52,7.0,15
25417,53,32.8,41
25417,54,7.45,3
25417,55,24.0,25
25417,58,13.25,4
25417,60,34.0,12
25417,61,28.5,29
25417,62,49.3,13
25417,63,43.9,34
25417,67,14.0,36
25417,68,12.5,21
25417,69,36.0,16
25417,71,21.5,32
25417,73,15.0,4
25417,74,10.0,11
25417,77,13.0,45
25431,1,18.0,20
25431,2,19.0,46
25431,3,10.0,31
25431,4,22.0,18
25431,5,21.35,29
25431,6,25.0,37
25431,9,97.0,49
25431,10,31.0,44
25431,11,21.0,19
25431,13,6.0,45
25431,14,23.25,26
25431,15,15.5,3
25431,16,17.45,29
25431,18,62.5,30
25431,19,9.2,32
25431,21,10.0,44
25431,23,9.0,8
25431,24,4.5,14
25431,34,14.0,21
25431,35,18.0,10
25431,36,19.0,20
25431,38,263.5,16
25431,39,18.0,19
25431,42,14.0,10
25431,43,46.0,13
25431,46,12.0,29
25431,47,9.5,20
25431,53,32.8,20
25431,54,7.45,32
25431,56,38.0,22
25431,57,19.5,24
25431,59,55.0,45
25431,60,34.0,36
25431,62,49.3,37
25431,64,33.25,24
25431,68,12.5,22
25431,69,36.0,18
25431,70,15.0,13
25431,71,21.5,33
25431,72,34.8,8
25440,1,18.0,25
25440,3,10.0,38
25440,5,21.35,24
25440,7,30.0,21
25440,8,40.0,20
25440,10,31.0,36
25440,13,6.0,1
25440,16,17.45,18
25440,17,39.0,1
25440,18,62.5,22
25440,20,81.0,47
25440,22,21.0,11
25440,23,9.0,20
25440,24,4.5,25
25440,25,14.0,19
25440,26,31.23,32
25440,27,43.9,25
25440,28,45.6,38
25440,31,12.5,8
25440,33,2.5,36
25440,34,14.0,45
25440,36,19.0,38
25440,37,26.0,11
25440,38,263.5,35
25440,39,18.0,31
25440,40,18.4,14
25440,43,46.0,18
25440,44,19.45,4
25440,45,9.5,30
25440,46,12.0,44
25440,47,9.5,29
25440,48,12.75,8
25440,49,20.0,3
25440,50,16.25,47
25440,51,53.0,42
25440,52,7.0,31
25440,53,32.8,40
25440,56,38.0,21
25440,57,19.5,46
25440,58,13.25,41
25440,61,28.5,40
25440,64,33.25,48
25440,66,17.0,50
25440,68,12.5,45
25440,71,21.5,41
25440,72,34.8,16
25440,74,10.0,32
25440,76,18.0,48
25461,1,18.0,21
25461,5,21.35,34
25461,20,81.0,25
25461,21,10.0,50
25461,23,9.0,43
25461,24,4.5,15
25461,27,43.9,30
25461,32,32.0,21
25461,34,14.0,6
25461,36,19.0,24
25461,39,18.0,10
25461,45,9.5,13
25461,47,9.5,2
25461,51,53.0,6
25461,56,38.0,43
25461,57,19.5,12
25461,58,13.25,29
25461,59,55.0,9
25461,61,28.5,45
25461,64,33.25,7
25461,74,10.0,7
25461,75,7.75,48
25470,3,10.0,6
25470,4,22.0,2
25470,5,21.35,45
25470,6,25.0,36
25470,8,40.0,20
25470,9,97.0,18
25470,10,31.0,19
25470,11,21.0,45
25470,13,6.0,33
25470,14,23.25,12
25470,17,39.0,46
25470,18,62.5,1
25470,20,81.0,2
25470,21,10.0,1
25470,23,9.0,9
25470,24,4.5,31
25470,25,14.0,6
25470,26,31.23,39
25470,27,43.9,34
25470,29,123.79,34
25470,30,25.89,24
25470,31,12.5,5
25470,36,19.0,2
25470,38,263.5,39
25470,39,18.0,18
25470,40,18.4,48
25470,42,14.0,17
25470,45,9.5,12
25470,46,12.0,33
25470,47,9.5,39
25470,48,12.75,22
25470,50,16.25,16
25470,51,53.0,30
25470,53,32.8,41
25470,54,7.45,31
25470,55,24.0,14
25470,57,19.5,30
25470,59,55.0,37
25470,60,34.0,47
25470,63,43.9,8
25470,65,21.05,49
25470,66,17.0,34
25470,67,14.0,46
25470,70,15.0,40
25470,73,15.0,16
25470,74,10.0,20
25470,75,7.75,37
25527,2,19.0,34
25527,4,22.0,21
25527,9,97.0,27
25527,10,31.0,31
25527,14,23.25,32
25527,15,15.5,18
25527,16,17.45,29
25527,23,9.0,36
25527,27,43.9,32
25527,35,18.0,6
25527,38,263.5,24
25527,39,18.0,32
25527,45,9.5,1
25527,48,12.75,46
25527,49,20.0,1
25527,50,16.25,49
25527,55,24.0,7
25527,58,13.25,47
25527,59,55.0,28
25527,61,28.5,48
25527,62,49.3,1
25527,66,17.0,36
25527,69,36.0,41
25527,70,15.0,4
25527,74,10.0,5
25527,75,7.75,4
25545,3,10.0,18
25545,5,21.35,19
25545,6,25.0,47
25545,12,38.0,29
25545,14,23.25,35
25545,18,62.5,50
25545,33,2.5,20
25545,34,14.0,21
25545,36,19.0,11
25545,37,26.0,19
25545,47,9.5,20
25545,67,14.0,23
25545,68,12.5,28
25545,73,15.0,12
25545,75,7.75,35
25545,76,18.0,6
25564,1,18.0,40
25564,2,19.0,25
25564,5,21.35,35
25564,6,25.0,9
25564,7,30.0,31
25564,9,97.0,26
25564,10,31.0,50
25564,11,21.0,36
25564,12,38.0,30
25564,14,23.25,15
25564,17,39.0,19
25564,18,62.5,49
25564,19,9.2,1
25564,20,81.0,29
25564,22,21.0,16
25564,26,31.23,48
25564,28,45.6,30
25564,30,25.89,4
25564,32,32.0,36
25564,37,26.0,50
25564,38,263.5,8
25564,40,18.4,4
25564,41,9.65,39
25564,44,19.45,21
25564,45,9.5,20
25564,46,12.0,22
25564,47,9.5,10
25564,48,12.75,26
25564,52,7.0,28
25564,54,7.45,33
25564,59,55.0,27
25564,60,34.0,28
25564,61,28.5,29
25564,63,43.9,35
25564,66,17.0,14
25564,69,36.0,40
25564,73,15.0,16
25564,77,13.0,24
25631,1,18.0,50
25631,2,19.0,15
25631,3,10.0,25
25631,4,22.0,42
25631,5,21.35,50
25631,6,25.0,3
25631,7,30.0,38
25631,8,40.0,4
25631,9,97.0,12
25631,10,31.0,31
25631,11,21.0,45
25631,12,38.0,37
25631,13,6.0,20
25631,14,23.25,35
25631,15,15.5,15
25631,16,17.45,10
25631,17,39.0,46
25631,18,62.5,24
25631,19,9.2,16
25631,20,81.0,7
25631,21,10.0,50
25631,22,21.0,10
25631,23,9.0,32
25631,24,4.5,43
25631,25,14.0,16
25631,26,31.23,39
25631,27,43.9,18
25631,28,45.6,13
25631,29,123.79,2
25631,30,25.89,34
25631,31,12.5,28
25631,32,32.0,27
25631,33,2.5,19
25631,34,14.0,24
25631,35,18.0,37
25631,36,19.0,17
25631,37,26.0,2
25631,38,263.5,15
25631,39,18.0,1
25631,40,18.4,40
25631,41,9.65,5
25631,42,14.0,40
25631,43,46.0,34
25631,44,19.45,4
25631,45,9.5,5
25631,46,12.0,16
25631,47,9.5,35
25631,48,12.75,31
25631,49,20.0,41
25631,50,16.25,12
25631,51,53.0,37
25631,52,7.0,36
25631,53,32.8,25
25631,54,7.45,48
25631,55,24.0,22
25631,56,38.0,30
25631,57,19.5,40
25631,58,13.25,11
25631,59,55.0,6
25631,60,34.0,28
25631,61,28.5,17
25631,62,49.3,43
25631,63,43.9,49
25631,64,33.25,1
25631,65,21.05,30
25631,66,17.0,32
25631,67,14.0,48
25631,68,12.5,1
25631,69,36.0,41
25631,70,15.0,10
25631,71,21.5,43
25631,72,34.8,28
25631,73,15.0,18
25631,74,10.0,10
25631,75,7.75,8
25631,76,18.0,48
25631,77,13.0,15
25633,1,18.0,49
25633,2,19.0,14
25633,3,10.0,11
25633,4,22.0,3
25633,5,21.35,8
25633,6,25.0,18
25633,7,30.0,35
25633,9,97.0,23
25633,10,31.0,48
25633,13,6.0,1
25633,14,23.25,32
25633,15,15.5,48
25633,16,17.45,25
25633,18,62.5,27
25633,19,9.2,25
25633,20,81.0,32
25633,21,10.0,45
25633,22,21.0,5
25633,23,9.0,20
25633,24,4.5,23
25633,26,31.23,45
25633,28,45.6,33
25633,29,123.79,16
25633,31,12.5,2
25633,32,32.0,9
25633,33,2.5,8
25633,34,14.0,11
25633,35,18.0,13
25633,36,19.0,28
25633,37,26.0,8
25633,38,263.5,15
25633,41,9.65,18
25633,42,14.0,21
25633,43,46.0,11
25633,44,19.45,5
25633,46,12.0,2
25633,47,9.5,31
25633,48,12.75,37
25633,49,20.0,33
25633,50,16.25,18
25633,51,53.0,47
25633,52,7.0,44
25633,53,32.8,29
25633,54,7.45,36
25633,55,24.0,17
25633,56,38.0,42
25633,57,19.5,12
25633,58,13.25,7
25633,60,34.0,46
25633,61,28.5,20
25633,63,43.9,44
25633,64,33.25,6
25633,65,21.05,21
25633,66,17.0,42
25633,67,14.0,14
25633,68,12.5,8
25633,69,36.0,32
25633,70,15.0,45
25633,71,21.5,36
25633,72,34.8,19
25633,73,15.0,37
25633,74,10.0,22
25633,75,7.75,20
25633,76,18.0,36
25633,77,13.0,11
25645,39,18.0,27
25645,53,32.8,25
25645,73,15.0,29
25685,1,18.0,11
25685,2,19.0,50
25685,3,10.0,48
25685,4,22.0,8
25685,5,21.35,50
25685,6,25.0,50
25685,7,30.0,11
25685,8,40.0,43
25685,9,97.0,48
25685,12,38.0,45
25685,13,6.0,50
25685,14,23.25,29
25685,15,15.5,13
25685,16,17.45,20
25685,17,39.0,25
25685,18,62.5,26
25685,19,9.2,21
25685,20,81.0,45
25685,21,10.0,15
25685,22,21.0,19
25685,23,9.0,39
25685,24,4.5,49
25685,25,14.0,11
25685,26,31.23,6
25685,27,43.9,38
25685,28,45.6,37
25685,29,123.79,31
25685,30,25.89,22
25685,31,12.5,25
25685,32,32.0,11
25685,33,2.5,26
25685,34,14.0,42
25685,35,18.0,14
25685,36,19.0,28
25685,37,26.0,28
25685,38,263.5,36
25685,39,18.0,6
25685,40,18.4,30
25685,41,9.65,29
25685,42,14.0,32
25685,43,46.0,23
25685,44,19.45,27
25685,45,9.5,21
25685,46,12.0,25
25685,47,9.5,29
25685,48,12.75,30
25685,49,20.0,1
25685,50,16.25,6
25685,51,53.0,27
25685,52,7.0,48
25685,54,7.45,10
25685,55,24.0,17
25685,56,38.0,25
25685,57,19.5,12
25685,58,13.25,48
25685,59,55.0,3
25685,60,34.0,8
25685,61,28.5,26
25685,62,49.3,30
25685,63,43.9,13
25685,64,33.25,10
25685,65,21.05,42
25685,66,17.0,11
25685,67,14.0,5
25685,68,12.5,12
25685,69,36.0,30
25685,70,15.0,12
25685,71,21.5,9
25685,72,34.8,19
25685,73,15.0,49
25685,74,10.0,33
25685,75,7.75,44
25685,76,18.0,14
25685,77,13.0,21
25837,1,18.0,18
25837,2,19.0,22
25837,3,10.0,32
25837,4,22.0,29
25837,5,21.35,37
25837,8,40.0,43
25837,9,97.0,32
25837,10,31.0,12
25837,11,21.0,28
25837,12,38.0,37
25837,13,6.0,17
25837,14,23.25,35
25837,15,15.5,49
25837,16,17.45,10
25837,17,39.0,50
25837,18,62.5,49
25837,19,9.2,36
25837,20,81.0,33
25837,21,10.0,50
25837,22,21.0,25
25837,23,9.0,19
25837,24,4.5,1
25837,25,14.0,18
25837,26,31.23,38
25837,27,43.9,30
25837,28,45.6,16
25837,29,123.79,25
25837,30,25.89,32
25837,31,12.5,27
25837,32,32.0,5
25837,33,2.5,18
25837,34,14.0,23
25837,36,19.0,24
25837,37,26.0,29
25837,38,263.5,22
25837,39,18.0,12
25837,40,18.4,27
25837,41,9.65,21
25837,43,46.0,37
25837,44,19.45,18
25837,45,9.5,43
25837,46,12.0,26
25837,47,9.5,3
25837,48,12.75,9
25837,49,20.0,11
25837,50,16.25,3
25837,51,53.0,37
25837,52,7.0,18
25837,53,32.8,30
25837,54,7.45,9
25837,55,24.0,20
25837,56,38.0,36
25837,57,19.5,49
25837,58,13.25,18
25837,59,55.0,21
25837,60,34.0,6
25837,61,28.5,20
25837,62,49.3,31
25837,64,33.25,46
25837,65,21.05,50
25837,66,17.0,50
25837,67,14.0,30
25837,68,12.5,13
25837,69,36.0,34
25837,70,15.0,45
25837,71,21.5,19
25837,72,34.8,19
25837,73,15.0,35
25837,74,10.0,36
25837,75,7.75,11
25837,76,18.0,36
25837,77,13.0,26
25842,2,19.0,16
25842,6,25.0,20
25842,7,30.0,30
25842,10,31.0,27
25842,11,21.0,29
25842,13,6.0,45
25842,14,23.25,9
25842,15,15.5,17
25842,16,17.45,2
25842,18,62.5,46
25842,19,9.2,9
25842,20,81.0,32
25842,23,9.0,31
25842,25,14.0,21
25842,26,31.23,13
25842,31,12.5,22
25842,35,18.0,41
25842,36,19.0,6
25842,37,26.0,32
25842,38,263.5,11
25842,40,18.4,24
25842,42,14.0,7
25842,43,46.0,34
25842,45,9.5,18
25842,47,9.5,25
25842,48,12.75,45
25842,49,20.0,33
25842,51,53.0,12
25842,53,32.8,31
25842,57,19.5,4
25842,58,13.25,49
25842,59,55.0,15
25842,67,14.0,45
25842,70,15.0,35
25842,71,21.5,18
25842,72,34.8,29
25842,73,15.0,7
25842,74,10.0,49
25842,75,7.75,20
25842,76,18.0,22
25872,6,25.0,27
25872,8,40.0,11
25872,9,97.0,30
25872,10,31.0,40
25872,11,21.0,21
25872,15,15.5,40
25872,19,9.2,22
25872,22,21.0,33
25872,29,123.79,26
25872,30,25.89,12
25872,36,19.0,44
25872,38,263.5,49
25872,42,14.0,31
25872,43,46.0,12
25872,44,19.45,38
25872,48,12.75,23
25872,50,16.25,50
25872,53,32.8,32
25872,54,7.45,1
25872,55,24.0,16
25872,58,13.25,29
25872,62,49.3,23
25872,65,21.05,46
25872,68,12.5,36
25872,69,36.0,40
25872,70,15.0,38
25872,73,15.0,15
25872,75,7.75,29
25872,77,13.0,44
25877,1,18.0,49
25877,3,10.0,2
25877,6,25.0,39
25877,7,30.0,35
25877,8,40.0,6
25877,9,97.0,22
25877,12,38.0,29
25877,14,23.25,29
25877,15,15.5,4
25877,16,17.45,30
25877,17,39.0,11
25877,18,62.5,50
25877,19,9.2,15
25877,20,81.0,30
25877,21,10.0,46
25877,22,21.0,43
25877,23,9.0,42
25877,24,4.5,26
25877,27,43.9,41
25877,28,45.6,12
25877,33,2.5,23
25877,36,19.0,41
25877,37,26.0,32
25877,40,18.4,27
25877,42,14.0,10
25877,45,9.5,32
25877,46,12.0,32
25877,48,12.75,20
25877,49,20.0,13
25877,50,16.25,27
25877,53,32.8,8
25877,54,7.45,44
25877,56,38.0,14
25877,57,19.5,16
25877,58,13.25,13
25877,59,55.0,4
25877,60,34.0,6
25877,61,28.5,32
25877,63,43.9,26
25877,64,33.25,17
25877,66,17.0,43
25877,67,14.0,28
25877,68,12.5,13
25877,69,36.0,15
25877,71,21.5,2
25877,73,15.0,34
25877,75,7.75,39
25877,76,18.0,50
25877,77,13.0,17
25960,1,18.0,13
25960,3,10.0,26
25960,4,22.0,50
25960,5,21.35,46
25960,6,25.0,2
25960,7,30.0,50
25960,9,97.0,27
25960,10,31.0,34
25960,11,21.0,29
25960,12,38.0,31
25960,13,6.0,19
25960,14,23.25,25
25960,15,15.5,45
25960,16,17.45,40
25960,18,62.5,35
25960,19,9.2,8
25960,21,10.0,30
25960,22,21.0,39
25960,24,4.5,46
25960,27,43.9,10
25960,28,45.6,42
25960,29,123.79,23
25960,30,25.89,3
25960,31,12.5,18
25960,33,2.5,43
25960,34,14.0,41
25960,35,18.0,47
25960,36,19.0,5
25960,37,26.0,50
25960,39,18.0,33
25960,40,18.4,17
25960,41,9.65,44
25960,42,14.0,13
25960,43,46.0,5
25960,44,19.45,46
25960,45,9.5,3
25960,46,12.0,38
25960,47,9.5,14
25960,49,20.0,27
25960,52,7.0,2
25960,53,32.8,19
25960,54,7.45,3
25960,55,24.0,33
25960,56,38.0,4
25960,57,19.5,14
25960,58,13.25,45
25960,59,55.0,26
25960,60,34.0,7
25960,61,28.5,39
25960,62,49.3,5
25960,63,43.9,35
25960,64,33.25,42
25960,66,17.0,42
25960,67,14.0,32
25960,68,12.5,31
25960,69,36.0,13
25960,71,21.5,16
25960,72,34.8,24
25960,73,15.0,50
25960,74,10.0,31
25960,76,18.0,11
25960,77,13.0,45
25965,9,97.0,37
25965,12,38.0,16
25965,15,15.5,20
25965,25,14.0,7
25965,30,25.89,10
25965,31,12.5,9
25965,35,18.0,6
25965,47,9.5,15
25965,49,20.0,27
25965,50,16.25,11
25965,55,24.0,18
25965,68,12.5,15
25965,73,15.0,26
25965,77,13.0,8
26020,1,18.0,5
26020,2,19.0,34
26020,8,40.0,23
26020,9,97.0,48
26020,11,21.0,30
26020,12,38.0,41
26020,13,6.0,41
26020,14,23.25,12
26020,16,17.45,25
26020,17,39.0,6
26020,18,62.5,14
26020,21,10.0,7
26020,22,21.0,40
26020,23,9.0,14
26020,28,45.6,50
26020,31,12.5,16
26020,32,32.0,13
26020,33,2.5,38
26020,35,18.0,27
26020,36,19.0,10
26020,37,26.0,22
26020,38,263.5,20
26020,39,18.0,11
26020,40,18.4,50
26020,41,9.65,43
26020,43,46.0,32
26020,44,19.45,50
26020,45,9.5,48
26020,46,12.0,9
26020,47,9.5,16
26020,49,20.0,5
26020,50,16.25,50
26020,52,7.0,44
26020,55,24.0,48
26020,56,38.0,20
26020,57,19.5,39
26020,59,55.0,10
26020,60,34.0,36
26020,61,28.5,32
26020,62,49.3,26
26020,63,43.9,16
26020,66,17.0,30
26020,68,12.5,28
26020,69,36.0,35
26020,72,34.8,28
26020,73,15.0,11
26020,76,18.0,33
26020,77,13.0,11
26042,11,21.0,27
26042,14,23.25,37
26042,16,17.45,4
26042,19,9.2,9
26042,49,20.0,1
26042,63,43.9,35
26042,71,21.5,33
26042,74,10.0,4
26054,1,18.0,33
26054,2,19.0,47
26054,4,22.0,26
26054,6,25.0,46
26054,9,97.0,1
26054,10,31.0,17
26054,11,21.0,7
26054,15,15.5,43
26054,16,17.45,9
26054,18,62.5,22
26054,20,81.0,1
26054,21,10.0,44
26054,22,21.0,37
26054,23,9.0,19
26054,25,14.0,40
26054,26,31.23,11
26054,28,45.6,5
26054,31,12.5,35
26054,32,32.0,15
26054,33,2.5,12
26054,34,14.0,27
26054,35,18.0,50
26054,38,263.5,46
26054,42,14.0,38
26054,45,9.5,16
26054,47,9.5,16
26054,51,53.0,2
26054,52,7.0,13
26054,53,32.8,18
26054,54,7.45,5
26054,56,38.0,26
26054,58,13.25,5
26054,59,55.0,50
26054,60,34.0,22
26054,61,28.5,25
26054,62,49.3,30
26054,63,43.9,33
26054,65,21.05,35
26054,66,17.0,28
26054,67,14.0,17
26054,69,36.0,4
26054,71,21.5,25
26054,75,7.75,17
26137,1,18.0,10
26137,2,19.0,48
26137,3,10.0,16
26137,4,22.0,7
26137,5,21.35,33
26137,6,25.0,48
26137,7,30.0,15
26137,8,40.0,12
26137,11,21.0,47
26137,12,38.0,44
26137,13,6.0,45
26137,14,23.25,29
26137,15,15.5,29
26137,16,17.45,15
26137,17,39.0,36
26137,18,62.5,44
26137,19,9.2,15
26137,20,81.0,8
26137,21,10.0,32
26137,22,21.0,24
26137,24,4.5,24
26137,25,14.0,44
26137,26,31.23,5
26137,27,43.9,13
26137,28,45.6,42
26137,29,123.79,47
26137,30,25.89,42
26137,31,12.5,18
26137,32,32.0,15
26137,33,2.5,31
26137,34,14.0,50
26137,37,26.0,29
26137,38,263.5,19
26137,39,18.0,4
26137,40,18.4,23
26137,41,9.65,37
26137,42,14.0,41
26137,43,46.0,26
26137,44,19.45,45
26137,46,12.0,37
26137,47,9.5,23
26137,48,12.75,34
26137,49,20.0,30
26137,50,16.25,50
26137,51,53.0,35
26137,53,32.8,21
26137,56,38.0,16
26137,57,19.5,22
26137,58,13.25,32
26137,59,55.0,18
26137,60,34.0,41
26137,61,28.5,44
26137,62,49.3,4
26137,63,43.9,15
26137,64,33.25,46
26137,65,21.05,5
26137,66,17.0,36
26137,67,14.0,22
26137,68,12.5,8
26137,71,21.5,12
26137,72,34.8,31
26137,74,10.0,49
26141,6,25.0,19
26141,10,31.0,8
26141,42,14.0,23
26156,2,19.0,12
26156,4,22.0,24
26156,5,21.35,33
26156,8,40.0,40
26156,10,31.0,44
26156,14,23.25,4
26156,16,17.45,23
26156,17,39.0,35
26156,19,9.2,32
26156,20,81.0,16
26156,24,4.5,32
26156,25,14.0,28
26156,26,31.23,31
26156,27,43.9,12
26156,28,45.6,11
26156,31,12.5,45
26156,33,2.5,27
26156,34,14.0,43
26156,35,18.0,37
26156,37,26.0,22
26156,38,263.5,4
26156,40,18.4,6
26156,41,9.65,1
26156,42,14.0,21
26156,47,9.5,31
26156,48,12.75,11
26156,49,20.0,26
26156,51,53.0,47
26156,52,7.0,45
26156,53,32.8,5
26156,54,7.45,30
26156,55,24.0,1
26156,56,38.0,28
26156,57,19.5,45
26156,58,13.25,23
26156,59,55.0,41
26156,60,34.0,13
26156,61,28.5,45
26156,62,49.3,29
26156,66,17.0,47
26156,67,14.0,30
26156,68,12.5,3
26156,70,15.0,36
26156,71,21.5,14
26156,74,10.0,27
26156,75,7.75,49
26156,77,13.0,15
26170,2,19.0,5
26170,4,22.0,21
26170,9,97.0,10
26170,13,6.0,29
26170,15,15.5,19
26170,16,17.45,7
26170,17,39.0,40
26170,18,62.5,33
26170,21,10.0,21
26170,27,43.9,27
26170,28,45.6,9
26170,32,32.0,17
26170,33,2.5,28
26170,35,18.0,50
26170,37,26.0,31
26170,38,263.5,27
26170,39,18.0,39
26170,40,18.4,17
26170,48,12.75,18
26170,49,20.0,14
26170,52,7.0,17
26170,53,32.8,13
26170,57,19.5,6
26170,59,55.0,6
26170,61,28.5,23
26170,62,49.3,16
26170,63,43.9,35
26170,69,36.0,4
26170,75,7.75,33
26242,1,18.0,18
26242,2,19.0,3
26242,3,10.0,47
26242,4,22.0,46
26242,5,21.35,11
26242,6,25.0,3
26242,7,30.0,5
26242,10,31.0,15
26242,12,38.0,25
26242,13,6.0,23
26242,14,23.25,47
26242,15,15.5,18
26242,17,39.0,43
26242,20,81.0,39
26242,21,10.0,7
26242,22,21.0,33
26242,23,9.0,39
26242,26,31.23,28
26242,27,43.9,10
26242,28,45.6,14
26242,29,123.79,12
26242,30,25.89,4
26242,31,12.5,48
26242,32,32.0,18
26242,33,2.5,22
26242,34,14.0,6
26242,35,18.0,48
26242,39,18.0,32
26242,43,46.0,12
26242,46,12.0,43
26242,47,9.5,9
26242,50,16.25,34
26242,51,53.0,12
26242,52,7.0,22
26242,53,32.8,16
26242,55,24.0,48
26242,56,38.0,18
26242,58,13.25,7
26242,59,55.0,13
26242,61,28.5,13
26242,62,49.3,19
26242,63,43.9,47
26242,64,33.25,46
26242,65,21.05,8
26242,66,17.0,50
26242,67,14.0,39
26242,69,36.0,24
26242,71,21.5,44
26242,72,34.8,8
26242,73,15.0,16
26242,74,10.0,26
26242,75,7.75,41
26242,76,18.0,20
26261,3,10.0,48
26261,6,25.0,4
26261,7,30.0,44
26261,9,97.0,8
26261,12,38.0,21
26261,15,15.5,5
26261,16,17.45,48
26261,19,9.2,15
26261,28,45.6,20
26261,29,123.79,20
26261,30,25.89,34
26261,31,12.5,12
26261,34,14.0,29
26261,36,19.0,43
26261,39,18.0,21
26261,40,18.4,30
26261,42,14.0,27
26261,43,46.0,1
26261,51,53.0,19
26261,52,7.0,21
26261,54,7.45,30
26261,55,24.0,2
26261,57,19.5,29
26261,62,49.3,7
26261,64,33.25,8
26261,71,21.5,11
26263,2,19.0,26
26263,3,10.0,46
26263,4,22.0,40
26263,6,25.0,48
26263,7,30.0,15
26263,9,97.0,45
26263,10,31.0,30
26263,15,15.5,30
26263,16,17.45,8
26263,17,39.0,28
26263,23,9.0,34
26263,24,4.5,16
26263,25,14.0,5
26263,27,43.9,20
26263,29,123.79,7
26263,30,25.89,23
26263,32,32.0,31
26263,37,26.0,18
26263,43,46.0,7
26263,52,7.0,24
26263,54,7.45,41
26263,66,17.0,40
26263,67,14.0,48
26263,68,12.5,42
26263,70,15.0,35
26263,71,21.5,23
26263,72,34.8,2
26263,74,10.0,18
26263,77,13.0,14
26268,1,18.0,13
26268,2,19.0,12
26268,5,21.35,33
26268,8,40.0,16
26268,10,31.0,37
26268,12,38.0,15
26268,16,17.45,3
26268,17,39.0,27
26268,18,62.5,48
26268,19,9.2,38
26268,21,10.0,7
26268,22,21.0,42
26268,31,12.5,4
26268,34,14.0,34
26268,40,18.4,28
26268,41,9.65,33
26268,44,19.45,34
26268,45,9.5,15
26268,46,12.0,4
26268,48,12.75,38
26268,49,20.0,8
26268,54,7.45,34
26268,55,24.0,30
26268,60,34.0,41
26268,62,49.3,8
26268,64,33.25,10
26268,65,21.05,4
26268,69,36.0,42
26268,70,15.0,33
26268,71,21.5,4
26268,72,34.8,40
26268,76,18.0,11
26340,1,18.0,4
26340,2,19.0,31
26340,3,10.0,40
26340,4,22.0,43
26340,5,21.35,5
26340,6,25.0,16
26340,7,30.0,38
26340,9,97.0,30
26340,10,31.0,10
26340,12,38.0,25
26340,13,6.0,25
26340,14,23.25,2
26340,15,15.5,33
26340,17,39.0,34
26340,18,62.5,20
26340,19,9.2,1
26340,20,81.0,41
26340,21,10.0,46
26340,22,21.0,30
26340,23,9.0,47
26340,24,4.5,42
26340,25,14.0,8
26340,26,31.23,48
26340,27,43.9,19
26340,29,123.79,1
26340,30,25.89,37
26340,31,12.5,15
26340,32,32.0,30
26340,33,2.5,10
26340,34,14.0,6
26340,35,18.0,23
26340,36,19.0,35
26340,37,26.0,20
26340,38,263.5,15
26340,39,18.0,16
26340,40,18.4,34
26340,41,9.65,8
26340,42,14.0,42
26340,44,19.45,34
26340,45,9.5,31
26340,46,12.0,9
26340,47,9.5,23
26340,49,20.0,5
26340,51,53.0,39
26340,52,7.0,19
26340,53,32.8,13
26340,54,7.45,13
26340,55,24.0,47
26340,56,38.0,42
26340,57,19.5,2
26340,58,13.25,5
26340,59,55.0,3
26340,60,34.0,32
26340,62,49.3,13
26340,63,43.9,42
26340,66,17.0,17
26340,67,14.0,1
26340,68,12.5,19
26340,69,36.0,46
26340,70,15.0,34
26340,71,21.5,17
26340,72,34.8,1
26340,73,15.0,2
26340,75,7.75,17
26340,76,18.0,46
26343,1,18.0,16
26343,3,10.0,2
26343,6,25.0,38
26343,7,30.0,33
26343,8,40.0,4
26343,9,97.0,20
26343,10,31.0,38
26343,11,21.0,16
26343,13,6.0,5
26343,14,23.25,35
26343,15,15.5,11
26343,16,17.45,49
26343,17,39.0,45
26343,18,62.5,50
26343,19,9.2,27
26343,20,81.0,47
26343,21,10.0,50
26343,23,9.0,4
26343,24,4.5,2
26343,25,14.0,26
26343,26,31.23,20
26343,27,43.9,21
26343,28,45.6,46
26343,29,123.79,47
26343,32,32.0,30
26343,33,2.5,12
26343,34,14.0,50
26343,35,18.0,46
26343,36,19.0,5
26343,38,263.5,12
26343,39,18.0,23
26343,40,18.4,1
26343,42,14.0,46
26343,44,19.45,16
26343,45,9.5,10
26343,46,12.0,40
26343,47,9.5,17
26343,48,12.75,19
26343,49,20.0,35
26343,50,16.25,24
26343,51,53.0,26
26343,52,7.0,7
26343,53,32.8,13
26343,54,7.45,30
26343,55,24.0,20
26343,57,19.5,30
26343,58,13.25,45
26343,59,55.0,35
26343,60,34.0,3
26343,61,28.5,24
26343,62,49.3,21
26343,65,21.05,31
26343,66,17.0,29
26343,67,14.0,50
26343,68,12.5,9
26343,69,36.0,36
26343,70,15.0,43
26343,71,21.5,41
26343,72,34.8,45
26343,73,15.0,45
26343,76,18.0,19
26343,77,13.0,35
26344,2,19.0,10
26344,5,21.35,7
26344,19,9.2,20
26344,24,4.5,27
26344,25,14.0,36
26344,27,43.9,10
26344,28,45.6,12
26344,32,32.0,8
26344,35,18.0,13
26344,41,9.65,16
26344,42,14.0,38
26344,45,9.5,50
26344,51,53.0,44
26344,52,7.0,50
26344,66,17.0,16
26344,67,14.0,33
26344,69,36.0,36
26344,71,21.5,20
26344,73,15.0,11
26344,74,10.0,40
26364,1,18.0,10
26364,2,19.0,48
26364,3,10.0,49
26364,4,22.0,6
26364,5,21.35,32
26364,6,25.0,23
26364,8,40.0,6
26364,9,97.0,31
26364,10,31.0,9
26364,11,21.0,46
26364,13,6.0,37
26364,14,23.25,38
26364,16,17.45,5
26364,17,39.0,49
26364,18,62.5,43
26364,19,9.2,16
26364,20,81.0,1
26364,21,10.0,47
26364,22,21.0,41
26364,23,9.0,4
26364,24,4.5,33
26364,25,14.0,17
26364,26,31.23,10
26364,27,43.9,37
26364,28,45.6,28
26364,30,25.89,26
26364,31,12.5,26
26364,32,32.0,39
26364,33,2.5,9
26364,34,14.0,19
26364,35,18.0,40
26364,36,19.0,13
26364,37,26.0,22
26364,38,263.5,43
26364,39,18.0,13
26364,40,18.4,32
26364,41,9.65,10
26364,42,14.0,33
26364,43,46.0,5
26364,44,19.45,7
26364,45,9.5,10
26364,46,12.0,20
26364,47,9.5,44
26364,48,12.75,19
26364,49,20.0,7
26364,50,16.25,4
26364,52,7.0,27
26364,53,32.8,12
26364,54,7.45,4
26364,55,24.0,47
26364,56,38.0,23
26364,57,19.5,18
26364,58,13.25,10
26364,59,55.0,45
26364,60,34.0,38
26364,61,28.5,49
26364,62,49.3,26
26364,63,43.9,16
26364,64,33.25,7
26364,65,21.05,17
26364,66,17.0,11
26364,67,14.0,17
26364,68,12.5,2
26364,69,36.0,30
26364,70,15.0,6
26364,71,21.5,5
26364,72,34.8,23
26364,73,15.0,4
26364,74,10.0,24
26364,75,7.75,22
26364,76,18.0,32
26364,77,13.0,15
26411,1,18.0,43
26411,4,22.0,29
26411,13,6.0,42
26411,16,17.45,10
26411,17,39.0,43
26411,18,62.5,17
26411,19,9.2,45
26411,26,31.23,47
26411,27,43.9,1
26411,31,12.5,46
26411,32,32.0,40
26411,42,14.0,19
26411,44,19.45,16
26411,49,20.0,16
26411,50,16.25,46
26411,55,24.0,33
26411,56,38.0,15
26411,57,19.5,4
26411,60,34.0,19
26411,62,49.3,13
26411,65,21.05,29
26411,67,14.0,30
26411,69,36.0,10
26411,71,21.5,16
26415,1,18.0,8
26415,2,19.0,22
26415,3,10.0,11
26415,4,22.0,20
26415,6,25.0,19
26415,7,30.0,6
26415,9,97.0,1
26415,10,31.0,32
26415,14,23.25,39
26415,15,15.5,16
26415,16,17.45,10
26415,17,39.0,12
26415,18,62.5,34
26415,20,81.0,3
26415,21,10.0,15
26415,22,21.0,28
26415,23,9.0,45
26415,24,4.5,4
26415,25,14.0,38
26415,26,31.23,5
26415,27,43.9,22
26415,28,45.6,26
26415,29,123.79,29
26415,30,25.89,33
26415,32,32.0,3
26415,33,2.5,15
26415,34,14.0,10
26415,36,19.0,19
26415,37,26.0,36
26415,39,18.0,18
26415,40,18.4,25
26415,42,14.0,24
26415,46,12.0,23
26415,47,9.5,42
26415,49,20.0,15
26415,50,16.25,48
26415,51,53.0,2
26415,53,32.8,34
26415,54,7.45,49
26415,55,24.0,28
26415,56,38.0,31
26415,57,19.5,42
26415,58,13.25,40
26415,59,55.0,35
26415,60,34.0,25
26415,61,28.5,30
26415,62,49.3,15
26415,63,43.9,8
26415,64,33.25,25
26415,66,17.0,1
26415,67,14.0,30
26415,71,21.5,41
26415,72,34.8,3
26415,74,10.0,49
26415,75,7.75,49
26415,76,18.0,19
26415,77,13.0,33
26419,2,19.0,19
26419,3,10.0,4
26419,5,21.35,46
26419,6,25.0,2
26419,7,30.0,20
26419,9,97.0,18
26419,10,31.0,35
26419,11,21.0,40
26419,12,38.0,28
26419,13,6.0,3
26419,14,23.25,26
26419,16,17.45,9
26419,17,39.0,35
26419,18,62.5,9
26419,19,9.2,27
26419,20,81.0,11
26419,21,10.0,26
26419,22,21.0,31
26419,23,9.0,36
26419,24,4.5,49
26419,25,14.0,24
26419,26,31.23,2
26419,27,43.9,38
26419,28,45.6,1
26419,29,123.79,35
26419,31,12.5,39
26419,32,32.0,17
26419,33,2.5,32
26419,34,14.0,50
26419,35,18.0,24
26419,36,19.0,10
26419,37,26.0,18
26419,38,263.5,29
26419,39,18.0,49
26419,40,18.4,28
26419,41,9.65,18
26419,42,14.0,35
26419,43,46.0,47
26419,44,19.45,5
26419,45,9.5,48
26419,46,12.0,33
26419,47,9.5,37
26419,48,12.75,45
26419,49,20.0,14
26419,50,16.25,48
26419,51,53.0,10
26419,52,7.0,14
26419,53,32.8,46
26419,54,7.45,50
26419,55,24.0,47
26419,56,38.0,47
26419,57,19.5,25
26419,58,13.25,31
26419,59,55.0,8
26419,60,34.0,48
26419,61,28.5,40
26419,62,49.3,39
26419,63,43.9,30
26419,64,33.25,20
26419,65,21.05,43
26419,66,17.0,16
26419,67,14.0,7
26419,68,12.5,29
26419,69,36.0,45
26419,70,15.0,27
26419,71,21.5,6
26419,72,34.8,7
26419,73,15.0,34
26419,74,10.0,24
26419,75,7.75,33
26419,76,18.0,14
26419,77,13.0,24
26447,2,19.0,15
26447,7,30.0,12
26447,13,6.0,48
26447,16,17.45,6
26447,17,39.0,37
26447,19,9.2,28
26447,20,81.0,35
26447,26,31.23,49
26447,27,43.9,25
26447,34,14.0,41
26447,35,18.0,19
26447,36,19.0,47
26447,38,263.5,7
26447,40,18.4,27
26447,53,32.8,17
26447,54,7.45,34
26447,57,19.5,20
26447,60,34.0,24
26447,63,43.9,41
26447,67,14.0,7
26447,70,15.0,29
26447,72,34.8,11
26447,74,10.0,2
26447,77,13.0,13
26452,1,18.0,34
26452,3,10.0,17
26452,6,25.0,2
26452,7,30.0,41
26452,10,31.0,48
26452,11,21.0,29
26452,12,38.0,44
26452,13,6.0,35
26452,14,23.25,27
26452,16,17.45,22
26452,17,39.0,1
26452,20,81.0,5
26452,22,21.0,13
26452,23,9.0,9
26452,25,14.0,19
26452,27,43.9,37
26452,29,123.79,22
26452,30,25.89,6
26452,31,12.5,44
26452,32,32.0,31
26452,33,2.5,48
26452,34,14.0,7
26452,37,26.0,17
26452,40,18.4,25
26452,41,9.65,40
26452,44,19.45,12
26452,45,9.5,49
26452,52,7.0,19
26452,56,38.0,10
26452,57,19.5,10
26452,59,55.0,45
26452,63,43.9,38
26452,65,21.05,50
26452,69,36.0,20
26452,70,15.0,45
26452,71,21.5,24
26452,74,10.0,46
26452,75,7.75,9
26452,76,18.0,38
26459,2,19.0,33
26459,3,10.0,27
26459,5,21.35,32
26459,6,25.0,20
26459,7,30.0,5
26459,10,31.0,40
26459,11,21.0,19
26459,12,38.0,25
26459,13,6.0,7
26459,14,23.25,48
26459,15,15.5,15
26459,16,17.45,18
26459,18,62.5,13
26459,21,10.0,9
26459,23,9.0,40
26459,24,4.5,13
26459,26,31.23,3
26459,29,123.79,9
26459,30,25.89,6
26459,31,12.5,4
26459,32,32.0,21
26459,35,18.0,14
26459,36,19.0,10
26459,37,26.0,30
26459,38,263.5,11
26459,39,18.0,5
26459,40,18.4,12
26459,41,9.65,33
26459,42,14.0,16
26459,43,46.0,9
26459,44,19.45,12
26459,45,9.5,4
26459,46,12.0,38
26459,47,9.5,23
26459,48,12.75,38
26459,50,16.25,47
26459,51,53.0,36
26459,52,7.0,37
26459,54,7.45,7
26459,55,24.0,20
26459,57,19.5,18
26459,60,34.0,37
26459,61,28.5,12
26459,62,49.3,11
26459,63,43.9,4
26459,64,33.25,41
26459,65,21.05,39
26459,67,14.0,33
26459,70,15.0,15
26459,71,21.5,30
26459,72,34.8,26
26459,73,15.0,35
26459,74,10.0,10
26459,75,7.75,14
26459,76,18.0,29
26459,77,13.0,2
26508,1,18.0,32
26508,2,19.0,42
26508,3,10.0,14
26508,10,31.0,43
26508,11,21.0,49
26508,13,6.0,23
26508,14,23.25,16
26508,15,15.5,29
26508,19,9.2,4
26508,20,81.0,28
26508,24,4.5,41
26508,28,45.6,7
26508,30,25.89,29
26508,32,32.0,14
26508,35,18.0,43
26508,37,26.0,6
26508,39,18.0,26
26508,40,18.4,28
26508,42,14.0,46
26508,44,19.45,21
26508,46,12.0,7
26508,48,12.75,16
26508,53,32.8,28
26508,54,7.45,4
26508,59,55.0,35
26508,60,34.0,34
26508,64,33.25,14
26508,65,21.05,14
26508,66,17.0,6
26508,68,12.5,42
26508,69,36.0,2
26508,73,15.0,11
26508,74,10.0,14
26508,75,7.75,29
